Indicator,Group,State,Subgroup,Time Period Label,Time Period End Date,Value
"Delayed Medical Care, Last 4 Weeks",By Age,United States,18 - 29 years,Apr 23 - May 5,05/05/2020,34.8
"Delayed Medical Care, Last 4 Weeks",By Age,United States,30 - 39 years,Apr 23 - May 5,05/05/2020,37.3
"Delayed Medical Care, Last 4 Weeks",By Age,United States,40 - 49 years,Apr 23 - May 5,05/05/2020,40.3
"Delayed Medical Care, Last 4 Weeks",By Age,United States,50 - 59 years,Apr 23 - May 5,05/05/2020,40.7
"Delayed Medical Care, Last 4 Weeks",By Age,United States,60 - 69 years,Apr 23 - May 5,05/05/2020,42.1
"Delayed Medical Care, Last 4 Weeks",By Age,United States,70 - 79 years,Apr 23 - May 5,05/05/2020,38.1
"Delayed Medical Care, Last 4 Weeks",By Age,United States,80 years and above,Apr 23 - May 5,05/05/2020,31.1
"Delayed Medical Care, Last 4 Weeks",By State,Alabama,Alabama,Apr 23 - May 5,05/05/2020,37.6
"Delayed Medical Care, Last 4 Weeks",By State,Alaska,Alaska,Apr 23 - May 5,05/05/2020,42.6
"Delayed Medical Care, Last 4 Weeks",By State,Arizona,Arizona,Apr 23 - May 5,05/05/2020,36.5
"Delayed Medical Care, Last 4 Weeks",By State,Arkansas,Arkansas,Apr 23 - May 5,05/05/2020,41.3
"Delayed Medical Care, Last 4 Weeks",By State,California,California,Apr 23 - May 5,05/05/2020,39.5
"Delayed Medical Care, Last 4 Weeks",By State,Colorado,Colorado,Apr 23 - May 5,05/05/2020,42.2
"Delayed Medical Care, Last 4 Weeks",By State,Connecticut,Connecticut,Apr 23 - May 5,05/05/2020,36.2
"Delayed Medical Care, Last 4 Weeks",By State,Delaware,Delaware,Apr 23 - May 5,05/05/2020,35.7
"Delayed Medical Care, Last 4 Weeks",By State,District of Columbia,District of Columbia,Apr 23 - May 5,05/05/2020,42.7
"Delayed Medical Care, Last 4 Weeks",By State,Florida,Florida,Apr 23 - May 5,05/05/2020,41.3
"Delayed Medical Care, Last 4 Weeks",By State,Georgia,Georgia,Apr 23 - May 5,05/05/2020,40.2
"Delayed Medical Care, Last 4 Weeks",By State,Hawaii,Hawaii,Apr 23 - May 5,05/05/2020,34.7
"Delayed Medical Care, Last 4 Weeks",By State,Idaho,Idaho,Apr 23 - May 5,05/05/2020,33.4
"Delayed Medical Care, Last 4 Weeks",By State,Illinois,Illinois,Apr 23 - May 5,05/05/2020,37.2
"Delayed Medical Care, Last 4 Weeks",By State,Indiana,Indiana,Apr 23 - May 5,05/05/2020,34.2
"Delayed Medical Care, Last 4 Weeks",By State,Iowa,Iowa,Apr 23 - May 5,05/05/2020,35.1
"Delayed Medical Care, Last 4 Weeks",By State,Kansas,Kansas,Apr 23 - May 5,05/05/2020,35.3
"Delayed Medical Care, Last 4 Weeks",By State,Kentucky,Kentucky,Apr 23 - May 5,05/05/2020,38.5
"Delayed Medical Care, Last 4 Weeks",By State,Louisiana,Louisiana,Apr 23 - May 5,05/05/2020,38.1
"Delayed Medical Care, Last 4 Weeks",By State,Maine,Maine,Apr 23 - May 5,05/05/2020,41.1
"Delayed Medical Care, Last 4 Weeks",By State,Maryland,Maryland,Apr 23 - May 5,05/05/2020,44.9
"Delayed Medical Care, Last 4 Weeks",By State,Massachusetts,Massachusetts,Apr 23 - May 5,05/05/2020,38.7
"Delayed Medical Care, Last 4 Weeks",By State,Michigan,Michigan,Apr 23 - May 5,05/05/2020,39.6
"Delayed Medical Care, Last 4 Weeks",By State,Minnesota,Minnesota,Apr 23 - May 5,05/05/2020,41.6
"Delayed Medical Care, Last 4 Weeks",By State,Mississippi,Mississippi,Apr 23 - May 5,05/05/2020,33
"Delayed Medical Care, Last 4 Weeks",By State,Missouri,Missouri,Apr 23 - May 5,05/05/2020,38.5
"Delayed Medical Care, Last 4 Weeks",By State,Montana,Montana,Apr 23 - May 5,05/05/2020,40.2
"Delayed Medical Care, Last 4 Weeks",By State,Nebraska,Nebraska,Apr 23 - May 5,05/05/2020,35.9
"Delayed Medical Care, Last 4 Weeks",By State,Nevada,Nevada,Apr 23 - May 5,05/05/2020,41.5
"Delayed Medical Care, Last 4 Weeks",By State,New Hampshire,New Hampshire,Apr 23 - May 5,05/05/2020,37.8
"Delayed Medical Care, Last 4 Weeks",By State,New Jersey,New Jersey,Apr 23 - May 5,05/05/2020,37.9
"Delayed Medical Care, Last 4 Weeks",By State,New Mexico,New Mexico,Apr 23 - May 5,05/05/2020,40.2
"Delayed Medical Care, Last 4 Weeks",By State,New York,New York,Apr 23 - May 5,05/05/2020,40.6
"Delayed Medical Care, Last 4 Weeks",By State,North Carolina,North Carolina,Apr 23 - May 5,05/05/2020,34.6
"Delayed Medical Care, Last 4 Weeks",By State,North Dakota,North Dakota,Apr 23 - May 5,05/05/2020,30.4
"Delayed Medical Care, Last 4 Weeks",By State,Ohio,Ohio,Apr 23 - May 5,05/05/2020,37.9
"Delayed Medical Care, Last 4 Weeks",By State,Oklahoma,Oklahoma,Apr 23 - May 5,05/05/2020,39.8
"Delayed Medical Care, Last 4 Weeks",By State,Oregon,Oregon,Apr 23 - May 5,05/05/2020,42
"Delayed Medical Care, Last 4 Weeks",By State,Pennsylvania,Pennsylvania,Apr 23 - May 5,05/05/2020,38.2
"Delayed Medical Care, Last 4 Weeks",By State,Rhode Island,Rhode Island,Apr 23 - May 5,05/05/2020,39.3
"Delayed Medical Care, Last 4 Weeks",By State,South Carolina,South Carolina,Apr 23 - May 5,05/05/2020,38.6
"Delayed Medical Care, Last 4 Weeks",By State,South Dakota,South Dakota,Apr 23 - May 5,05/05/2020,40.6
"Delayed Medical Care, Last 4 Weeks",By State,Tennessee,Tennessee,Apr 23 - May 5,05/05/2020,38.7
"Delayed Medical Care, Last 4 Weeks",By State,Texas,Texas,Apr 23 - May 5,05/05/2020,34.5
"Delayed Medical Care, Last 4 Weeks",By State,Utah,Utah,Apr 23 - May 5,05/05/2020,40.4
"Delayed Medical Care, Last 4 Weeks",By State,Vermont,Vermont,Apr 23 - May 5,05/05/2020,44.1
"Delayed Medical Care, Last 4 Weeks",By State,Virginia,Virginia,Apr 23 - May 5,05/05/2020,42.5
"Delayed Medical Care, Last 4 Weeks",By State,Washington,Washington,Apr 23 - May 5,05/05/2020,43.1
"Delayed Medical Care, Last 4 Weeks",By State,West Virginia,West Virginia,Apr 23 - May 5,05/05/2020,38.9
"Delayed Medical Care, Last 4 Weeks",By State,Wisconsin,Wisconsin,Apr 23 - May 5,05/05/2020,38.7
"Delayed Medical Care, Last 4 Weeks",By State,Wyoming,Wyoming,Apr 23 - May 5,05/05/2020,33
"Did Not Get Needed Care, Last 4 Weeks",By Age,United States,18 - 29 years,Apr 23 - May 5,05/05/2020,28.9
"Did Not Get Needed Care, Last 4 Weeks",By Age,United States,30 - 39 years,Apr 23 - May 5,05/05/2020,29.8
"Did Not Get Needed Care, Last 4 Weeks",By Age,United States,40 - 49 years,Apr 23 - May 5,05/05/2020,34.1
"Did Not Get Needed Care, Last 4 Weeks",By Age,United States,50 - 59 years,Apr 23 - May 5,05/05/2020,34.4
"Did Not Get Needed Care, Last 4 Weeks",By Age,United States,60 - 69 years,Apr 23 - May 5,05/05/2020,33.5
"Did Not Get Needed Care, Last 4 Weeks",By Age,United States,70 - 79 years,Apr 23 - May 5,05/05/2020,29.5
"Did Not Get Needed Care, Last 4 Weeks",By Age,United States,80 years and above,Apr 23 - May 5,05/05/2020,24.6
"Did Not Get Needed Care, Last 4 Weeks",By State,Alabama,Alabama,Apr 23 - May 5,05/05/2020,33.5
"Did Not Get Needed Care, Last 4 Weeks",By State,Alaska,Alaska,Apr 23 - May 5,05/05/2020,33
"Did Not Get Needed Care, Last 4 Weeks",By State,Arizona,Arizona,Apr 23 - May 5,05/05/2020,31.1
"Did Not Get Needed Care, Last 4 Weeks",By State,Arkansas,Arkansas,Apr 23 - May 5,05/05/2020,29.4
"Did Not Get Needed Care, Last 4 Weeks",By State,California,California,Apr 23 - May 5,05/05/2020,31.3
"Did Not Get Needed Care, Last 4 Weeks",By State,Colorado,Colorado,Apr 23 - May 5,05/05/2020,31.5
"Did Not Get Needed Care, Last 4 Weeks",By State,Connecticut,Connecticut,Apr 23 - May 5,05/05/2020,31.1
"Did Not Get Needed Care, Last 4 Weeks",By State,Delaware,Delaware,Apr 23 - May 5,05/05/2020,29.7
"Did Not Get Needed Care, Last 4 Weeks",By State,District of Columbia,District of Columbia,Apr 23 - May 5,05/05/2020,32
"Did Not Get Needed Care, Last 4 Weeks",By State,Florida,Florida,Apr 23 - May 5,05/05/2020,30.9
"Did Not Get Needed Care, Last 4 Weeks",By State,Georgia,Georgia,Apr 23 - May 5,05/05/2020,34.7
"Did Not Get Needed Care, Last 4 Weeks",By State,Hawaii,Hawaii,Apr 23 - May 5,05/05/2020,29.4
"Did Not Get Needed Care, Last 4 Weeks",By State,Idaho,Idaho,Apr 23 - May 5,05/05/2020,29.5
"Did Not Get Needed Care, Last 4 Weeks",By State,Illinois,Illinois,Apr 23 - May 5,05/05/2020,31.1
"Did Not Get Needed Care, Last 4 Weeks",By State,Indiana,Indiana,Apr 23 - May 5,05/05/2020,29.9
"Did Not Get Needed Care, Last 4 Weeks",By State,Iowa,Iowa,Apr 23 - May 5,05/05/2020,28.6
"Did Not Get Needed Care, Last 4 Weeks",By State,Kansas,Kansas,Apr 23 - May 5,05/05/2020,28.1
"Did Not Get Needed Care, Last 4 Weeks",By State,Kentucky,Kentucky,Apr 23 - May 5,05/05/2020,32.4
"Did Not Get Needed Care, Last 4 Weeks",By State,Louisiana,Louisiana,Apr 23 - May 5,05/05/2020,36.3
"Did Not Get Needed Care, Last 4 Weeks",By State,Maine,Maine,Apr 23 - May 5,05/05/2020,31.5
"Did Not Get Needed Care, Last 4 Weeks",By State,Maryland,Maryland,Apr 23 - May 5,05/05/2020,36.4
"Did Not Get Needed Care, Last 4 Weeks",By State,Massachusetts,Massachusetts,Apr 23 - May 5,05/05/2020,29.8
"Did Not Get Needed Care, Last 4 Weeks",By State,Michigan,Michigan,Apr 23 - May 5,05/05/2020,31.8
"Did Not Get Needed Care, Last 4 Weeks",By State,Minnesota,Minnesota,Apr 23 - May 5,05/05/2020,31.7
"Did Not Get Needed Care, Last 4 Weeks",By State,Mississippi,Mississippi,Apr 23 - May 5,05/05/2020,31.3
"Did Not Get Needed Care, Last 4 Weeks",By State,Missouri,Missouri,Apr 23 - May 5,05/05/2020,32.5
"Did Not Get Needed Care, Last 4 Weeks",By State,Montana,Montana,Apr 23 - May 5,05/05/2020,35.9
"Did Not Get Needed Care, Last 4 Weeks",By State,Nebraska,Nebraska,Apr 23 - May 5,05/05/2020,24
"Did Not Get Needed Care, Last 4 Weeks",By State,Nevada,Nevada,Apr 23 - May 5,05/05/2020,33.3
"Did Not Get Needed Care, Last 4 Weeks",By State,New Hampshire,New Hampshire,Apr 23 - May 5,05/05/2020,32.5
"Did Not Get Needed Care, Last 4 Weeks",By State,New Jersey,New Jersey,Apr 23 - May 5,05/05/2020,32.1
"Did Not Get Needed Care, Last 4 Weeks",By State,New Mexico,New Mexico,Apr 23 - May 5,05/05/2020,32.7
"Did Not Get Needed Care, Last 4 Weeks",By State,New York,New York,Apr 23 - May 5,05/05/2020,30.8
"Did Not Get Needed Care, Last 4 Weeks",By State,North Carolina,North Carolina,Apr 23 - May 5,05/05/2020,28.9
"Did Not Get Needed Care, Last 4 Weeks",By State,North Dakota,North Dakota,Apr 23 - May 5,05/05/2020,20.6
"Did Not Get Needed Care, Last 4 Weeks",By State,Ohio,Ohio,Apr 23 - May 5,05/05/2020,27.7
"Did Not Get Needed Care, Last 4 Weeks",By State,Oklahoma,Oklahoma,Apr 23 - May 5,05/05/2020,36.2
"Did Not Get Needed Care, Last 4 Weeks",By State,Oregon,Oregon,Apr 23 - May 5,05/05/2020,34.3
"Did Not Get Needed Care, Last 4 Weeks",By State,Pennsylvania,Pennsylvania,Apr 23 - May 5,05/05/2020,29.9
"Did Not Get Needed Care, Last 4 Weeks",By State,Rhode Island,Rhode Island,Apr 23 - May 5,05/05/2020,30.5
"Did Not Get Needed Care, Last 4 Weeks",By State,South Carolina,South Carolina,Apr 23 - May 5,05/05/2020,35
"Did Not Get Needed Care, Last 4 Weeks",By State,South Dakota,South Dakota,Apr 23 - May 5,05/05/2020,32.3
"Did Not Get Needed Care, Last 4 Weeks",By State,Tennessee,Tennessee,Apr 23 - May 5,05/05/2020,32.5
"Did Not Get Needed Care, Last 4 Weeks",By State,Texas,Texas,Apr 23 - May 5,05/05/2020,32.4
"Did Not Get Needed Care, Last 4 Weeks",By State,Utah,Utah,Apr 23 - May 5,05/05/2020,29.1
"Did Not Get Needed Care, Last 4 Weeks",By State,Vermont,Vermont,Apr 23 - May 5,05/05/2020,33.5
"Did Not Get Needed Care, Last 4 Weeks",By State,Virginia,Virginia,Apr 23 - May 5,05/05/2020,35.1
"Did Not Get Needed Care, Last 4 Weeks",By State,Washington,Washington,Apr 23 - May 5,05/05/2020,34.9
"Did Not Get Needed Care, Last 4 Weeks",By State,West Virginia,West Virginia,Apr 23 - May 5,05/05/2020,32.4
"Did Not Get Needed Care, Last 4 Weeks",By State,Wisconsin,Wisconsin,Apr 23 - May 5,05/05/2020,33.2
"Did Not Get Needed Care, Last 4 Weeks",By State,Wyoming,Wyoming,Apr 23 - May 5,05/05/2020,30
"Delayed Medical Care, Last 4 Weeks",By Age,United States,18 - 29 years,May 7 - May 12,05/12/2020,38.3
"Delayed Medical Care, Last 4 Weeks",By Age,United States,30 - 39 years,May 7 - May 12,05/12/2020,41.2
"Delayed Medical Care, Last 4 Weeks",By Age,United States,40 - 49 years,May 7 - May 12,05/12/2020,42.3
"Delayed Medical Care, Last 4 Weeks",By Age,United States,50 - 59 years,May 7 - May 12,05/12/2020,43.7
"Delayed Medical Care, Last 4 Weeks",By Age,United States,60 - 69 years,May 7 - May 12,05/12/2020,40.2
"Delayed Medical Care, Last 4 Weeks",By Age,United States,70 - 79 years,May 7 - May 12,05/12/2020,38.2
"Delayed Medical Care, Last 4 Weeks",By Age,United States,80 years and above,May 7 - May 12,05/12/2020,43.9
"Delayed Medical Care, Last 4 Weeks",By State,Alabama,Alabama,May 7 - May 12,05/12/2020,38.5
"Delayed Medical Care, Last 4 Weeks",By State,Alaska,Alaska,May 7 - May 12,05/12/2020,45
"Delayed Medical Care, Last 4 Weeks",By State,Arizona,Arizona,May 7 - May 12,05/12/2020,46.6
"Delayed Medical Care, Last 4 Weeks",By State,Arkansas,Arkansas,May 7 - May 12,05/12/2020,40.8
"Delayed Medical Care, Last 4 Weeks",By State,California,California,May 7 - May 12,05/12/2020,38.3
"Delayed Medical Care, Last 4 Weeks",By State,Colorado,Colorado,May 7 - May 12,05/12/2020,41.6
"Delayed Medical Care, Last 4 Weeks",By State,Connecticut,Connecticut,May 7 - May 12,05/12/2020,40.5
"Delayed Medical Care, Last 4 Weeks",By State,Delaware,Delaware,May 7 - May 12,05/12/2020,37
"Delayed Medical Care, Last 4 Weeks",By State,District of Columbia,District of Columbia,May 7 - May 12,05/12/2020,42.1
"Delayed Medical Care, Last 4 Weeks",By State,Florida,Florida,May 7 - May 12,05/12/2020,38.5
"Delayed Medical Care, Last 4 Weeks",By State,Georgia,Georgia,May 7 - May 12,05/12/2020,45.1
"Delayed Medical Care, Last 4 Weeks",By State,Hawaii,Hawaii,May 7 - May 12,05/12/2020,41
"Delayed Medical Care, Last 4 Weeks",By State,Idaho,Idaho,May 7 - May 12,05/12/2020,36.5
"Delayed Medical Care, Last 4 Weeks",By State,Illinois,Illinois,May 7 - May 12,05/12/2020,41.4
"Delayed Medical Care, Last 4 Weeks",By State,Indiana,Indiana,May 7 - May 12,05/12/2020,44.9
"Delayed Medical Care, Last 4 Weeks",By State,Iowa,Iowa,May 7 - May 12,05/12/2020,36.7
"Delayed Medical Care, Last 4 Weeks",By State,Kansas,Kansas,May 7 - May 12,05/12/2020,38.2
"Delayed Medical Care, Last 4 Weeks",By State,Kentucky,Kentucky,May 7 - May 12,05/12/2020,40.6
"Delayed Medical Care, Last 4 Weeks",By State,Louisiana,Louisiana,May 7 - May 12,05/12/2020,45.2
"Delayed Medical Care, Last 4 Weeks",By State,Maine,Maine,May 7 - May 12,05/12/2020,46.8
"Delayed Medical Care, Last 4 Weeks",By State,Maryland,Maryland,May 7 - May 12,05/12/2020,40.5
"Delayed Medical Care, Last 4 Weeks",By State,Massachusetts,Massachusetts,May 7 - May 12,05/12/2020,37.2
"Delayed Medical Care, Last 4 Weeks",By State,Michigan,Michigan,May 7 - May 12,05/12/2020,40.5
"Delayed Medical Care, Last 4 Weeks",By State,Minnesota,Minnesota,May 7 - May 12,05/12/2020,43.3
"Delayed Medical Care, Last 4 Weeks",By State,Mississippi,Mississippi,May 7 - May 12,05/12/2020,39.6
"Delayed Medical Care, Last 4 Weeks",By State,Missouri,Missouri,May 7 - May 12,05/12/2020,36.4
"Delayed Medical Care, Last 4 Weeks",By State,Montana,Montana,May 7 - May 12,05/12/2020,45.8
"Delayed Medical Care, Last 4 Weeks",By State,Nebraska,Nebraska,May 7 - May 12,05/12/2020,45.1
"Delayed Medical Care, Last 4 Weeks",By State,Nevada,Nevada,May 7 - May 12,05/12/2020,43
"Delayed Medical Care, Last 4 Weeks",By State,New Hampshire,New Hampshire,May 7 - May 12,05/12/2020,40.9
"Delayed Medical Care, Last 4 Weeks",By State,New Jersey,New Jersey,May 7 - May 12,05/12/2020,43.7
"Delayed Medical Care, Last 4 Weeks",By State,New Mexico,New Mexico,May 7 - May 12,05/12/2020,40.3
"Delayed Medical Care, Last 4 Weeks",By State,New York,New York,May 7 - May 12,05/12/2020,43
"Delayed Medical Care, Last 4 Weeks",By State,North Carolina,North Carolina,May 7 - May 12,05/12/2020,41.3
"Delayed Medical Care, Last 4 Weeks",By State,North Dakota,North Dakota,May 7 - May 12,05/12/2020,42.6
"Delayed Medical Care, Last 4 Weeks",By State,Ohio,Ohio,May 7 - May 12,05/12/2020,41.5
"Delayed Medical Care, Last 4 Weeks",By State,Oklahoma,Oklahoma,May 7 - May 12,05/12/2020,36.2
"Delayed Medical Care, Last 4 Weeks",By State,Oregon,Oregon,May 7 - May 12,05/12/2020,52.6
"Delayed Medical Care, Last 4 Weeks",By State,Pennsylvania,Pennsylvania,May 7 - May 12,05/12/2020,43.2
"Delayed Medical Care, Last 4 Weeks",By State,Rhode Island,Rhode Island,May 7 - May 12,05/12/2020,43.2
"Delayed Medical Care, Last 4 Weeks",By State,South Carolina,South Carolina,May 7 - May 12,05/12/2020,42.1
"Delayed Medical Care, Last 4 Weeks",By State,South Dakota,South Dakota,May 7 - May 12,05/12/2020,38
"Delayed Medical Care, Last 4 Weeks",By State,Tennessee,Tennessee,May 7 - May 12,05/12/2020,44.8
"Delayed Medical Care, Last 4 Weeks",By State,Texas,Texas,May 7 - May 12,05/12/2020,37.3
"Delayed Medical Care, Last 4 Weeks",By State,Utah,Utah,May 7 - May 12,05/12/2020,36.3
"Delayed Medical Care, Last 4 Weeks",By State,Vermont,Vermont,May 7 - May 12,05/12/2020,45.3
"Delayed Medical Care, Last 4 Weeks",By State,Virginia,Virginia,May 7 - May 12,05/12/2020,47.3
"Delayed Medical Care, Last 4 Weeks",By State,Washington,Washington,May 7 - May 12,05/12/2020,44.9
"Delayed Medical Care, Last 4 Weeks",By State,West Virginia,West Virginia,May 7 - May 12,05/12/2020,42.3
"Delayed Medical Care, Last 4 Weeks",By State,Wisconsin,Wisconsin,May 7 - May 12,05/12/2020,40.4
"Delayed Medical Care, Last 4 Weeks",By State,Wyoming,Wyoming,May 7 - May 12,05/12/2020,42.9
"Did Not Get Needed Care, Last 4 Weeks",By Age,United States,18 - 29 years,May 7 - May 12,05/12/2020,31.7
"Did Not Get Needed Care, Last 4 Weeks",By Age,United States,30 - 39 years,May 7 - May 12,05/12/2020,32.4
"Did Not Get Needed Care, Last 4 Weeks",By Age,United States,40 - 49 years,May 7 - May 12,05/12/2020,36.6
"Did Not Get Needed Care, Last 4 Weeks",By Age,United States,50 - 59 years,May 7 - May 12,05/12/2020,37.5
"Did Not Get Needed Care, Last 4 Weeks",By Age,United States,60 - 69 years,May 7 - May 12,05/12/2020,31
"Did Not Get Needed Care, Last 4 Weeks",By Age,United States,70 - 79 years,May 7 - May 12,05/12/2020,29.6
"Did Not Get Needed Care, Last 4 Weeks",By Age,United States,80 years and above,May 7 - May 12,05/12/2020,32.9
"Did Not Get Needed Care, Last 4 Weeks",By State,Alabama,Alabama,May 7 - May 12,05/12/2020,33.1
"Did Not Get Needed Care, Last 4 Weeks",By State,Alaska,Alaska,May 7 - May 12,05/12/2020,33
"Did Not Get Needed Care, Last 4 Weeks",By State,Arizona,Arizona,May 7 - May 12,05/12/2020,39.3
"Did Not Get Needed Care, Last 4 Weeks",By State,Arkansas,Arkansas,May 7 - May 12,05/12/2020,30.4
"Did Not Get Needed Care, Last 4 Weeks",By State,California,California,May 7 - May 12,05/12/2020,32.7
"Did Not Get Needed Care, Last 4 Weeks",By State,Colorado,Colorado,May 7 - May 12,05/12/2020,36
"Did Not Get Needed Care, Last 4 Weeks",By State,Connecticut,Connecticut,May 7 - May 12,05/12/2020,35.5
"Did Not Get Needed Care, Last 4 Weeks",By State,Delaware,Delaware,May 7 - May 12,05/12/2020,31.4
"Did Not Get Needed Care, Last 4 Weeks",By State,District of Columbia,District of Columbia,May 7 - May 12,05/12/2020,26.6
"Did Not Get Needed Care, Last 4 Weeks",By State,Florida,Florida,May 7 - May 12,05/12/2020,33.4
"Did Not Get Needed Care, Last 4 Weeks",By State,Georgia,Georgia,May 7 - May 12,05/12/2020,40.3
"Did Not Get Needed Care, Last 4 Weeks",By State,Hawaii,Hawaii,May 7 - May 12,05/12/2020,32.3
"Did Not Get Needed Care, Last 4 Weeks",By State,Idaho,Idaho,May 7 - May 12,05/12/2020,25.8
"Did Not Get Needed Care, Last 4 Weeks",By State,Illinois,Illinois,May 7 - May 12,05/12/2020,34.3
"Did Not Get Needed Care, Last 4 Weeks",By State,Indiana,Indiana,May 7 - May 12,05/12/2020,33.5
"Did Not Get Needed Care, Last 4 Weeks",By State,Iowa,Iowa,May 7 - May 12,05/12/2020,31.6
"Did Not Get Needed Care, Last 4 Weeks",By State,Kansas,Kansas,May 7 - May 12,05/12/2020,24.2
"Did Not Get Needed Care, Last 4 Weeks",By State,Kentucky,Kentucky,May 7 - May 12,05/12/2020,40
"Did Not Get Needed Care, Last 4 Weeks",By State,Louisiana,Louisiana,May 7 - May 12,05/12/2020,34.9
"Did Not Get Needed Care, Last 4 Weeks",By State,Maine,Maine,May 7 - May 12,05/12/2020,41.1
"Did Not Get Needed Care, Last 4 Weeks",By State,Maryland,Maryland,May 7 - May 12,05/12/2020,34.2
"Did Not Get Needed Care, Last 4 Weeks",By State,Massachusetts,Massachusetts,May 7 - May 12,05/12/2020,29
"Did Not Get Needed Care, Last 4 Weeks",By State,Michigan,Michigan,May 7 - May 12,05/12/2020,33.7
"Did Not Get Needed Care, Last 4 Weeks",By State,Minnesota,Minnesota,May 7 - May 12,05/12/2020,33.5
"Did Not Get Needed Care, Last 4 Weeks",By State,Mississippi,Mississippi,May 7 - May 12,05/12/2020,32.2
"Did Not Get Needed Care, Last 4 Weeks",By State,Missouri,Missouri,May 7 - May 12,05/12/2020,30.8
"Did Not Get Needed Care, Last 4 Weeks",By State,Montana,Montana,May 7 - May 12,05/12/2020,40.6
"Did Not Get Needed Care, Last 4 Weeks",By State,Nebraska,Nebraska,May 7 - May 12,05/12/2020,28.4
"Did Not Get Needed Care, Last 4 Weeks",By State,Nevada,Nevada,May 7 - May 12,05/12/2020,36.7
"Did Not Get Needed Care, Last 4 Weeks",By State,New Hampshire,New Hampshire,May 7 - May 12,05/12/2020,33.1
"Did Not Get Needed Care, Last 4 Weeks",By State,New Jersey,New Jersey,May 7 - May 12,05/12/2020,38
"Did Not Get Needed Care, Last 4 Weeks",By State,New Mexico,New Mexico,May 7 - May 12,05/12/2020,36.2
"Did Not Get Needed Care, Last 4 Weeks",By State,New York,New York,May 7 - May 12,05/12/2020,34.7
"Did Not Get Needed Care, Last 4 Weeks",By State,North Carolina,North Carolina,May 7 - May 12,05/12/2020,32.3
"Did Not Get Needed Care, Last 4 Weeks",By State,North Dakota,North Dakota,May 7 - May 12,05/12/2020,30.1
"Did Not Get Needed Care, Last 4 Weeks",By State,Ohio,Ohio,May 7 - May 12,05/12/2020,33.1
"Did Not Get Needed Care, Last 4 Weeks",By State,Oklahoma,Oklahoma,May 7 - May 12,05/12/2020,29.5
"Did Not Get Needed Care, Last 4 Weeks",By State,Oregon,Oregon,May 7 - May 12,05/12/2020,40
"Did Not Get Needed Care, Last 4 Weeks",By State,Pennsylvania,Pennsylvania,May 7 - May 12,05/12/2020,30.9
"Did Not Get Needed Care, Last 4 Weeks",By State,Rhode Island,Rhode Island,May 7 - May 12,05/12/2020,31.4
"Did Not Get Needed Care, Last 4 Weeks",By State,South Carolina,South Carolina,May 7 - May 12,05/12/2020,34.3
"Did Not Get Needed Care, Last 4 Weeks",By State,South Dakota,South Dakota,May 7 - May 12,05/12/2020,28.4
"Did Not Get Needed Care, Last 4 Weeks",By State,Tennessee,Tennessee,May 7 - May 12,05/12/2020,36.2
"Did Not Get Needed Care, Last 4 Weeks",By State,Texas,Texas,May 7 - May 12,05/12/2020,29.2
"Did Not Get Needed Care, Last 4 Weeks",By State,Utah,Utah,May 7 - May 12,05/12/2020,24.3
"Did Not Get Needed Care, Last 4 Weeks",By State,Vermont,Vermont,May 7 - May 12,05/12/2020,32
"Did Not Get Needed Care, Last 4 Weeks",By State,Virginia,Virginia,May 7 - May 12,05/12/2020,38.6
"Did Not Get Needed Care, Last 4 Weeks",By State,Washington,Washington,May 7 - May 12,05/12/2020,35.4
"Did Not Get Needed Care, Last 4 Weeks",By State,West Virginia,West Virginia,May 7 - May 12,05/12/2020,34
"Did Not Get Needed Care, Last 4 Weeks",By State,Wisconsin,Wisconsin,May 7 - May 12,05/12/2020,33
"Did Not Get Needed Care, Last 4 Weeks",By State,Wyoming,Wyoming,May 7 - May 12,05/12/2020,32
"Delayed Medical Care, Last 4 Weeks",By Age,United States,18 - 29 years,May 14 - May 19,05/19/2020,36.6
"Delayed Medical Care, Last 4 Weeks",By Age,United States,30 - 39 years,May 14 - May 19,05/19/2020,40.4
"Delayed Medical Care, Last 4 Weeks",By Age,United States,40 - 49 years,May 14 - May 19,05/19/2020,41.9
"Delayed Medical Care, Last 4 Weeks",By Age,United States,50 - 59 years,May 14 - May 19,05/19/2020,44
"Delayed Medical Care, Last 4 Weeks",By Age,United States,60 - 69 years,May 14 - May 19,05/19/2020,42.7
"Delayed Medical Care, Last 4 Weeks",By Age,United States,70 - 79 years,May 14 - May 19,05/19/2020,37.3
"Delayed Medical Care, Last 4 Weeks",By Age,United States,80 years and above,May 14 - May 19,05/19/2020,38
"Delayed Medical Care, Last 4 Weeks",By State,Alabama,Alabama,May 14 - May 19,05/19/2020,38.9
"Delayed Medical Care, Last 4 Weeks",By State,Alaska,Alaska,May 14 - May 19,05/19/2020,46.7
"Delayed Medical Care, Last 4 Weeks",By State,Arizona,Arizona,May 14 - May 19,05/19/2020,38.8
"Delayed Medical Care, Last 4 Weeks",By State,Arkansas,Arkansas,May 14 - May 19,05/19/2020,36
"Delayed Medical Care, Last 4 Weeks",By State,California,California,May 14 - May 19,05/19/2020,41.4
"Delayed Medical Care, Last 4 Weeks",By State,Colorado,Colorado,May 14 - May 19,05/19/2020,41.8
"Delayed Medical Care, Last 4 Weeks",By State,Connecticut,Connecticut,May 14 - May 19,05/19/2020,40.3
"Delayed Medical Care, Last 4 Weeks",By State,Delaware,Delaware,May 14 - May 19,05/19/2020,31.5
"Delayed Medical Care, Last 4 Weeks",By State,District of Columbia,District of Columbia,May 14 - May 19,05/19/2020,38.6
"Delayed Medical Care, Last 4 Weeks",By State,Florida,Florida,May 14 - May 19,05/19/2020,40.9
"Delayed Medical Care, Last 4 Weeks",By State,Georgia,Georgia,May 14 - May 19,05/19/2020,42.5
"Delayed Medical Care, Last 4 Weeks",By State,Hawaii,Hawaii,May 14 - May 19,05/19/2020,34.7
"Delayed Medical Care, Last 4 Weeks",By State,Idaho,Idaho,May 14 - May 19,05/19/2020,33.5
"Delayed Medical Care, Last 4 Weeks",By State,Illinois,Illinois,May 14 - May 19,05/19/2020,43.5
"Delayed Medical Care, Last 4 Weeks",By State,Indiana,Indiana,May 14 - May 19,05/19/2020,44.2
"Delayed Medical Care, Last 4 Weeks",By State,Iowa,Iowa,May 14 - May 19,05/19/2020,37.6
"Delayed Medical Care, Last 4 Weeks",By State,Kansas,Kansas,May 14 - May 19,05/19/2020,36.6
"Delayed Medical Care, Last 4 Weeks",By State,Kentucky,Kentucky,May 14 - May 19,05/19/2020,42.9
"Delayed Medical Care, Last 4 Weeks",By State,Louisiana,Louisiana,May 14 - May 19,05/19/2020,39.3
"Delayed Medical Care, Last 4 Weeks",By State,Maine,Maine,May 14 - May 19,05/19/2020,49.5
"Delayed Medical Care, Last 4 Weeks",By State,Maryland,Maryland,May 14 - May 19,05/19/2020,41.9
"Delayed Medical Care, Last 4 Weeks",By State,Massachusetts,Massachusetts,May 14 - May 19,05/19/2020,40.8
"Delayed Medical Care, Last 4 Weeks",By State,Michigan,Michigan,May 14 - May 19,05/19/2020,41.7
"Delayed Medical Care, Last 4 Weeks",By State,Minnesota,Minnesota,May 14 - May 19,05/19/2020,37.2
"Delayed Medical Care, Last 4 Weeks",By State,Mississippi,Mississippi,May 14 - May 19,05/19/2020,41.1
"Delayed Medical Care, Last 4 Weeks",By State,Missouri,Missouri,May 14 - May 19,05/19/2020,40
"Delayed Medical Care, Last 4 Weeks",By State,Montana,Montana,May 14 - May 19,05/19/2020,45.9
"Delayed Medical Care, Last 4 Weeks",By State,Nebraska,Nebraska,May 14 - May 19,05/19/2020,43.8
"Delayed Medical Care, Last 4 Weeks",By State,Nevada,Nevada,May 14 - May 19,05/19/2020,37.9
"Delayed Medical Care, Last 4 Weeks",By State,New Hampshire,New Hampshire,May 14 - May 19,05/19/2020,42.5
"Delayed Medical Care, Last 4 Weeks",By State,New Jersey,New Jersey,May 14 - May 19,05/19/2020,47
"Delayed Medical Care, Last 4 Weeks",By State,New Mexico,New Mexico,May 14 - May 19,05/19/2020,43.6
"Delayed Medical Care, Last 4 Weeks",By State,New York,New York,May 14 - May 19,05/19/2020,42.7
"Delayed Medical Care, Last 4 Weeks",By State,North Carolina,North Carolina,May 14 - May 19,05/19/2020,38.4
"Delayed Medical Care, Last 4 Weeks",By State,North Dakota,North Dakota,May 14 - May 19,05/19/2020,34.2
"Delayed Medical Care, Last 4 Weeks",By State,Ohio,Ohio,May 14 - May 19,05/19/2020,42
"Delayed Medical Care, Last 4 Weeks",By State,Oklahoma,Oklahoma,May 14 - May 19,05/19/2020,33.5
"Delayed Medical Care, Last 4 Weeks",By State,Oregon,Oregon,May 14 - May 19,05/19/2020,48.7
"Delayed Medical Care, Last 4 Weeks",By State,Pennsylvania,Pennsylvania,May 14 - May 19,05/19/2020,37.5
"Delayed Medical Care, Last 4 Weeks",By State,Rhode Island,Rhode Island,May 14 - May 19,05/19/2020,38.9
"Delayed Medical Care, Last 4 Weeks",By State,South Carolina,South Carolina,May 14 - May 19,05/19/2020,39.2
"Delayed Medical Care, Last 4 Weeks",By State,South Dakota,South Dakota,May 14 - May 19,05/19/2020,36.9
"Delayed Medical Care, Last 4 Weeks",By State,Tennessee,Tennessee,May 14 - May 19,05/19/2020,41.1
"Delayed Medical Care, Last 4 Weeks",By State,Texas,Texas,May 14 - May 19,05/19/2020,37.9
"Delayed Medical Care, Last 4 Weeks",By State,Utah,Utah,May 14 - May 19,05/19/2020,34.8
"Delayed Medical Care, Last 4 Weeks",By State,Vermont,Vermont,May 14 - May 19,05/19/2020,49.9
"Delayed Medical Care, Last 4 Weeks",By State,Virginia,Virginia,May 14 - May 19,05/19/2020,40.3
"Delayed Medical Care, Last 4 Weeks",By State,Washington,Washington,May 14 - May 19,05/19/2020,43.7
"Delayed Medical Care, Last 4 Weeks",By State,West Virginia,West Virginia,May 14 - May 19,05/19/2020,31.2
"Delayed Medical Care, Last 4 Weeks",By State,Wisconsin,Wisconsin,May 14 - May 19,05/19/2020,39.2
"Delayed Medical Care, Last 4 Weeks",By State,Wyoming,Wyoming,May 14 - May 19,05/19/2020,46.4
"Did Not Get Needed Care, Last 4 Weeks",By Age,United States,18 - 29 years,May 14 - May 19,05/19/2020,30
"Did Not Get Needed Care, Last 4 Weeks",By Age,United States,30 - 39 years,May 14 - May 19,05/19/2020,31.9
"Did Not Get Needed Care, Last 4 Weeks",By Age,United States,40 - 49 years,May 14 - May 19,05/19/2020,34.7
"Did Not Get Needed Care, Last 4 Weeks",By Age,United States,50 - 59 years,May 14 - May 19,05/19/2020,36
"Did Not Get Needed Care, Last 4 Weeks",By Age,United States,60 - 69 years,May 14 - May 19,05/19/2020,33.2
"Did Not Get Needed Care, Last 4 Weeks",By Age,United States,70 - 79 years,May 14 - May 19,05/19/2020,30.1
"Did Not Get Needed Care, Last 4 Weeks",By Age,United States,80 years and above,May 14 - May 19,05/19/2020,31.4
"Did Not Get Needed Care, Last 4 Weeks",By State,Alabama,Alabama,May 14 - May 19,05/19/2020,32.8
"Did Not Get Needed Care, Last 4 Weeks",By State,Alaska,Alaska,May 14 - May 19,05/19/2020,36
"Did Not Get Needed Care, Last 4 Weeks",By State,Arizona,Arizona,May 14 - May 19,05/19/2020,36.9
"Did Not Get Needed Care, Last 4 Weeks",By State,Arkansas,Arkansas,May 14 - May 19,05/19/2020,30.2
"Did Not Get Needed Care, Last 4 Weeks",By State,California,California,May 14 - May 19,05/19/2020,33.8
"Did Not Get Needed Care, Last 4 Weeks",By State,Colorado,Colorado,May 14 - May 19,05/19/2020,32.9
"Did Not Get Needed Care, Last 4 Weeks",By State,Connecticut,Connecticut,May 14 - May 19,05/19/2020,36.7
"Did Not Get Needed Care, Last 4 Weeks",By State,Delaware,Delaware,May 14 - May 19,05/19/2020,28.7
"Did Not Get Needed Care, Last 4 Weeks",By State,District of Columbia,District of Columbia,May 14 - May 19,05/19/2020,25.5
"Did Not Get Needed Care, Last 4 Weeks",By State,Florida,Florida,May 14 - May 19,05/19/2020,30
"Did Not Get Needed Care, Last 4 Weeks",By State,Georgia,Georgia,May 14 - May 19,05/19/2020,32.8
"Did Not Get Needed Care, Last 4 Weeks",By State,Hawaii,Hawaii,May 14 - May 19,05/19/2020,30.8
"Did Not Get Needed Care, Last 4 Weeks",By State,Idaho,Idaho,May 14 - May 19,05/19/2020,28.7
"Did Not Get Needed Care, Last 4 Weeks",By State,Illinois,Illinois,May 14 - May 19,05/19/2020,32.9
"Did Not Get Needed Care, Last 4 Weeks",By State,Indiana,Indiana,May 14 - May 19,05/19/2020,32.7
"Did Not Get Needed Care, Last 4 Weeks",By State,Iowa,Iowa,May 14 - May 19,05/19/2020,26
"Did Not Get Needed Care, Last 4 Weeks",By State,Kansas,Kansas,May 14 - May 19,05/19/2020,30.2
"Did Not Get Needed Care, Last 4 Weeks",By State,Kentucky,Kentucky,May 14 - May 19,05/19/2020,32.6
"Did Not Get Needed Care, Last 4 Weeks",By State,Louisiana,Louisiana,May 14 - May 19,05/19/2020,38.3
"Did Not Get Needed Care, Last 4 Weeks",By State,Maine,Maine,May 14 - May 19,05/19/2020,44.6
"Did Not Get Needed Care, Last 4 Weeks",By State,Maryland,Maryland,May 14 - May 19,05/19/2020,34.1
"Did Not Get Needed Care, Last 4 Weeks",By State,Massachusetts,Massachusetts,May 14 - May 19,05/19/2020,32.8
"Did Not Get Needed Care, Last 4 Weeks",By State,Michigan,Michigan,May 14 - May 19,05/19/2020,36.8
"Did Not Get Needed Care, Last 4 Weeks",By State,Minnesota,Minnesota,May 14 - May 19,05/19/2020,28.4
"Did Not Get Needed Care, Last 4 Weeks",By State,Mississippi,Mississippi,May 14 - May 19,05/19/2020,39.8
"Did Not Get Needed Care, Last 4 Weeks",By State,Missouri,Missouri,May 14 - May 19,05/19/2020,35.7
"Did Not Get Needed Care, Last 4 Weeks",By State,Montana,Montana,May 14 - May 19,05/19/2020,36.5
"Did Not Get Needed Care, Last 4 Weeks",By State,Nebraska,Nebraska,May 14 - May 19,05/19/2020,31.5
"Did Not Get Needed Care, Last 4 Weeks",By State,Nevada,Nevada,May 14 - May 19,05/19/2020,29.9
"Did Not Get Needed Care, Last 4 Weeks",By State,New Hampshire,New Hampshire,May 14 - May 19,05/19/2020,35.2
"Did Not Get Needed Care, Last 4 Weeks",By State,New Jersey,New Jersey,May 14 - May 19,05/19/2020,38.8
"Did Not Get Needed Care, Last 4 Weeks",By State,New Mexico,New Mexico,May 14 - May 19,05/19/2020,37.6
"Did Not Get Needed Care, Last 4 Weeks",By State,New York,New York,May 14 - May 19,05/19/2020,28.8
"Did Not Get Needed Care, Last 4 Weeks",By State,North Carolina,North Carolina,May 14 - May 19,05/19/2020,30.6
"Did Not Get Needed Care, Last 4 Weeks",By State,North Dakota,North Dakota,May 14 - May 19,05/19/2020,28.6
"Did Not Get Needed Care, Last 4 Weeks",By State,Ohio,Ohio,May 14 - May 19,05/19/2020,37.9
"Did Not Get Needed Care, Last 4 Weeks",By State,Oklahoma,Oklahoma,May 14 - May 19,05/19/2020,28
"Did Not Get Needed Care, Last 4 Weeks",By State,Oregon,Oregon,May 14 - May 19,05/19/2020,35.2
"Did Not Get Needed Care, Last 4 Weeks",By State,Pennsylvania,Pennsylvania,May 14 - May 19,05/19/2020,33
"Did Not Get Needed Care, Last 4 Weeks",By State,Rhode Island,Rhode Island,May 14 - May 19,05/19/2020,27.7
"Did Not Get Needed Care, Last 4 Weeks",By State,South Carolina,South Carolina,May 14 - May 19,05/19/2020,33.5
"Did Not Get Needed Care, Last 4 Weeks",By State,South Dakota,South Dakota,May 14 - May 19,05/19/2020,29
"Did Not Get Needed Care, Last 4 Weeks",By State,Tennessee,Tennessee,May 14 - May 19,05/19/2020,34.3
"Did Not Get Needed Care, Last 4 Weeks",By State,Texas,Texas,May 14 - May 19,05/19/2020,30.8
"Did Not Get Needed Care, Last 4 Weeks",By State,Utah,Utah,May 14 - May 19,05/19/2020,27.8
"Did Not Get Needed Care, Last 4 Weeks",By State,Vermont,Vermont,May 14 - May 19,05/19/2020,35.9
"Did Not Get Needed Care, Last 4 Weeks",By State,Virginia,Virginia,May 14 - May 19,05/19/2020,31.2
"Did Not Get Needed Care, Last 4 Weeks",By State,Washington,Washington,May 14 - May 19,05/19/2020,36.2
"Did Not Get Needed Care, Last 4 Weeks",By State,West Virginia,West Virginia,May 14 - May 19,05/19/2020,27
"Did Not Get Needed Care, Last 4 Weeks",By State,Wisconsin,Wisconsin,May 14 - May 19,05/19/2020,30.5
"Did Not Get Needed Care, Last 4 Weeks",By State,Wyoming,Wyoming,May 14 - May 19,05/19/2020,36.7
"Delayed Medical Care, Last 4 Weeks",By Age,United States,18 - 29 years,May 21 - May 26,05/26/2020,34
"Delayed Medical Care, Last 4 Weeks",By Age,United States,30 - 39 years,May 21 - May 26,05/26/2020,39.9
"Delayed Medical Care, Last 4 Weeks",By Age,United States,40 - 49 years,May 21 - May 26,05/26/2020,42.6
"Delayed Medical Care, Last 4 Weeks",By Age,United States,50 - 59 years,May 21 - May 26,05/26/2020,44.7
"Delayed Medical Care, Last 4 Weeks",By Age,United States,60 - 69 years,May 21 - May 26,05/26/2020,43.2
"Delayed Medical Care, Last 4 Weeks",By Age,United States,70 - 79 years,May 21 - May 26,05/26/2020,37.8
"Delayed Medical Care, Last 4 Weeks",By Age,United States,80 years and above,May 21 - May 26,05/26/2020,41.2
"Delayed Medical Care, Last 4 Weeks",By State,Alabama,Alabama,May 21 - May 26,05/26/2020,34.6
"Delayed Medical Care, Last 4 Weeks",By State,Alaska,Alaska,May 21 - May 26,05/26/2020,45.2
"Delayed Medical Care, Last 4 Weeks",By State,Arizona,Arizona,May 21 - May 26,05/26/2020,41.5
"Delayed Medical Care, Last 4 Weeks",By State,Arkansas,Arkansas,May 21 - May 26,05/26/2020,37.5
"Delayed Medical Care, Last 4 Weeks",By State,California,California,May 21 - May 26,05/26/2020,41
"Delayed Medical Care, Last 4 Weeks",By State,Colorado,Colorado,May 21 - May 26,05/26/2020,41.4
"Delayed Medical Care, Last 4 Weeks",By State,Connecticut,Connecticut,May 21 - May 26,05/26/2020,43.1
"Delayed Medical Care, Last 4 Weeks",By State,Delaware,Delaware,May 21 - May 26,05/26/2020,30.7
"Delayed Medical Care, Last 4 Weeks",By State,District of Columbia,District of Columbia,May 21 - May 26,05/26/2020,38.9
"Delayed Medical Care, Last 4 Weeks",By State,Florida,Florida,May 21 - May 26,05/26/2020,40.4
"Delayed Medical Care, Last 4 Weeks",By State,Georgia,Georgia,May 21 - May 26,05/26/2020,44.3
"Delayed Medical Care, Last 4 Weeks",By State,Hawaii,Hawaii,May 21 - May 26,05/26/2020,36.8
"Delayed Medical Care, Last 4 Weeks",By State,Idaho,Idaho,May 21 - May 26,05/26/2020,34
"Delayed Medical Care, Last 4 Weeks",By State,Illinois,Illinois,May 21 - May 26,05/26/2020,44.1
"Delayed Medical Care, Last 4 Weeks",By State,Indiana,Indiana,May 21 - May 26,05/26/2020,42.7
"Delayed Medical Care, Last 4 Weeks",By State,Iowa,Iowa,May 21 - May 26,05/26/2020,37.2
"Delayed Medical Care, Last 4 Weeks",By State,Kansas,Kansas,May 21 - May 26,05/26/2020,34.2
"Delayed Medical Care, Last 4 Weeks",By State,Kentucky,Kentucky,May 21 - May 26,05/26/2020,37.5
"Delayed Medical Care, Last 4 Weeks",By State,Louisiana,Louisiana,May 21 - May 26,05/26/2020,46.1
"Delayed Medical Care, Last 4 Weeks",By State,Maine,Maine,May 21 - May 26,05/26/2020,50.9
"Delayed Medical Care, Last 4 Weeks",By State,Maryland,Maryland,May 21 - May 26,05/26/2020,39.5
"Delayed Medical Care, Last 4 Weeks",By State,Massachusetts,Massachusetts,May 21 - May 26,05/26/2020,42.9
"Delayed Medical Care, Last 4 Weeks",By State,Michigan,Michigan,May 21 - May 26,05/26/2020,43.5
"Delayed Medical Care, Last 4 Weeks",By State,Minnesota,Minnesota,May 21 - May 26,05/26/2020,41.8
"Delayed Medical Care, Last 4 Weeks",By State,Mississippi,Mississippi,May 21 - May 26,05/26/2020,44.9
"Delayed Medical Care, Last 4 Weeks",By State,Missouri,Missouri,May 21 - May 26,05/26/2020,36.3
"Delayed Medical Care, Last 4 Weeks",By State,Montana,Montana,May 21 - May 26,05/26/2020,36.8
"Delayed Medical Care, Last 4 Weeks",By State,Nebraska,Nebraska,May 21 - May 26,05/26/2020,37.7
"Delayed Medical Care, Last 4 Weeks",By State,Nevada,Nevada,May 21 - May 26,05/26/2020,38.6
"Delayed Medical Care, Last 4 Weeks",By State,New Hampshire,New Hampshire,May 21 - May 26,05/26/2020,42.7
"Delayed Medical Care, Last 4 Weeks",By State,New Jersey,New Jersey,May 21 - May 26,05/26/2020,41.1
"Delayed Medical Care, Last 4 Weeks",By State,New Mexico,New Mexico,May 21 - May 26,05/26/2020,40.2
"Delayed Medical Care, Last 4 Weeks",By State,New York,New York,May 21 - May 26,05/26/2020,40.3
"Delayed Medical Care, Last 4 Weeks",By State,North Carolina,North Carolina,May 21 - May 26,05/26/2020,42.3
"Delayed Medical Care, Last 4 Weeks",By State,North Dakota,North Dakota,May 21 - May 26,05/26/2020,31.2
"Delayed Medical Care, Last 4 Weeks",By State,Ohio,Ohio,May 21 - May 26,05/26/2020,38.4
"Delayed Medical Care, Last 4 Weeks",By State,Oklahoma,Oklahoma,May 21 - May 26,05/26/2020,40.7
"Delayed Medical Care, Last 4 Weeks",By State,Oregon,Oregon,May 21 - May 26,05/26/2020,43.7
"Delayed Medical Care, Last 4 Weeks",By State,Pennsylvania,Pennsylvania,May 21 - May 26,05/26/2020,40.9
"Delayed Medical Care, Last 4 Weeks",By State,Rhode Island,Rhode Island,May 21 - May 26,05/26/2020,37.9
"Delayed Medical Care, Last 4 Weeks",By State,South Carolina,South Carolina,May 21 - May 26,05/26/2020,36.4
"Delayed Medical Care, Last 4 Weeks",By State,South Dakota,South Dakota,May 21 - May 26,05/26/2020,35.6
"Delayed Medical Care, Last 4 Weeks",By State,Tennessee,Tennessee,May 21 - May 26,05/26/2020,39
"Delayed Medical Care, Last 4 Weeks",By State,Texas,Texas,May 21 - May 26,05/26/2020,39.6
"Delayed Medical Care, Last 4 Weeks",By State,Utah,Utah,May 21 - May 26,05/26/2020,36
"Delayed Medical Care, Last 4 Weeks",By State,Vermont,Vermont,May 21 - May 26,05/26/2020,41.6
"Delayed Medical Care, Last 4 Weeks",By State,Virginia,Virginia,May 21 - May 26,05/26/2020,40.8
"Delayed Medical Care, Last 4 Weeks",By State,Washington,Washington,May 21 - May 26,05/26/2020,40.6
"Delayed Medical Care, Last 4 Weeks",By State,West Virginia,West Virginia,May 21 - May 26,05/26/2020,39.9
"Delayed Medical Care, Last 4 Weeks",By State,Wisconsin,Wisconsin,May 21 - May 26,05/26/2020,42.6
"Delayed Medical Care, Last 4 Weeks",By State,Wyoming,Wyoming,May 21 - May 26,05/26/2020,40
"Did Not Get Needed Care, Last 4 Weeks",By Age,United States,18 - 29 years,May 21 - May 26,05/26/2020,27.2
"Did Not Get Needed Care, Last 4 Weeks",By Age,United States,30 - 39 years,May 21 - May 26,05/26/2020,31.2
"Did Not Get Needed Care, Last 4 Weeks",By Age,United States,40 - 49 years,May 21 - May 26,05/26/2020,35.4
"Did Not Get Needed Care, Last 4 Weeks",By Age,United States,50 - 59 years,May 21 - May 26,05/26/2020,38
"Did Not Get Needed Care, Last 4 Weeks",By Age,United States,60 - 69 years,May 21 - May 26,05/26/2020,33.1
"Did Not Get Needed Care, Last 4 Weeks",By Age,United States,70 - 79 years,May 21 - May 26,05/26/2020,30.8
"Did Not Get Needed Care, Last 4 Weeks",By Age,United States,80 years and above,May 21 - May 26,05/26/2020,34.8
"Did Not Get Needed Care, Last 4 Weeks",By State,Alabama,Alabama,May 21 - May 26,05/26/2020,28.8
"Did Not Get Needed Care, Last 4 Weeks",By State,Alaska,Alaska,May 21 - May 26,05/26/2020,38.3
"Did Not Get Needed Care, Last 4 Weeks",By State,Arizona,Arizona,May 21 - May 26,05/26/2020,36.2
"Did Not Get Needed Care, Last 4 Weeks",By State,Arkansas,Arkansas,May 21 - May 26,05/26/2020,32.5
"Did Not Get Needed Care, Last 4 Weeks",By State,California,California,May 21 - May 26,05/26/2020,32.8
"Did Not Get Needed Care, Last 4 Weeks",By State,Colorado,Colorado,May 21 - May 26,05/26/2020,32.7
"Did Not Get Needed Care, Last 4 Weeks",By State,Connecticut,Connecticut,May 21 - May 26,05/26/2020,33.6
"Did Not Get Needed Care, Last 4 Weeks",By State,Delaware,Delaware,May 21 - May 26,05/26/2020,30.7
"Did Not Get Needed Care, Last 4 Weeks",By State,District of Columbia,District of Columbia,May 21 - May 26,05/26/2020,29.9
"Did Not Get Needed Care, Last 4 Weeks",By State,Florida,Florida,May 21 - May 26,05/26/2020,33
"Did Not Get Needed Care, Last 4 Weeks",By State,Georgia,Georgia,May 21 - May 26,05/26/2020,33.8
"Did Not Get Needed Care, Last 4 Weeks",By State,Hawaii,Hawaii,May 21 - May 26,05/26/2020,26.8
"Did Not Get Needed Care, Last 4 Weeks",By State,Idaho,Idaho,May 21 - May 26,05/26/2020,26.5
"Did Not Get Needed Care, Last 4 Weeks",By State,Illinois,Illinois,May 21 - May 26,05/26/2020,35.7
"Did Not Get Needed Care, Last 4 Weeks",By State,Indiana,Indiana,May 21 - May 26,05/26/2020,33.8
"Did Not Get Needed Care, Last 4 Weeks",By State,Iowa,Iowa,May 21 - May 26,05/26/2020,28
"Did Not Get Needed Care, Last 4 Weeks",By State,Kansas,Kansas,May 21 - May 26,05/26/2020,31.1
"Did Not Get Needed Care, Last 4 Weeks",By State,Kentucky,Kentucky,May 21 - May 26,05/26/2020,35.6
"Did Not Get Needed Care, Last 4 Weeks",By State,Louisiana,Louisiana,May 21 - May 26,05/26/2020,38.1
"Did Not Get Needed Care, Last 4 Weeks",By State,Maine,Maine,May 21 - May 26,05/26/2020,38.8
"Did Not Get Needed Care, Last 4 Weeks",By State,Maryland,Maryland,May 21 - May 26,05/26/2020,33
"Did Not Get Needed Care, Last 4 Weeks",By State,Massachusetts,Massachusetts,May 21 - May 26,05/26/2020,33.1
"Did Not Get Needed Care, Last 4 Weeks",By State,Michigan,Michigan,May 21 - May 26,05/26/2020,37.8
"Did Not Get Needed Care, Last 4 Weeks",By State,Minnesota,Minnesota,May 21 - May 26,05/26/2020,32.2
"Did Not Get Needed Care, Last 4 Weeks",By State,Mississippi,Mississippi,May 21 - May 26,05/26/2020,35.2
"Did Not Get Needed Care, Last 4 Weeks",By State,Missouri,Missouri,May 21 - May 26,05/26/2020,29.6
"Did Not Get Needed Care, Last 4 Weeks",By State,Montana,Montana,May 21 - May 26,05/26/2020,30.9
"Did Not Get Needed Care, Last 4 Weeks",By State,Nebraska,Nebraska,May 21 - May 26,05/26/2020,26
"Did Not Get Needed Care, Last 4 Weeks",By State,Nevada,Nevada,May 21 - May 26,05/26/2020,34.4
"Did Not Get Needed Care, Last 4 Weeks",By State,New Hampshire,New Hampshire,May 21 - May 26,05/26/2020,36.7
"Did Not Get Needed Care, Last 4 Weeks",By State,New Jersey,New Jersey,May 21 - May 26,05/26/2020,34
"Did Not Get Needed Care, Last 4 Weeks",By State,New Mexico,New Mexico,May 21 - May 26,05/26/2020,36.4
"Did Not Get Needed Care, Last 4 Weeks",By State,New York,New York,May 21 - May 26,05/26/2020,33.8
"Did Not Get Needed Care, Last 4 Weeks",By State,North Carolina,North Carolina,May 21 - May 26,05/26/2020,31.3
"Did Not Get Needed Care, Last 4 Weeks",By State,North Dakota,North Dakota,May 21 - May 26,05/26/2020,24.4
"Did Not Get Needed Care, Last 4 Weeks",By State,Ohio,Ohio,May 21 - May 26,05/26/2020,27.6
"Did Not Get Needed Care, Last 4 Weeks",By State,Oklahoma,Oklahoma,May 21 - May 26,05/26/2020,32.8
"Did Not Get Needed Care, Last 4 Weeks",By State,Oregon,Oregon,May 21 - May 26,05/26/2020,33.5
"Did Not Get Needed Care, Last 4 Weeks",By State,Pennsylvania,Pennsylvania,May 21 - May 26,05/26/2020,32.8
"Did Not Get Needed Care, Last 4 Weeks",By State,Rhode Island,Rhode Island,May 21 - May 26,05/26/2020,27.3
"Did Not Get Needed Care, Last 4 Weeks",By State,South Carolina,South Carolina,May 21 - May 26,05/26/2020,29.1
"Did Not Get Needed Care, Last 4 Weeks",By State,South Dakota,South Dakota,May 21 - May 26,05/26/2020,27.7
"Did Not Get Needed Care, Last 4 Weeks",By State,Tennessee,Tennessee,May 21 - May 26,05/26/2020,30.2
"Did Not Get Needed Care, Last 4 Weeks",By State,Texas,Texas,May 21 - May 26,05/26/2020,33
"Did Not Get Needed Care, Last 4 Weeks",By State,Utah,Utah,May 21 - May 26,05/26/2020,28.2
"Did Not Get Needed Care, Last 4 Weeks",By State,Vermont,Vermont,May 21 - May 26,05/26/2020,31.5
"Did Not Get Needed Care, Last 4 Weeks",By State,Virginia,Virginia,May 21 - May 26,05/26/2020,32.2
"Did Not Get Needed Care, Last 4 Weeks",By State,Washington,Washington,May 21 - May 26,05/26/2020,32.6
"Did Not Get Needed Care, Last 4 Weeks",By State,West Virginia,West Virginia,May 21 - May 26,05/26/2020,35.4
"Did Not Get Needed Care, Last 4 Weeks",By State,Wisconsin,Wisconsin,May 21 - May 26,05/26/2020,35.2
"Did Not Get Needed Care, Last 4 Weeks",By State,Wyoming,Wyoming,May 21 - May 26,05/26/2020,38.5
"Delayed Medical Care, Last 4 Weeks",By State,Montana,Montana,Jun 9 - Jun 21,06/21/2021,13.2
"Delayed Medical Care, Last 4 Weeks",By Age,United States,18 - 29 years,May 28 - June 2,06/02/2020,35.5
"Delayed Medical Care, Last 4 Weeks",By Age,United States,30 - 39 years,May 28 - June 2,06/02/2020,41.6
"Delayed Medical Care, Last 4 Weeks",By Age,United States,40 - 49 years,May 28 - June 2,06/02/2020,43
"Delayed Medical Care, Last 4 Weeks",By Age,United States,50 - 59 years,May 28 - June 2,06/02/2020,45.7
"Delayed Medical Care, Last 4 Weeks",By Age,United States,60 - 69 years,May 28 - June 2,06/02/2020,43
"Delayed Medical Care, Last 4 Weeks",By Age,United States,70 - 79 years,May 28 - June 2,06/02/2020,38.3
"Delayed Medical Care, Last 4 Weeks",By Age,United States,80 years and above,May 28 - June 2,06/02/2020,35.6
"Delayed Medical Care, Last 4 Weeks",By State,Alabama,Alabama,May 28 - June 2,06/02/2020,37.7
"Delayed Medical Care, Last 4 Weeks",By State,Alaska,Alaska,May 28 - June 2,06/02/2020,47.5
"Delayed Medical Care, Last 4 Weeks",By State,Arizona,Arizona,May 28 - June 2,06/02/2020,37.8
"Delayed Medical Care, Last 4 Weeks",By State,Arkansas,Arkansas,May 28 - June 2,06/02/2020,39.3
"Delayed Medical Care, Last 4 Weeks",By State,California,California,May 28 - June 2,06/02/2020,42.7
"Delayed Medical Care, Last 4 Weeks",By State,Colorado,Colorado,May 28 - June 2,06/02/2020,42.2
"Delayed Medical Care, Last 4 Weeks",By State,Connecticut,Connecticut,May 28 - June 2,06/02/2020,42.5
"Delayed Medical Care, Last 4 Weeks",By State,Delaware,Delaware,May 28 - June 2,06/02/2020,38.9
"Delayed Medical Care, Last 4 Weeks",By State,District of Columbia,District of Columbia,May 28 - June 2,06/02/2020,44
"Delayed Medical Care, Last 4 Weeks",By State,Florida,Florida,May 28 - June 2,06/02/2020,42.7
"Delayed Medical Care, Last 4 Weeks",By State,Georgia,Georgia,May 28 - June 2,06/02/2020,41.1
"Delayed Medical Care, Last 4 Weeks",By State,Hawaii,Hawaii,May 28 - June 2,06/02/2020,33.9
"Delayed Medical Care, Last 4 Weeks",By State,Idaho,Idaho,May 28 - June 2,06/02/2020,36.7
"Delayed Medical Care, Last 4 Weeks",By State,Illinois,Illinois,May 28 - June 2,06/02/2020,44
"Delayed Medical Care, Last 4 Weeks",By State,Indiana,Indiana,May 28 - June 2,06/02/2020,42.2
"Delayed Medical Care, Last 4 Weeks",By State,Iowa,Iowa,May 28 - June 2,06/02/2020,37.8
"Delayed Medical Care, Last 4 Weeks",By State,Kansas,Kansas,May 28 - June 2,06/02/2020,34.4
"Delayed Medical Care, Last 4 Weeks",By State,Kentucky,Kentucky,May 28 - June 2,06/02/2020,42.6
"Delayed Medical Care, Last 4 Weeks",By State,Louisiana,Louisiana,May 28 - June 2,06/02/2020,40.4
"Delayed Medical Care, Last 4 Weeks",By State,Maine,Maine,May 28 - June 2,06/02/2020,42.7
"Delayed Medical Care, Last 4 Weeks",By State,Maryland,Maryland,May 28 - June 2,06/02/2020,40.1
"Delayed Medical Care, Last 4 Weeks",By State,Massachusetts,Massachusetts,May 28 - June 2,06/02/2020,44.1
"Delayed Medical Care, Last 4 Weeks",By State,Michigan,Michigan,May 28 - June 2,06/02/2020,43.3
"Delayed Medical Care, Last 4 Weeks",By State,Minnesota,Minnesota,May 28 - June 2,06/02/2020,45.7
"Delayed Medical Care, Last 4 Weeks",By State,Mississippi,Mississippi,May 28 - June 2,06/02/2020,47.8
"Delayed Medical Care, Last 4 Weeks",By State,Missouri,Missouri,May 28 - June 2,06/02/2020,36.7
"Delayed Medical Care, Last 4 Weeks",By State,Montana,Montana,May 28 - June 2,06/02/2020,44.1
"Delayed Medical Care, Last 4 Weeks",By State,Nebraska,Nebraska,May 28 - June 2,06/02/2020,34.7
"Delayed Medical Care, Last 4 Weeks",By State,Nevada,Nevada,May 28 - June 2,06/02/2020,36.6
"Delayed Medical Care, Last 4 Weeks",By State,New Hampshire,New Hampshire,May 28 - June 2,06/02/2020,39.2
"Delayed Medical Care, Last 4 Weeks",By State,New Jersey,New Jersey,May 28 - June 2,06/02/2020,45
"Delayed Medical Care, Last 4 Weeks",By State,New Mexico,New Mexico,May 28 - June 2,06/02/2020,42.6
"Delayed Medical Care, Last 4 Weeks",By State,New York,New York,May 28 - June 2,06/02/2020,42.3
"Delayed Medical Care, Last 4 Weeks",By State,North Carolina,North Carolina,May 28 - June 2,06/02/2020,42.2
"Delayed Medical Care, Last 4 Weeks",By State,North Dakota,North Dakota,May 28 - June 2,06/02/2020,31.4
"Delayed Medical Care, Last 4 Weeks",By State,Ohio,Ohio,May 28 - June 2,06/02/2020,40.1
"Delayed Medical Care, Last 4 Weeks",By State,Oklahoma,Oklahoma,May 28 - June 2,06/02/2020,36.9
"Delayed Medical Care, Last 4 Weeks",By State,Oregon,Oregon,May 28 - June 2,06/02/2020,47.1
"Delayed Medical Care, Last 4 Weeks",By State,Pennsylvania,Pennsylvania,May 28 - June 2,06/02/2020,43.9
"Delayed Medical Care, Last 4 Weeks",By State,Rhode Island,Rhode Island,May 28 - June 2,06/02/2020,40.1
"Delayed Medical Care, Last 4 Weeks",By State,South Carolina,South Carolina,May 28 - June 2,06/02/2020,35.8
"Delayed Medical Care, Last 4 Weeks",By State,South Dakota,South Dakota,May 28 - June 2,06/02/2020,38.5
"Delayed Medical Care, Last 4 Weeks",By State,Tennessee,Tennessee,May 28 - June 2,06/02/2020,35
"Delayed Medical Care, Last 4 Weeks",By State,Texas,Texas,May 28 - June 2,06/02/2020,40.9
"Delayed Medical Care, Last 4 Weeks",By State,Utah,Utah,May 28 - June 2,06/02/2020,40.2
"Delayed Medical Care, Last 4 Weeks",By State,Vermont,Vermont,May 28 - June 2,06/02/2020,42.5
"Delayed Medical Care, Last 4 Weeks",By State,Virginia,Virginia,May 28 - June 2,06/02/2020,35.6
"Delayed Medical Care, Last 4 Weeks",By State,Washington,Washington,May 28 - June 2,06/02/2020,43.4
"Delayed Medical Care, Last 4 Weeks",By State,West Virginia,West Virginia,May 28 - June 2,06/02/2020,42
"Delayed Medical Care, Last 4 Weeks",By State,Wisconsin,Wisconsin,May 28 - June 2,06/02/2020,40.2
"Delayed Medical Care, Last 4 Weeks",By State,Wyoming,Wyoming,May 28 - June 2,06/02/2020,39.8
"Did Not Get Needed Care, Last 4 Weeks",By Age,United States,18 - 29 years,May 28 - June 2,06/02/2020,26.4
"Did Not Get Needed Care, Last 4 Weeks",By Age,United States,30 - 39 years,May 28 - June 2,06/02/2020,32.8
"Did Not Get Needed Care, Last 4 Weeks",By Age,United States,40 - 49 years,May 28 - June 2,06/02/2020,36
"Did Not Get Needed Care, Last 4 Weeks",By Age,United States,50 - 59 years,May 28 - June 2,06/02/2020,38.7
"Did Not Get Needed Care, Last 4 Weeks",By Age,United States,60 - 69 years,May 28 - June 2,06/02/2020,34.3
"Did Not Get Needed Care, Last 4 Weeks",By Age,United States,70 - 79 years,May 28 - June 2,06/02/2020,27.8
"Did Not Get Needed Care, Last 4 Weeks",By Age,United States,80 years and above,May 28 - June 2,06/02/2020,27.2
"Did Not Get Needed Care, Last 4 Weeks",By State,Alabama,Alabama,May 28 - June 2,06/02/2020,34.5
"Did Not Get Needed Care, Last 4 Weeks",By State,Alaska,Alaska,May 28 - June 2,06/02/2020,35.6
"Did Not Get Needed Care, Last 4 Weeks",By State,Arizona,Arizona,May 28 - June 2,06/02/2020,30.8
"Did Not Get Needed Care, Last 4 Weeks",By State,Arkansas,Arkansas,May 28 - June 2,06/02/2020,37.6
"Did Not Get Needed Care, Last 4 Weeks",By State,California,California,May 28 - June 2,06/02/2020,33.4
"Did Not Get Needed Care, Last 4 Weeks",By State,Colorado,Colorado,May 28 - June 2,06/02/2020,31.5
"Did Not Get Needed Care, Last 4 Weeks",By State,Connecticut,Connecticut,May 28 - June 2,06/02/2020,33.8
"Did Not Get Needed Care, Last 4 Weeks",By State,Delaware,Delaware,May 28 - June 2,06/02/2020,32.7
"Did Not Get Needed Care, Last 4 Weeks",By State,District of Columbia,District of Columbia,May 28 - June 2,06/02/2020,27.7
"Did Not Get Needed Care, Last 4 Weeks",By State,Florida,Florida,May 28 - June 2,06/02/2020,33.7
"Did Not Get Needed Care, Last 4 Weeks",By State,Georgia,Georgia,May 28 - June 2,06/02/2020,31.5
"Did Not Get Needed Care, Last 4 Weeks",By State,Hawaii,Hawaii,May 28 - June 2,06/02/2020,24.3
"Did Not Get Needed Care, Last 4 Weeks",By State,Idaho,Idaho,May 28 - June 2,06/02/2020,29.6
"Did Not Get Needed Care, Last 4 Weeks",By State,Illinois,Illinois,May 28 - June 2,06/02/2020,35.3
"Did Not Get Needed Care, Last 4 Weeks",By State,Indiana,Indiana,May 28 - June 2,06/02/2020,36
"Did Not Get Needed Care, Last 4 Weeks",By State,Iowa,Iowa,May 28 - June 2,06/02/2020,28.4
"Did Not Get Needed Care, Last 4 Weeks",By State,Kansas,Kansas,May 28 - June 2,06/02/2020,28.9
"Did Not Get Needed Care, Last 4 Weeks",By State,Kentucky,Kentucky,May 28 - June 2,06/02/2020,35.6
"Did Not Get Needed Care, Last 4 Weeks",By State,Louisiana,Louisiana,May 28 - June 2,06/02/2020,34
"Did Not Get Needed Care, Last 4 Weeks",By State,Maine,Maine,May 28 - June 2,06/02/2020,36.2
"Did Not Get Needed Care, Last 4 Weeks",By State,Maryland,Maryland,May 28 - June 2,06/02/2020,34.8
"Did Not Get Needed Care, Last 4 Weeks",By State,Massachusetts,Massachusetts,May 28 - June 2,06/02/2020,33.7
"Did Not Get Needed Care, Last 4 Weeks",By State,Michigan,Michigan,May 28 - June 2,06/02/2020,37.9
"Did Not Get Needed Care, Last 4 Weeks",By State,Minnesota,Minnesota,May 28 - June 2,06/02/2020,31.8
"Did Not Get Needed Care, Last 4 Weeks",By State,Mississippi,Mississippi,May 28 - June 2,06/02/2020,42.4
"Did Not Get Needed Care, Last 4 Weeks",By State,Missouri,Missouri,May 28 - June 2,06/02/2020,31.2
"Did Not Get Needed Care, Last 4 Weeks",By State,Montana,Montana,May 28 - June 2,06/02/2020,31.4
"Did Not Get Needed Care, Last 4 Weeks",By State,Nebraska,Nebraska,May 28 - June 2,06/02/2020,24.6
"Did Not Get Needed Care, Last 4 Weeks",By State,Nevada,Nevada,May 28 - June 2,06/02/2020,32.4
"Did Not Get Needed Care, Last 4 Weeks",By State,New Hampshire,New Hampshire,May 28 - June 2,06/02/2020,30.5
"Did Not Get Needed Care, Last 4 Weeks",By State,New Jersey,New Jersey,May 28 - June 2,06/02/2020,36.7
"Did Not Get Needed Care, Last 4 Weeks",By State,New Mexico,New Mexico,May 28 - June 2,06/02/2020,35.9
"Did Not Get Needed Care, Last 4 Weeks",By State,New York,New York,May 28 - June 2,06/02/2020,32.7
"Did Not Get Needed Care, Last 4 Weeks",By State,North Carolina,North Carolina,May 28 - June 2,06/02/2020,33.2
"Did Not Get Needed Care, Last 4 Weeks",By State,North Dakota,North Dakota,May 28 - June 2,06/02/2020,22.8
"Did Not Get Needed Care, Last 4 Weeks",By State,Ohio,Ohio,May 28 - June 2,06/02/2020,30.7
"Did Not Get Needed Care, Last 4 Weeks",By State,Oklahoma,Oklahoma,May 28 - June 2,06/02/2020,30.8
"Did Not Get Needed Care, Last 4 Weeks",By State,Oregon,Oregon,May 28 - June 2,06/02/2020,35.3
"Did Not Get Needed Care, Last 4 Weeks",By State,Pennsylvania,Pennsylvania,May 28 - June 2,06/02/2020,35.4
"Did Not Get Needed Care, Last 4 Weeks",By State,Rhode Island,Rhode Island,May 28 - June 2,06/02/2020,28.9
"Did Not Get Needed Care, Last 4 Weeks",By State,South Carolina,South Carolina,May 28 - June 2,06/02/2020,29
"Did Not Get Needed Care, Last 4 Weeks",By State,South Dakota,South Dakota,May 28 - June 2,06/02/2020,30.4
"Did Not Get Needed Care, Last 4 Weeks",By State,Tennessee,Tennessee,May 28 - June 2,06/02/2020,26.6
"Did Not Get Needed Care, Last 4 Weeks",By State,Texas,Texas,May 28 - June 2,06/02/2020,32
"Did Not Get Needed Care, Last 4 Weeks",By State,Utah,Utah,May 28 - June 2,06/02/2020,30.1
"Did Not Get Needed Care, Last 4 Weeks",By State,Vermont,Vermont,May 28 - June 2,06/02/2020,29.4
"Did Not Get Needed Care, Last 4 Weeks",By State,Virginia,Virginia,May 28 - June 2,06/02/2020,31.4
"Did Not Get Needed Care, Last 4 Weeks",By State,Washington,Washington,May 28 - June 2,06/02/2020,34.2
"Did Not Get Needed Care, Last 4 Weeks",By State,West Virginia,West Virginia,May 28 - June 2,06/02/2020,32.8
"Did Not Get Needed Care, Last 4 Weeks",By State,Wisconsin,Wisconsin,May 28 - June 2,06/02/2020,29.9
"Did Not Get Needed Care, Last 4 Weeks",By State,Wyoming,Wyoming,May 28 - June 2,06/02/2020,34.2
"Delayed Medical Care, Last 4 Weeks",By Age,United States,18 - 29 years,June 4 - June 9,06/09/2020,36
"Delayed Medical Care, Last 4 Weeks",By Age,United States,30 - 39 years,June 4 - June 9,06/09/2020,40.9
"Delayed Medical Care, Last 4 Weeks",By Age,United States,40 - 49 years,June 4 - June 9,06/09/2020,43
"Delayed Medical Care, Last 4 Weeks",By Age,United States,50 - 59 years,June 4 - June 9,06/09/2020,42.8
"Delayed Medical Care, Last 4 Weeks",By Age,United States,60 - 69 years,June 4 - June 9,06/09/2020,41.2
"Delayed Medical Care, Last 4 Weeks",By Age,United States,70 - 79 years,June 4 - June 9,06/09/2020,37.2
"Delayed Medical Care, Last 4 Weeks",By Age,United States,80 years and above,June 4 - June 9,06/09/2020,33
"Delayed Medical Care, Last 4 Weeks",By State,Alabama,Alabama,June 4 - June 9,06/09/2020,42.9
"Delayed Medical Care, Last 4 Weeks",By State,Alaska,Alaska,June 4 - June 9,06/09/2020,44.3
"Delayed Medical Care, Last 4 Weeks",By State,Arizona,Arizona,June 4 - June 9,06/09/2020,42.6
"Delayed Medical Care, Last 4 Weeks",By State,Arkansas,Arkansas,June 4 - June 9,06/09/2020,41.4
"Delayed Medical Care, Last 4 Weeks",By State,California,California,June 4 - June 9,06/09/2020,39.4
"Delayed Medical Care, Last 4 Weeks",By State,Colorado,Colorado,June 4 - June 9,06/09/2020,41
"Delayed Medical Care, Last 4 Weeks",By State,Connecticut,Connecticut,June 4 - June 9,06/09/2020,45.3
"Delayed Medical Care, Last 4 Weeks",By State,Delaware,Delaware,June 4 - June 9,06/09/2020,45.5
"Delayed Medical Care, Last 4 Weeks",By State,District of Columbia,District of Columbia,June 4 - June 9,06/09/2020,46.9
"Delayed Medical Care, Last 4 Weeks",By State,Florida,Florida,June 4 - June 9,06/09/2020,41.6
"Delayed Medical Care, Last 4 Weeks",By State,Georgia,Georgia,June 4 - June 9,06/09/2020,37.3
"Delayed Medical Care, Last 4 Weeks",By State,Hawaii,Hawaii,June 4 - June 9,06/09/2020,30.6
"Delayed Medical Care, Last 4 Weeks",By State,Idaho,Idaho,June 4 - June 9,06/09/2020,37.8
"Delayed Medical Care, Last 4 Weeks",By State,Illinois,Illinois,June 4 - June 9,06/09/2020,45.7
"Delayed Medical Care, Last 4 Weeks",By State,Indiana,Indiana,June 4 - June 9,06/09/2020,44.2
"Delayed Medical Care, Last 4 Weeks",By State,Iowa,Iowa,June 4 - June 9,06/09/2020,37.5
"Delayed Medical Care, Last 4 Weeks",By State,Kansas,Kansas,June 4 - June 9,06/09/2020,35.2
"Delayed Medical Care, Last 4 Weeks",By State,Kentucky,Kentucky,June 4 - June 9,06/09/2020,43.1
"Delayed Medical Care, Last 4 Weeks",By State,Louisiana,Louisiana,June 4 - June 9,06/09/2020,36.3
"Delayed Medical Care, Last 4 Weeks",By State,Maine,Maine,June 4 - June 9,06/09/2020,44.6
"Delayed Medical Care, Last 4 Weeks",By State,Maryland,Maryland,June 4 - June 9,06/09/2020,37.6
"Delayed Medical Care, Last 4 Weeks",By State,Massachusetts,Massachusetts,June 4 - June 9,06/09/2020,39.3
"Delayed Medical Care, Last 4 Weeks",By State,Michigan,Michigan,June 4 - June 9,06/09/2020,40.8
"Delayed Medical Care, Last 4 Weeks",By State,Minnesota,Minnesota,June 4 - June 9,06/09/2020,41.7
"Delayed Medical Care, Last 4 Weeks",By State,Mississippi,Mississippi,June 4 - June 9,06/09/2020,39.6
"Delayed Medical Care, Last 4 Weeks",By State,Missouri,Missouri,June 4 - June 9,06/09/2020,37.5
"Delayed Medical Care, Last 4 Weeks",By State,Montana,Montana,June 4 - June 9,06/09/2020,41
"Delayed Medical Care, Last 4 Weeks",By State,Nebraska,Nebraska,June 4 - June 9,06/09/2020,31.8
"Delayed Medical Care, Last 4 Weeks",By State,Nevada,Nevada,June 4 - June 9,06/09/2020,34.5
"Delayed Medical Care, Last 4 Weeks",By State,New Hampshire,New Hampshire,June 4 - June 9,06/09/2020,37.2
"Delayed Medical Care, Last 4 Weeks",By State,New Jersey,New Jersey,June 4 - June 9,06/09/2020,47.7
"Delayed Medical Care, Last 4 Weeks",By State,New Mexico,New Mexico,June 4 - June 9,06/09/2020,41.4
"Delayed Medical Care, Last 4 Weeks",By State,New York,New York,June 4 - June 9,06/09/2020,42.5
"Delayed Medical Care, Last 4 Weeks",By State,North Carolina,North Carolina,June 4 - June 9,06/09/2020,33.3
"Delayed Medical Care, Last 4 Weeks",By State,North Dakota,North Dakota,June 4 - June 9,06/09/2020,28.4
"Delayed Medical Care, Last 4 Weeks",By State,Ohio,Ohio,June 4 - June 9,06/09/2020,44
"Delayed Medical Care, Last 4 Weeks",By State,Oklahoma,Oklahoma,June 4 - June 9,06/09/2020,35.1
"Delayed Medical Care, Last 4 Weeks",By State,Oregon,Oregon,June 4 - June 9,06/09/2020,47
"Delayed Medical Care, Last 4 Weeks",By State,Pennsylvania,Pennsylvania,June 4 - June 9,06/09/2020,39.2
"Delayed Medical Care, Last 4 Weeks",By State,Rhode Island,Rhode Island,June 4 - June 9,06/09/2020,37.7
"Delayed Medical Care, Last 4 Weeks",By State,South Carolina,South Carolina,June 4 - June 9,06/09/2020,37.1
"Delayed Medical Care, Last 4 Weeks",By State,South Dakota,South Dakota,June 4 - June 9,06/09/2020,36.2
"Delayed Medical Care, Last 4 Weeks",By State,Tennessee,Tennessee,June 4 - June 9,06/09/2020,39.1
"Delayed Medical Care, Last 4 Weeks",By State,Texas,Texas,June 4 - June 9,06/09/2020,40.1
"Delayed Medical Care, Last 4 Weeks",By State,Utah,Utah,June 4 - June 9,06/09/2020,34.6
"Delayed Medical Care, Last 4 Weeks",By State,Vermont,Vermont,June 4 - June 9,06/09/2020,44.2
"Delayed Medical Care, Last 4 Weeks",By State,Virginia,Virginia,June 4 - June 9,06/09/2020,38.7
"Delayed Medical Care, Last 4 Weeks",By State,Washington,Washington,June 4 - June 9,06/09/2020,41.5
"Delayed Medical Care, Last 4 Weeks",By State,West Virginia,West Virginia,June 4 - June 9,06/09/2020,38.7
"Delayed Medical Care, Last 4 Weeks",By State,Wisconsin,Wisconsin,June 4 - June 9,06/09/2020,38.1
"Delayed Medical Care, Last 4 Weeks",By State,Wyoming,Wyoming,June 4 - June 9,06/09/2020,34
"Did Not Get Needed Care, Last 4 Weeks",By Age,United States,18 - 29 years,June 4 - June 9,06/09/2020,26.5
"Did Not Get Needed Care, Last 4 Weeks",By Age,United States,30 - 39 years,June 4 - June 9,06/09/2020,32
"Did Not Get Needed Care, Last 4 Weeks",By Age,United States,40 - 49 years,June 4 - June 9,06/09/2020,35.9
"Did Not Get Needed Care, Last 4 Weeks",By Age,United States,50 - 59 years,June 4 - June 9,06/09/2020,35.8
"Did Not Get Needed Care, Last 4 Weeks",By Age,United States,60 - 69 years,June 4 - June 9,06/09/2020,33.5
"Did Not Get Needed Care, Last 4 Weeks",By Age,United States,70 - 79 years,June 4 - June 9,06/09/2020,30.1
"Did Not Get Needed Care, Last 4 Weeks",By Age,United States,80 years and above,June 4 - June 9,06/09/2020,26.5
"Did Not Get Needed Care, Last 4 Weeks",By State,Alabama,Alabama,June 4 - June 9,06/09/2020,38.7
"Did Not Get Needed Care, Last 4 Weeks",By State,Alaska,Alaska,June 4 - June 9,06/09/2020,36.7
"Did Not Get Needed Care, Last 4 Weeks",By State,Arizona,Arizona,June 4 - June 9,06/09/2020,30.3
"Did Not Get Needed Care, Last 4 Weeks",By State,Arkansas,Arkansas,June 4 - June 9,06/09/2020,33.9
"Did Not Get Needed Care, Last 4 Weeks",By State,California,California,June 4 - June 9,06/09/2020,32.7
"Did Not Get Needed Care, Last 4 Weeks",By State,Colorado,Colorado,June 4 - June 9,06/09/2020,30.8
"Did Not Get Needed Care, Last 4 Weeks",By State,Connecticut,Connecticut,June 4 - June 9,06/09/2020,33.9
"Did Not Get Needed Care, Last 4 Weeks",By State,Delaware,Delaware,June 4 - June 9,06/09/2020,40.1
"Did Not Get Needed Care, Last 4 Weeks",By State,District of Columbia,District of Columbia,June 4 - June 9,06/09/2020,31.7
"Did Not Get Needed Care, Last 4 Weeks",By State,Florida,Florida,June 4 - June 9,06/09/2020,33.8
"Did Not Get Needed Care, Last 4 Weeks",By State,Georgia,Georgia,June 4 - June 9,06/09/2020,31.9
"Did Not Get Needed Care, Last 4 Weeks",By State,Hawaii,Hawaii,June 4 - June 9,06/09/2020,24.2
"Did Not Get Needed Care, Last 4 Weeks",By State,Idaho,Idaho,June 4 - June 9,06/09/2020,32.9
"Did Not Get Needed Care, Last 4 Weeks",By State,Illinois,Illinois,June 4 - June 9,06/09/2020,36.8
"Did Not Get Needed Care, Last 4 Weeks",By State,Indiana,Indiana,June 4 - June 9,06/09/2020,36.2
"Did Not Get Needed Care, Last 4 Weeks",By State,Iowa,Iowa,June 4 - June 9,06/09/2020,32.7
"Did Not Get Needed Care, Last 4 Weeks",By State,Kansas,Kansas,June 4 - June 9,06/09/2020,25.1
"Did Not Get Needed Care, Last 4 Weeks",By State,Kentucky,Kentucky,June 4 - June 9,06/09/2020,39
"Did Not Get Needed Care, Last 4 Weeks",By State,Louisiana,Louisiana,June 4 - June 9,06/09/2020,32.5
"Did Not Get Needed Care, Last 4 Weeks",By State,Maine,Maine,June 4 - June 9,06/09/2020,37.4
"Did Not Get Needed Care, Last 4 Weeks",By State,Maryland,Maryland,June 4 - June 9,06/09/2020,31.8
"Did Not Get Needed Care, Last 4 Weeks",By State,Massachusetts,Massachusetts,June 4 - June 9,06/09/2020,31
"Did Not Get Needed Care, Last 4 Weeks",By State,Michigan,Michigan,June 4 - June 9,06/09/2020,36.3
"Did Not Get Needed Care, Last 4 Weeks",By State,Minnesota,Minnesota,June 4 - June 9,06/09/2020,31.9
"Did Not Get Needed Care, Last 4 Weeks",By State,Mississippi,Mississippi,June 4 - June 9,06/09/2020,32.9
"Did Not Get Needed Care, Last 4 Weeks",By State,Missouri,Missouri,June 4 - June 9,06/09/2020,29.3
"Did Not Get Needed Care, Last 4 Weeks",By State,Montana,Montana,June 4 - June 9,06/09/2020,32.3
"Did Not Get Needed Care, Last 4 Weeks",By State,Nebraska,Nebraska,June 4 - June 9,06/09/2020,24
"Did Not Get Needed Care, Last 4 Weeks",By State,Nevada,Nevada,June 4 - June 9,06/09/2020,30
"Did Not Get Needed Care, Last 4 Weeks",By State,New Hampshire,New Hampshire,June 4 - June 9,06/09/2020,29.5
"Did Not Get Needed Care, Last 4 Weeks",By State,New Jersey,New Jersey,June 4 - June 9,06/09/2020,39.1
"Did Not Get Needed Care, Last 4 Weeks",By State,New Mexico,New Mexico,June 4 - June 9,06/09/2020,32
"Did Not Get Needed Care, Last 4 Weeks",By State,New York,New York,June 4 - June 9,06/09/2020,31
"Did Not Get Needed Care, Last 4 Weeks",By State,North Carolina,North Carolina,June 4 - June 9,06/09/2020,28.9
"Did Not Get Needed Care, Last 4 Weeks",By State,North Dakota,North Dakota,June 4 - June 9,06/09/2020,24.1
"Did Not Get Needed Care, Last 4 Weeks",By State,Ohio,Ohio,June 4 - June 9,06/09/2020,34
"Did Not Get Needed Care, Last 4 Weeks",By State,Oklahoma,Oklahoma,June 4 - June 9,06/09/2020,29.7
"Did Not Get Needed Care, Last 4 Weeks",By State,Oregon,Oregon,June 4 - June 9,06/09/2020,33.1
"Did Not Get Needed Care, Last 4 Weeks",By State,Pennsylvania,Pennsylvania,June 4 - June 9,06/09/2020,32.4
"Did Not Get Needed Care, Last 4 Weeks",By State,Rhode Island,Rhode Island,June 4 - June 9,06/09/2020,28.1
"Did Not Get Needed Care, Last 4 Weeks",By State,South Carolina,South Carolina,June 4 - June 9,06/09/2020,31.7
"Did Not Get Needed Care, Last 4 Weeks",By State,South Dakota,South Dakota,June 4 - June 9,06/09/2020,28.1
"Did Not Get Needed Care, Last 4 Weeks",By State,Tennessee,Tennessee,June 4 - June 9,06/09/2020,32.9
"Did Not Get Needed Care, Last 4 Weeks",By State,Texas,Texas,June 4 - June 9,06/09/2020,30.1
"Did Not Get Needed Care, Last 4 Weeks",By State,Utah,Utah,June 4 - June 9,06/09/2020,28.9
"Did Not Get Needed Care, Last 4 Weeks",By State,Vermont,Vermont,June 4 - June 9,06/09/2020,30.9
"Did Not Get Needed Care, Last 4 Weeks",By State,Virginia,Virginia,June 4 - June 9,06/09/2020,31.5
"Did Not Get Needed Care, Last 4 Weeks",By State,Washington,Washington,June 4 - June 9,06/09/2020,32.6
"Did Not Get Needed Care, Last 4 Weeks",By State,West Virginia,West Virginia,June 4 - June 9,06/09/2020,32.9
"Did Not Get Needed Care, Last 4 Weeks",By State,Wisconsin,Wisconsin,June 4 - June 9,06/09/2020,26.9
"Did Not Get Needed Care, Last 4 Weeks",By State,Wyoming,Wyoming,June 4 - June 9,06/09/2020,27.9
"Delayed Medical Care, Last 4 Weeks",By Age,United States,18 - 29 years,June 11 - June 16,06/16/2020,36.8
"Delayed Medical Care, Last 4 Weeks",By Age,United States,30 - 39 years,June 11 - June 16,06/16/2020,41.9
"Delayed Medical Care, Last 4 Weeks",By Age,United States,40 - 49 years,June 11 - June 16,06/16/2020,43.5
"Delayed Medical Care, Last 4 Weeks",By Age,United States,50 - 59 years,June 11 - June 16,06/16/2020,43
"Delayed Medical Care, Last 4 Weeks",By Age,United States,60 - 69 years,June 11 - June 16,06/16/2020,42.7
"Delayed Medical Care, Last 4 Weeks",By Age,United States,70 - 79 years,June 11 - June 16,06/16/2020,37
"Delayed Medical Care, Last 4 Weeks",By Age,United States,80 years and above,June 11 - June 16,06/16/2020,34.5
"Delayed Medical Care, Last 4 Weeks",By State,Alabama,Alabama,June 11 - June 16,06/16/2020,36.8
"Delayed Medical Care, Last 4 Weeks",By State,Alaska,Alaska,June 11 - June 16,06/16/2020,49.2
"Delayed Medical Care, Last 4 Weeks",By State,Arizona,Arizona,June 11 - June 16,06/16/2020,42.7
"Delayed Medical Care, Last 4 Weeks",By State,Arkansas,Arkansas,June 11 - June 16,06/16/2020,45.6
"Delayed Medical Care, Last 4 Weeks",By State,California,California,June 11 - June 16,06/16/2020,40.8
"Delayed Medical Care, Last 4 Weeks",By State,Colorado,Colorado,June 11 - June 16,06/16/2020,35.9
"Delayed Medical Care, Last 4 Weeks",By State,Connecticut,Connecticut,June 11 - June 16,06/16/2020,49
"Delayed Medical Care, Last 4 Weeks",By State,Delaware,Delaware,June 11 - June 16,06/16/2020,48.5
"Delayed Medical Care, Last 4 Weeks",By State,District of Columbia,District of Columbia,June 11 - June 16,06/16/2020,47.5
"Delayed Medical Care, Last 4 Weeks",By State,Florida,Florida,June 11 - June 16,06/16/2020,42.2
"Delayed Medical Care, Last 4 Weeks",By State,Georgia,Georgia,June 11 - June 16,06/16/2020,39.5
"Delayed Medical Care, Last 4 Weeks",By State,Hawaii,Hawaii,June 11 - June 16,06/16/2020,37.7
"Delayed Medical Care, Last 4 Weeks",By State,Idaho,Idaho,June 11 - June 16,06/16/2020,38.6
"Delayed Medical Care, Last 4 Weeks",By State,Illinois,Illinois,June 11 - June 16,06/16/2020,45.3
"Delayed Medical Care, Last 4 Weeks",By State,Indiana,Indiana,June 11 - June 16,06/16/2020,40.7
"Delayed Medical Care, Last 4 Weeks",By State,Iowa,Iowa,June 11 - June 16,06/16/2020,36.2
"Delayed Medical Care, Last 4 Weeks",By State,Kansas,Kansas,June 11 - June 16,06/16/2020,42.3
"Delayed Medical Care, Last 4 Weeks",By State,Kentucky,Kentucky,June 11 - June 16,06/16/2020,39.6
"Delayed Medical Care, Last 4 Weeks",By State,Louisiana,Louisiana,June 11 - June 16,06/16/2020,38.4
"Delayed Medical Care, Last 4 Weeks",By State,Maine,Maine,June 11 - June 16,06/16/2020,50.5
"Delayed Medical Care, Last 4 Weeks",By State,Maryland,Maryland,June 11 - June 16,06/16/2020,38.2
"Delayed Medical Care, Last 4 Weeks",By State,Massachusetts,Massachusetts,June 11 - June 16,06/16/2020,40.4
"Delayed Medical Care, Last 4 Weeks",By State,Michigan,Michigan,June 11 - June 16,06/16/2020,46.3
"Delayed Medical Care, Last 4 Weeks",By State,Minnesota,Minnesota,June 11 - June 16,06/16/2020,39.7
"Delayed Medical Care, Last 4 Weeks",By State,Mississippi,Mississippi,June 11 - June 16,06/16/2020,33.7
"Delayed Medical Care, Last 4 Weeks",By State,Missouri,Missouri,June 11 - June 16,06/16/2020,36.4
"Delayed Medical Care, Last 4 Weeks",By State,Montana,Montana,June 11 - June 16,06/16/2020,40.4
"Delayed Medical Care, Last 4 Weeks",By State,Nebraska,Nebraska,June 11 - June 16,06/16/2020,36.9
"Delayed Medical Care, Last 4 Weeks",By State,Nevada,Nevada,June 11 - June 16,06/16/2020,37.8
"Delayed Medical Care, Last 4 Weeks",By State,New Hampshire,New Hampshire,June 11 - June 16,06/16/2020,44
"Delayed Medical Care, Last 4 Weeks",By State,New Jersey,New Jersey,June 11 - June 16,06/16/2020,44.8
"Delayed Medical Care, Last 4 Weeks",By State,New Mexico,New Mexico,June 11 - June 16,06/16/2020,39.1
"Delayed Medical Care, Last 4 Weeks",By State,New York,New York,June 11 - June 16,06/16/2020,39.1
"Delayed Medical Care, Last 4 Weeks",By State,North Carolina,North Carolina,June 11 - June 16,06/16/2020,39.5
"Delayed Medical Care, Last 4 Weeks",By State,North Dakota,North Dakota,June 11 - June 16,06/16/2020,35.6
"Delayed Medical Care, Last 4 Weeks",By State,Ohio,Ohio,June 11 - June 16,06/16/2020,37.1
"Delayed Medical Care, Last 4 Weeks",By State,Oklahoma,Oklahoma,June 11 - June 16,06/16/2020,40.3
"Delayed Medical Care, Last 4 Weeks",By State,Oregon,Oregon,June 11 - June 16,06/16/2020,44.1
"Delayed Medical Care, Last 4 Weeks",By State,Pennsylvania,Pennsylvania,June 11 - June 16,06/16/2020,44.3
"Delayed Medical Care, Last 4 Weeks",By State,Rhode Island,Rhode Island,June 11 - June 16,06/16/2020,35.6
"Delayed Medical Care, Last 4 Weeks",By State,South Carolina,South Carolina,June 11 - June 16,06/16/2020,40.9
"Delayed Medical Care, Last 4 Weeks",By State,South Dakota,South Dakota,June 11 - June 16,06/16/2020,34.7
"Delayed Medical Care, Last 4 Weeks",By State,Tennessee,Tennessee,June 11 - June 16,06/16/2020,39.5
"Delayed Medical Care, Last 4 Weeks",By State,Texas,Texas,June 11 - June 16,06/16/2020,39.2
"Delayed Medical Care, Last 4 Weeks",By State,Utah,Utah,June 11 - June 16,06/16/2020,37.6
"Delayed Medical Care, Last 4 Weeks",By State,Vermont,Vermont,June 11 - June 16,06/16/2020,41.9
"Delayed Medical Care, Last 4 Weeks",By State,Virginia,Virginia,June 11 - June 16,06/16/2020,41.2
"Delayed Medical Care, Last 4 Weeks",By State,Washington,Washington,June 11 - June 16,06/16/2020,47.9
"Delayed Medical Care, Last 4 Weeks",By State,West Virginia,West Virginia,June 11 - June 16,06/16/2020,48.2
"Delayed Medical Care, Last 4 Weeks",By State,Wisconsin,Wisconsin,June 11 - June 16,06/16/2020,45
"Delayed Medical Care, Last 4 Weeks",By State,Wyoming,Wyoming,June 11 - June 16,06/16/2020,49.8
"Did Not Get Needed Care, Last 4 Weeks",By Age,United States,18 - 29 years,June 11 - June 16,06/16/2020,28.7
"Did Not Get Needed Care, Last 4 Weeks",By Age,United States,30 - 39 years,June 11 - June 16,06/16/2020,32.7
"Did Not Get Needed Care, Last 4 Weeks",By Age,United States,40 - 49 years,June 11 - June 16,06/16/2020,34.4
"Did Not Get Needed Care, Last 4 Weeks",By Age,United States,50 - 59 years,June 11 - June 16,06/16/2020,35.3
"Did Not Get Needed Care, Last 4 Weeks",By Age,United States,60 - 69 years,June 11 - June 16,06/16/2020,32.1
"Did Not Get Needed Care, Last 4 Weeks",By Age,United States,70 - 79 years,June 11 - June 16,06/16/2020,28.4
"Did Not Get Needed Care, Last 4 Weeks",By Age,United States,80 years and above,June 11 - June 16,06/16/2020,27.5
"Did Not Get Needed Care, Last 4 Weeks",By State,Alabama,Alabama,June 11 - June 16,06/16/2020,30.4
"Did Not Get Needed Care, Last 4 Weeks",By State,Alaska,Alaska,June 11 - June 16,06/16/2020,39.4
"Did Not Get Needed Care, Last 4 Weeks",By State,Arizona,Arizona,June 11 - June 16,06/16/2020,32.8
"Did Not Get Needed Care, Last 4 Weeks",By State,Arkansas,Arkansas,June 11 - June 16,06/16/2020,38.9
"Did Not Get Needed Care, Last 4 Weeks",By State,California,California,June 11 - June 16,06/16/2020,32.2
"Did Not Get Needed Care, Last 4 Weeks",By State,Colorado,Colorado,June 11 - June 16,06/16/2020,29.8
"Did Not Get Needed Care, Last 4 Weeks",By State,Connecticut,Connecticut,June 11 - June 16,06/16/2020,37.1
"Did Not Get Needed Care, Last 4 Weeks",By State,Delaware,Delaware,June 11 - June 16,06/16/2020,38.8
"Did Not Get Needed Care, Last 4 Weeks",By State,District of Columbia,District of Columbia,June 11 - June 16,06/16/2020,35.5
"Did Not Get Needed Care, Last 4 Weeks",By State,Florida,Florida,June 11 - June 16,06/16/2020,34.5
"Did Not Get Needed Care, Last 4 Weeks",By State,Georgia,Georgia,June 11 - June 16,06/16/2020,27.2
"Did Not Get Needed Care, Last 4 Weeks",By State,Hawaii,Hawaii,June 11 - June 16,06/16/2020,30.7
"Did Not Get Needed Care, Last 4 Weeks",By State,Idaho,Idaho,June 11 - June 16,06/16/2020,28.2
"Did Not Get Needed Care, Last 4 Weeks",By State,Illinois,Illinois,June 11 - June 16,06/16/2020,33.8
"Did Not Get Needed Care, Last 4 Weeks",By State,Indiana,Indiana,June 11 - June 16,06/16/2020,30.6
"Did Not Get Needed Care, Last 4 Weeks",By State,Iowa,Iowa,June 11 - June 16,06/16/2020,28.3
"Did Not Get Needed Care, Last 4 Weeks",By State,Kansas,Kansas,June 11 - June 16,06/16/2020,29.4
"Did Not Get Needed Care, Last 4 Weeks",By State,Kentucky,Kentucky,June 11 - June 16,06/16/2020,34.1
"Did Not Get Needed Care, Last 4 Weeks",By State,Louisiana,Louisiana,June 11 - June 16,06/16/2020,33.1
"Did Not Get Needed Care, Last 4 Weeks",By State,Maine,Maine,June 11 - June 16,06/16/2020,37.7
"Did Not Get Needed Care, Last 4 Weeks",By State,Maryland,Maryland,June 11 - June 16,06/16/2020,27.9
"Did Not Get Needed Care, Last 4 Weeks",By State,Massachusetts,Massachusetts,June 11 - June 16,06/16/2020,31.9
"Did Not Get Needed Care, Last 4 Weeks",By State,Michigan,Michigan,June 11 - June 16,06/16/2020,41.4
"Did Not Get Needed Care, Last 4 Weeks",By State,Minnesota,Minnesota,June 11 - June 16,06/16/2020,29.4
"Did Not Get Needed Care, Last 4 Weeks",By State,Mississippi,Mississippi,June 11 - June 16,06/16/2020,30.4
"Did Not Get Needed Care, Last 4 Weeks",By State,Missouri,Missouri,June 11 - June 16,06/16/2020,28.4
"Did Not Get Needed Care, Last 4 Weeks",By State,Montana,Montana,June 11 - June 16,06/16/2020,34.2
"Did Not Get Needed Care, Last 4 Weeks",By State,Nebraska,Nebraska,June 11 - June 16,06/16/2020,29.7
"Did Not Get Needed Care, Last 4 Weeks",By State,Nevada,Nevada,June 11 - June 16,06/16/2020,32.5
"Did Not Get Needed Care, Last 4 Weeks",By State,New Hampshire,New Hampshire,June 11 - June 16,06/16/2020,36.9
"Did Not Get Needed Care, Last 4 Weeks",By State,New Jersey,New Jersey,June 11 - June 16,06/16/2020,33.5
"Did Not Get Needed Care, Last 4 Weeks",By State,New Mexico,New Mexico,June 11 - June 16,06/16/2020,31.9
"Did Not Get Needed Care, Last 4 Weeks",By State,New York,New York,June 11 - June 16,06/16/2020,31
"Did Not Get Needed Care, Last 4 Weeks",By State,North Carolina,North Carolina,June 11 - June 16,06/16/2020,27.9
"Did Not Get Needed Care, Last 4 Weeks",By State,North Dakota,North Dakota,June 11 - June 16,06/16/2020,28.4
"Did Not Get Needed Care, Last 4 Weeks",By State,Ohio,Ohio,June 11 - June 16,06/16/2020,27.8
"Did Not Get Needed Care, Last 4 Weeks",By State,Oklahoma,Oklahoma,June 11 - June 16,06/16/2020,32.9
"Did Not Get Needed Care, Last 4 Weeks",By State,Oregon,Oregon,June 11 - June 16,06/16/2020,36.8
"Did Not Get Needed Care, Last 4 Weeks",By State,Pennsylvania,Pennsylvania,June 11 - June 16,06/16/2020,34.4
"Did Not Get Needed Care, Last 4 Weeks",By State,Rhode Island,Rhode Island,June 11 - June 16,06/16/2020,27.1
"Did Not Get Needed Care, Last 4 Weeks",By State,South Carolina,South Carolina,June 11 - June 16,06/16/2020,31
"Did Not Get Needed Care, Last 4 Weeks",By State,South Dakota,South Dakota,June 11 - June 16,06/16/2020,22.9
"Did Not Get Needed Care, Last 4 Weeks",By State,Tennessee,Tennessee,June 11 - June 16,06/16/2020,32.8
"Did Not Get Needed Care, Last 4 Weeks",By State,Texas,Texas,June 11 - June 16,06/16/2020,31.2
"Did Not Get Needed Care, Last 4 Weeks",By State,Utah,Utah,June 11 - June 16,06/16/2020,29.5
"Did Not Get Needed Care, Last 4 Weeks",By State,Vermont,Vermont,June 11 - June 16,06/16/2020,34.9
"Did Not Get Needed Care, Last 4 Weeks",By State,Virginia,Virginia,June 11 - June 16,06/16/2020,31.2
"Did Not Get Needed Care, Last 4 Weeks",By State,Washington,Washington,June 11 - June 16,06/16/2020,34.2
"Did Not Get Needed Care, Last 4 Weeks",By State,West Virginia,West Virginia,June 11 - June 16,06/16/2020,36.1
"Did Not Get Needed Care, Last 4 Weeks",By State,Wisconsin,Wisconsin,June 11 - June 16,06/16/2020,36.3
"Did Not Get Needed Care, Last 4 Weeks",By State,Wyoming,Wyoming,June 11 - June 16,06/16/2020,39
"Delayed Medical Care, Last 4 Weeks",By Age,United States,18 - 29 years,June 18 - June 23,06/23/2020,37.9
"Delayed Medical Care, Last 4 Weeks",By Age,United States,30 - 39 years,June 18 - June 23,06/23/2020,41.6
"Delayed Medical Care, Last 4 Weeks",By Age,United States,40 - 49 years,June 18 - June 23,06/23/2020,43.8
"Delayed Medical Care, Last 4 Weeks",By Age,United States,50 - 59 years,June 18 - June 23,06/23/2020,45.7
"Delayed Medical Care, Last 4 Weeks",By Age,United States,60 - 69 years,June 18 - June 23,06/23/2020,41.3
"Delayed Medical Care, Last 4 Weeks",By Age,United States,70 - 79 years,June 18 - June 23,06/23/2020,38.8
"Delayed Medical Care, Last 4 Weeks",By Age,United States,80 years and above,June 18 - June 23,06/23/2020,33.4
"Delayed Medical Care, Last 4 Weeks",By State,Alabama,Alabama,June 18 - June 23,06/23/2020,38.4
"Delayed Medical Care, Last 4 Weeks",By State,Alaska,Alaska,June 18 - June 23,06/23/2020,47.2
"Delayed Medical Care, Last 4 Weeks",By State,Arizona,Arizona,June 18 - June 23,06/23/2020,38.8
"Delayed Medical Care, Last 4 Weeks",By State,Arkansas,Arkansas,June 18 - June 23,06/23/2020,39.5
"Delayed Medical Care, Last 4 Weeks",By State,California,California,June 18 - June 23,06/23/2020,45.2
"Delayed Medical Care, Last 4 Weeks",By State,Colorado,Colorado,June 18 - June 23,06/23/2020,43.6
"Delayed Medical Care, Last 4 Weeks",By State,Connecticut,Connecticut,June 18 - June 23,06/23/2020,40.8
"Delayed Medical Care, Last 4 Weeks",By State,Delaware,Delaware,June 18 - June 23,06/23/2020,37.5
"Delayed Medical Care, Last 4 Weeks",By State,District of Columbia,District of Columbia,June 18 - June 23,06/23/2020,43.9
"Delayed Medical Care, Last 4 Weeks",By State,Florida,Florida,June 18 - June 23,06/23/2020,42
"Delayed Medical Care, Last 4 Weeks",By State,Georgia,Georgia,June 18 - June 23,06/23/2020,39.8
"Delayed Medical Care, Last 4 Weeks",By State,Hawaii,Hawaii,June 18 - June 23,06/23/2020,36.1
"Delayed Medical Care, Last 4 Weeks",By State,Idaho,Idaho,June 18 - June 23,06/23/2020,36
"Delayed Medical Care, Last 4 Weeks",By State,Illinois,Illinois,June 18 - June 23,06/23/2020,43.4
"Delayed Medical Care, Last 4 Weeks",By State,Indiana,Indiana,June 18 - June 23,06/23/2020,44.1
"Delayed Medical Care, Last 4 Weeks",By State,Iowa,Iowa,June 18 - June 23,06/23/2020,39.4
"Delayed Medical Care, Last 4 Weeks",By State,Kansas,Kansas,June 18 - June 23,06/23/2020,41.3
"Delayed Medical Care, Last 4 Weeks",By State,Kentucky,Kentucky,June 18 - June 23,06/23/2020,36.1
"Delayed Medical Care, Last 4 Weeks",By State,Louisiana,Louisiana,June 18 - June 23,06/23/2020,39.9
"Delayed Medical Care, Last 4 Weeks",By State,Maine,Maine,June 18 - June 23,06/23/2020,39.1
"Delayed Medical Care, Last 4 Weeks",By State,Maryland,Maryland,June 18 - June 23,06/23/2020,41.8
"Delayed Medical Care, Last 4 Weeks",By State,Massachusetts,Massachusetts,June 18 - June 23,06/23/2020,41.2
"Delayed Medical Care, Last 4 Weeks",By State,Michigan,Michigan,June 18 - June 23,06/23/2020,41.1
"Delayed Medical Care, Last 4 Weeks",By State,Minnesota,Minnesota,June 18 - June 23,06/23/2020,37.9
"Delayed Medical Care, Last 4 Weeks",By State,Mississippi,Mississippi,June 18 - June 23,06/23/2020,45.5
"Delayed Medical Care, Last 4 Weeks",By State,Missouri,Missouri,June 18 - June 23,06/23/2020,39.1
"Delayed Medical Care, Last 4 Weeks",By State,Montana,Montana,June 18 - June 23,06/23/2020,40.8
"Delayed Medical Care, Last 4 Weeks",By State,Nebraska,Nebraska,June 18 - June 23,06/23/2020,36.4
"Delayed Medical Care, Last 4 Weeks",By State,Nevada,Nevada,June 18 - June 23,06/23/2020,39.8
"Delayed Medical Care, Last 4 Weeks",By State,New Hampshire,New Hampshire,June 18 - June 23,06/23/2020,46.1
"Delayed Medical Care, Last 4 Weeks",By State,New Jersey,New Jersey,June 18 - June 23,06/23/2020,45.7
"Delayed Medical Care, Last 4 Weeks",By State,New Mexico,New Mexico,June 18 - June 23,06/23/2020,47.5
"Delayed Medical Care, Last 4 Weeks",By State,New York,New York,June 18 - June 23,06/23/2020,43.7
"Delayed Medical Care, Last 4 Weeks",By State,North Carolina,North Carolina,June 18 - June 23,06/23/2020,38.8
"Delayed Medical Care, Last 4 Weeks",By State,North Dakota,North Dakota,June 18 - June 23,06/23/2020,41.5
"Delayed Medical Care, Last 4 Weeks",By State,Ohio,Ohio,June 18 - June 23,06/23/2020,38.7
"Delayed Medical Care, Last 4 Weeks",By State,Oklahoma,Oklahoma,June 18 - June 23,06/23/2020,44.4
"Delayed Medical Care, Last 4 Weeks",By State,Oregon,Oregon,June 18 - June 23,06/23/2020,44.7
"Delayed Medical Care, Last 4 Weeks",By State,Pennsylvania,Pennsylvania,June 18 - June 23,06/23/2020,43.4
"Delayed Medical Care, Last 4 Weeks",By State,Rhode Island,Rhode Island,June 18 - June 23,06/23/2020,33.5
"Delayed Medical Care, Last 4 Weeks",By State,South Carolina,South Carolina,June 18 - June 23,06/23/2020,31.2
"Delayed Medical Care, Last 4 Weeks",By State,South Dakota,South Dakota,June 18 - June 23,06/23/2020,34.5
"Delayed Medical Care, Last 4 Weeks",By State,Tennessee,Tennessee,June 18 - June 23,06/23/2020,36.5
"Delayed Medical Care, Last 4 Weeks",By State,Texas,Texas,June 18 - June 23,06/23/2020,38.2
"Delayed Medical Care, Last 4 Weeks",By State,Utah,Utah,June 18 - June 23,06/23/2020,39.3
"Delayed Medical Care, Last 4 Weeks",By State,Vermont,Vermont,June 18 - June 23,06/23/2020,44.4
"Delayed Medical Care, Last 4 Weeks",By State,Virginia,Virginia,June 18 - June 23,06/23/2020,45.4
"Delayed Medical Care, Last 4 Weeks",By State,Washington,Washington,June 18 - June 23,06/23/2020,47.8
"Delayed Medical Care, Last 4 Weeks",By State,West Virginia,West Virginia,June 18 - June 23,06/23/2020,39.9
"Delayed Medical Care, Last 4 Weeks",By State,Wisconsin,Wisconsin,June 18 - June 23,06/23/2020,42.3
"Delayed Medical Care, Last 4 Weeks",By State,Wyoming,Wyoming,June 18 - June 23,06/23/2020,33.2
"Did Not Get Needed Care, Last 4 Weeks",By Age,United States,18 - 29 years,June 18 - June 23,06/23/2020,29.6
"Did Not Get Needed Care, Last 4 Weeks",By Age,United States,30 - 39 years,June 18 - June 23,06/23/2020,32.9
"Did Not Get Needed Care, Last 4 Weeks",By Age,United States,40 - 49 years,June 18 - June 23,06/23/2020,34.9
"Did Not Get Needed Care, Last 4 Weeks",By Age,United States,50 - 59 years,June 18 - June 23,06/23/2020,38.4
"Did Not Get Needed Care, Last 4 Weeks",By Age,United States,60 - 69 years,June 18 - June 23,06/23/2020,31.4
"Did Not Get Needed Care, Last 4 Weeks",By Age,United States,70 - 79 years,June 18 - June 23,06/23/2020,27.8
"Did Not Get Needed Care, Last 4 Weeks",By Age,United States,80 years and above,June 18 - June 23,06/23/2020,26.4
"Did Not Get Needed Care, Last 4 Weeks",By State,Alabama,Alabama,June 18 - June 23,06/23/2020,31.8
"Did Not Get Needed Care, Last 4 Weeks",By State,Alaska,Alaska,June 18 - June 23,06/23/2020,38.1
"Did Not Get Needed Care, Last 4 Weeks",By State,Arizona,Arizona,June 18 - June 23,06/23/2020,34.7
"Did Not Get Needed Care, Last 4 Weeks",By State,Arkansas,Arkansas,June 18 - June 23,06/23/2020,33
"Did Not Get Needed Care, Last 4 Weeks",By State,California,California,June 18 - June 23,06/23/2020,35.5
"Did Not Get Needed Care, Last 4 Weeks",By State,Colorado,Colorado,June 18 - June 23,06/23/2020,32.2
"Did Not Get Needed Care, Last 4 Weeks",By State,Connecticut,Connecticut,June 18 - June 23,06/23/2020,29.1
"Did Not Get Needed Care, Last 4 Weeks",By State,Delaware,Delaware,June 18 - June 23,06/23/2020,31
"Did Not Get Needed Care, Last 4 Weeks",By State,District of Columbia,District of Columbia,June 18 - June 23,06/23/2020,32.8
"Did Not Get Needed Care, Last 4 Weeks",By State,Florida,Florida,June 18 - June 23,06/23/2020,33.2
"Did Not Get Needed Care, Last 4 Weeks",By State,Georgia,Georgia,June 18 - June 23,06/23/2020,31.1
"Did Not Get Needed Care, Last 4 Weeks",By State,Hawaii,Hawaii,June 18 - June 23,06/23/2020,26.7
"Did Not Get Needed Care, Last 4 Weeks",By State,Idaho,Idaho,June 18 - June 23,06/23/2020,29.4
"Did Not Get Needed Care, Last 4 Weeks",By State,Illinois,Illinois,June 18 - June 23,06/23/2020,30.9
"Did Not Get Needed Care, Last 4 Weeks",By State,Indiana,Indiana,June 18 - June 23,06/23/2020,34.9
"Did Not Get Needed Care, Last 4 Weeks",By State,Iowa,Iowa,June 18 - June 23,06/23/2020,31.7
"Did Not Get Needed Care, Last 4 Weeks",By State,Kansas,Kansas,June 18 - June 23,06/23/2020,31.2
"Did Not Get Needed Care, Last 4 Weeks",By State,Kentucky,Kentucky,June 18 - June 23,06/23/2020,30.2
"Did Not Get Needed Care, Last 4 Weeks",By State,Louisiana,Louisiana,June 18 - June 23,06/23/2020,37.4
"Did Not Get Needed Care, Last 4 Weeks",By State,Maine,Maine,June 18 - June 23,06/23/2020,30.9
"Did Not Get Needed Care, Last 4 Weeks",By State,Maryland,Maryland,June 18 - June 23,06/23/2020,30.3
"Did Not Get Needed Care, Last 4 Weeks",By State,Massachusetts,Massachusetts,June 18 - June 23,06/23/2020,30
"Did Not Get Needed Care, Last 4 Weeks",By State,Michigan,Michigan,June 18 - June 23,06/23/2020,35.2
"Did Not Get Needed Care, Last 4 Weeks",By State,Minnesota,Minnesota,June 18 - June 23,06/23/2020,30.2
"Did Not Get Needed Care, Last 4 Weeks",By State,Mississippi,Mississippi,June 18 - June 23,06/23/2020,36.8
"Did Not Get Needed Care, Last 4 Weeks",By State,Missouri,Missouri,June 18 - June 23,06/23/2020,32.1
"Did Not Get Needed Care, Last 4 Weeks",By State,Montana,Montana,June 18 - June 23,06/23/2020,25.3
"Did Not Get Needed Care, Last 4 Weeks",By State,Nebraska,Nebraska,June 18 - June 23,06/23/2020,26.4
"Did Not Get Needed Care, Last 4 Weeks",By State,Nevada,Nevada,June 18 - June 23,06/23/2020,32.9
"Did Not Get Needed Care, Last 4 Weeks",By State,New Hampshire,New Hampshire,June 18 - June 23,06/23/2020,34.7
"Did Not Get Needed Care, Last 4 Weeks",By State,New Jersey,New Jersey,June 18 - June 23,06/23/2020,35.1
"Did Not Get Needed Care, Last 4 Weeks",By State,New Mexico,New Mexico,June 18 - June 23,06/23/2020,37.6
"Did Not Get Needed Care, Last 4 Weeks",By State,New York,New York,June 18 - June 23,06/23/2020,34.9
"Did Not Get Needed Care, Last 4 Weeks",By State,North Carolina,North Carolina,June 18 - June 23,06/23/2020,25.5
"Did Not Get Needed Care, Last 4 Weeks",By State,North Dakota,North Dakota,June 18 - June 23,06/23/2020,27.1
"Did Not Get Needed Care, Last 4 Weeks",By State,Ohio,Ohio,June 18 - June 23,06/23/2020,29.7
"Did Not Get Needed Care, Last 4 Weeks",By State,Oklahoma,Oklahoma,June 18 - June 23,06/23/2020,33.7
"Did Not Get Needed Care, Last 4 Weeks",By State,Oregon,Oregon,June 18 - June 23,06/23/2020,35.5
"Did Not Get Needed Care, Last 4 Weeks",By State,Pennsylvania,Pennsylvania,June 18 - June 23,06/23/2020,35.1
"Did Not Get Needed Care, Last 4 Weeks",By State,Rhode Island,Rhode Island,June 18 - June 23,06/23/2020,23.9
"Did Not Get Needed Care, Last 4 Weeks",By State,South Carolina,South Carolina,June 18 - June 23,06/23/2020,25.1
"Did Not Get Needed Care, Last 4 Weeks",By State,South Dakota,South Dakota,June 18 - June 23,06/23/2020,28
"Did Not Get Needed Care, Last 4 Weeks",By State,Tennessee,Tennessee,June 18 - June 23,06/23/2020,30
"Did Not Get Needed Care, Last 4 Weeks",By State,Texas,Texas,June 18 - June 23,06/23/2020,32.4
"Did Not Get Needed Care, Last 4 Weeks",By State,Utah,Utah,June 18 - June 23,06/23/2020,29.8
"Did Not Get Needed Care, Last 4 Weeks",By State,Vermont,Vermont,June 18 - June 23,06/23/2020,34.3
"Did Not Get Needed Care, Last 4 Weeks",By State,Virginia,Virginia,June 18 - June 23,06/23/2020,33.7
"Did Not Get Needed Care, Last 4 Weeks",By State,Washington,Washington,June 18 - June 23,06/23/2020,37.9
"Did Not Get Needed Care, Last 4 Weeks",By State,West Virginia,West Virginia,June 18 - June 23,06/23/2020,32.6
"Did Not Get Needed Care, Last 4 Weeks",By State,Wisconsin,Wisconsin,June 18 - June 23,06/23/2020,31.7
"Did Not Get Needed Care, Last 4 Weeks",By State,Wyoming,Wyoming,June 18 - June 23,06/23/2020,28.8
"Delayed Medical Care, Last 4 Weeks",By Age,United States,18 - 29 years,June 25 - June 30,06/30/2020,38.2
"Delayed Medical Care, Last 4 Weeks",By Age,United States,30 - 39 years,June 25 - June 30,06/30/2020,43
"Delayed Medical Care, Last 4 Weeks",By Age,United States,40 - 49 years,June 25 - June 30,06/30/2020,44.4
"Delayed Medical Care, Last 4 Weeks",By Age,United States,50 - 59 years,June 25 - June 30,06/30/2020,45.4
"Delayed Medical Care, Last 4 Weeks",By Age,United States,60 - 69 years,June 25 - June 30,06/30/2020,40.6
"Delayed Medical Care, Last 4 Weeks",By Age,United States,70 - 79 years,June 25 - June 30,06/30/2020,36.9
"Delayed Medical Care, Last 4 Weeks",By Age,United States,80 years and above,June 25 - June 30,06/30/2020,31.7
"Delayed Medical Care, Last 4 Weeks",By State,Alabama,Alabama,June 25 - June 30,06/30/2020,39.1
"Delayed Medical Care, Last 4 Weeks",By State,Alaska,Alaska,June 25 - June 30,06/30/2020,45.6
"Delayed Medical Care, Last 4 Weeks",By State,Arizona,Arizona,June 25 - June 30,06/30/2020,47.8
"Delayed Medical Care, Last 4 Weeks",By State,Arkansas,Arkansas,June 25 - June 30,06/30/2020,45.5
"Delayed Medical Care, Last 4 Weeks",By State,California,California,June 25 - June 30,06/30/2020,41
"Delayed Medical Care, Last 4 Weeks",By State,Colorado,Colorado,June 25 - June 30,06/30/2020,43.6
"Delayed Medical Care, Last 4 Weeks",By State,Connecticut,Connecticut,June 25 - June 30,06/30/2020,40.5
"Delayed Medical Care, Last 4 Weeks",By State,Delaware,Delaware,June 25 - June 30,06/30/2020,44.2
"Delayed Medical Care, Last 4 Weeks",By State,District of Columbia,District of Columbia,June 25 - June 30,06/30/2020,40.7
"Delayed Medical Care, Last 4 Weeks",By State,Florida,Florida,June 25 - June 30,06/30/2020,39.6
"Delayed Medical Care, Last 4 Weeks",By State,Georgia,Georgia,June 25 - June 30,06/30/2020,43.6
"Delayed Medical Care, Last 4 Weeks",By State,Hawaii,Hawaii,June 25 - June 30,06/30/2020,35.2
"Delayed Medical Care, Last 4 Weeks",By State,Idaho,Idaho,June 25 - June 30,06/30/2020,36.3
"Delayed Medical Care, Last 4 Weeks",By State,Illinois,Illinois,June 25 - June 30,06/30/2020,46.6
"Delayed Medical Care, Last 4 Weeks",By State,Indiana,Indiana,June 25 - June 30,06/30/2020,42
"Delayed Medical Care, Last 4 Weeks",By State,Iowa,Iowa,June 25 - June 30,06/30/2020,36.1
"Delayed Medical Care, Last 4 Weeks",By State,Kansas,Kansas,June 25 - June 30,06/30/2020,37.6
"Delayed Medical Care, Last 4 Weeks",By State,Kentucky,Kentucky,June 25 - June 30,06/30/2020,43.6
"Delayed Medical Care, Last 4 Weeks",By State,Louisiana,Louisiana,June 25 - June 30,06/30/2020,40.4
"Delayed Medical Care, Last 4 Weeks",By State,Maine,Maine,June 25 - June 30,06/30/2020,46.1
"Delayed Medical Care, Last 4 Weeks",By State,Maryland,Maryland,June 25 - June 30,06/30/2020,41.9
"Delayed Medical Care, Last 4 Weeks",By State,Massachusetts,Massachusetts,June 25 - June 30,06/30/2020,40.8
"Delayed Medical Care, Last 4 Weeks",By State,Michigan,Michigan,June 25 - June 30,06/30/2020,44.9
"Delayed Medical Care, Last 4 Weeks",By State,Minnesota,Minnesota,June 25 - June 30,06/30/2020,42.8
"Delayed Medical Care, Last 4 Weeks",By State,Mississippi,Mississippi,June 25 - June 30,06/30/2020,45.5
"Delayed Medical Care, Last 4 Weeks",By State,Missouri,Missouri,June 25 - June 30,06/30/2020,40.9
"Delayed Medical Care, Last 4 Weeks",By State,Montana,Montana,June 25 - June 30,06/30/2020,35
"Delayed Medical Care, Last 4 Weeks",By State,Nebraska,Nebraska,June 25 - June 30,06/30/2020,36.6
"Delayed Medical Care, Last 4 Weeks",By State,Nevada,Nevada,June 25 - June 30,06/30/2020,45
"Delayed Medical Care, Last 4 Weeks",By State,New Hampshire,New Hampshire,June 25 - June 30,06/30/2020,43.1
"Delayed Medical Care, Last 4 Weeks",By State,New Jersey,New Jersey,June 25 - June 30,06/30/2020,47.3
"Delayed Medical Care, Last 4 Weeks",By State,New Mexico,New Mexico,June 25 - June 30,06/30/2020,50.5
"Delayed Medical Care, Last 4 Weeks",By State,New York,New York,June 25 - June 30,06/30/2020,39.7
"Delayed Medical Care, Last 4 Weeks",By State,North Carolina,North Carolina,June 25 - June 30,06/30/2020,36.7
"Delayed Medical Care, Last 4 Weeks",By State,North Dakota,North Dakota,June 25 - June 30,06/30/2020,36.3
"Delayed Medical Care, Last 4 Weeks",By State,Ohio,Ohio,June 25 - June 30,06/30/2020,40.4
"Delayed Medical Care, Last 4 Weeks",By State,Oklahoma,Oklahoma,June 25 - June 30,06/30/2020,41.1
"Delayed Medical Care, Last 4 Weeks",By State,Oregon,Oregon,June 25 - June 30,06/30/2020,44.1
"Delayed Medical Care, Last 4 Weeks",By State,Pennsylvania,Pennsylvania,June 25 - June 30,06/30/2020,41.1
"Delayed Medical Care, Last 4 Weeks",By State,Rhode Island,Rhode Island,June 25 - June 30,06/30/2020,33.5
"Delayed Medical Care, Last 4 Weeks",By State,South Carolina,South Carolina,June 25 - June 30,06/30/2020,42.4
"Delayed Medical Care, Last 4 Weeks",By State,South Dakota,South Dakota,June 25 - June 30,06/30/2020,36
"Delayed Medical Care, Last 4 Weeks",By State,Tennessee,Tennessee,June 25 - June 30,06/30/2020,42.9
"Delayed Medical Care, Last 4 Weeks",By State,Texas,Texas,June 25 - June 30,06/30/2020,38.3
"Delayed Medical Care, Last 4 Weeks",By State,Utah,Utah,June 25 - June 30,06/30/2020,40.7
"Delayed Medical Care, Last 4 Weeks",By State,Vermont,Vermont,June 25 - June 30,06/30/2020,43.6
"Delayed Medical Care, Last 4 Weeks",By State,Virginia,Virginia,June 25 - June 30,06/30/2020,39
"Delayed Medical Care, Last 4 Weeks",By State,Washington,Washington,June 25 - June 30,06/30/2020,46.8
"Delayed Medical Care, Last 4 Weeks",By State,West Virginia,West Virginia,June 25 - June 30,06/30/2020,45.2
"Delayed Medical Care, Last 4 Weeks",By State,Wisconsin,Wisconsin,June 25 - June 30,06/30/2020,40.9
"Delayed Medical Care, Last 4 Weeks",By State,Wyoming,Wyoming,June 25 - June 30,06/30/2020,33
"Did Not Get Needed Care, Last 4 Weeks",By Age,United States,18 - 29 years,June 25 - June 30,06/30/2020,26.9
"Did Not Get Needed Care, Last 4 Weeks",By Age,United States,30 - 39 years,June 25 - June 30,06/30/2020,33
"Did Not Get Needed Care, Last 4 Weeks",By Age,United States,40 - 49 years,June 25 - June 30,06/30/2020,36.4
"Did Not Get Needed Care, Last 4 Weeks",By Age,United States,50 - 59 years,June 25 - June 30,06/30/2020,37.3
"Did Not Get Needed Care, Last 4 Weeks",By Age,United States,60 - 69 years,June 25 - June 30,06/30/2020,32.7
"Did Not Get Needed Care, Last 4 Weeks",By Age,United States,70 - 79 years,June 25 - June 30,06/30/2020,28
"Did Not Get Needed Care, Last 4 Weeks",By Age,United States,80 years and above,June 25 - June 30,06/30/2020,23.9
"Did Not Get Needed Care, Last 4 Weeks",By State,Alabama,Alabama,June 25 - June 30,06/30/2020,33.3
"Did Not Get Needed Care, Last 4 Weeks",By State,Alaska,Alaska,June 25 - June 30,06/30/2020,34.1
"Did Not Get Needed Care, Last 4 Weeks",By State,Arizona,Arizona,June 25 - June 30,06/30/2020,36.1
"Did Not Get Needed Care, Last 4 Weeks",By State,Arkansas,Arkansas,June 25 - June 30,06/30/2020,35
"Did Not Get Needed Care, Last 4 Weeks",By State,California,California,June 25 - June 30,06/30/2020,32.9
"Did Not Get Needed Care, Last 4 Weeks",By State,Colorado,Colorado,June 25 - June 30,06/30/2020,36
"Did Not Get Needed Care, Last 4 Weeks",By State,Connecticut,Connecticut,June 25 - June 30,06/30/2020,27.5
"Did Not Get Needed Care, Last 4 Weeks",By State,Delaware,Delaware,June 25 - June 30,06/30/2020,34.6
"Did Not Get Needed Care, Last 4 Weeks",By State,District of Columbia,District of Columbia,June 25 - June 30,06/30/2020,28.6
"Did Not Get Needed Care, Last 4 Weeks",By State,Florida,Florida,June 25 - June 30,06/30/2020,30.7
"Did Not Get Needed Care, Last 4 Weeks",By State,Georgia,Georgia,June 25 - June 30,06/30/2020,33.7
"Did Not Get Needed Care, Last 4 Weeks",By State,Hawaii,Hawaii,June 25 - June 30,06/30/2020,31.6
"Did Not Get Needed Care, Last 4 Weeks",By State,Idaho,Idaho,June 25 - June 30,06/30/2020,31
"Did Not Get Needed Care, Last 4 Weeks",By State,Illinois,Illinois,June 25 - June 30,06/30/2020,36.5
"Did Not Get Needed Care, Last 4 Weeks",By State,Indiana,Indiana,June 25 - June 30,06/30/2020,36.3
"Did Not Get Needed Care, Last 4 Weeks",By State,Iowa,Iowa,June 25 - June 30,06/30/2020,25.5
"Did Not Get Needed Care, Last 4 Weeks",By State,Kansas,Kansas,June 25 - June 30,06/30/2020,26.9
"Did Not Get Needed Care, Last 4 Weeks",By State,Kentucky,Kentucky,June 25 - June 30,06/30/2020,35.1
"Did Not Get Needed Care, Last 4 Weeks",By State,Louisiana,Louisiana,June 25 - June 30,06/30/2020,35.3
"Did Not Get Needed Care, Last 4 Weeks",By State,Maine,Maine,June 25 - June 30,06/30/2020,40.1
"Did Not Get Needed Care, Last 4 Weeks",By State,Maryland,Maryland,June 25 - June 30,06/30/2020,31.8
"Did Not Get Needed Care, Last 4 Weeks",By State,Massachusetts,Massachusetts,June 25 - June 30,06/30/2020,31.7
"Did Not Get Needed Care, Last 4 Weeks",By State,Michigan,Michigan,June 25 - June 30,06/30/2020,33.4
"Did Not Get Needed Care, Last 4 Weeks",By State,Minnesota,Minnesota,June 25 - June 30,06/30/2020,34.2
"Did Not Get Needed Care, Last 4 Weeks",By State,Mississippi,Mississippi,June 25 - June 30,06/30/2020,41.4
"Did Not Get Needed Care, Last 4 Weeks",By State,Missouri,Missouri,June 25 - June 30,06/30/2020,33.1
"Did Not Get Needed Care, Last 4 Weeks",By State,Montana,Montana,June 25 - June 30,06/30/2020,29.5
"Did Not Get Needed Care, Last 4 Weeks",By State,Nebraska,Nebraska,June 25 - June 30,06/30/2020,27.6
"Did Not Get Needed Care, Last 4 Weeks",By State,Nevada,Nevada,June 25 - June 30,06/30/2020,35.5
"Did Not Get Needed Care, Last 4 Weeks",By State,New Hampshire,New Hampshire,June 25 - June 30,06/30/2020,34.1
"Did Not Get Needed Care, Last 4 Weeks",By State,New Jersey,New Jersey,June 25 - June 30,06/30/2020,37.1
"Did Not Get Needed Care, Last 4 Weeks",By State,New Mexico,New Mexico,June 25 - June 30,06/30/2020,39.4
"Did Not Get Needed Care, Last 4 Weeks",By State,New York,New York,June 25 - June 30,06/30/2020,33.2
"Did Not Get Needed Care, Last 4 Weeks",By State,North Carolina,North Carolina,June 25 - June 30,06/30/2020,29.1
"Did Not Get Needed Care, Last 4 Weeks",By State,North Dakota,North Dakota,June 25 - June 30,06/30/2020,26.6
"Did Not Get Needed Care, Last 4 Weeks",By State,Ohio,Ohio,June 25 - June 30,06/30/2020,29.8
"Did Not Get Needed Care, Last 4 Weeks",By State,Oklahoma,Oklahoma,June 25 - June 30,06/30/2020,36.1
"Did Not Get Needed Care, Last 4 Weeks",By State,Oregon,Oregon,June 25 - June 30,06/30/2020,33.3
"Did Not Get Needed Care, Last 4 Weeks",By State,Pennsylvania,Pennsylvania,June 25 - June 30,06/30/2020,31
"Did Not Get Needed Care, Last 4 Weeks",By State,Rhode Island,Rhode Island,June 25 - June 30,06/30/2020,29.3
"Did Not Get Needed Care, Last 4 Weeks",By State,South Carolina,South Carolina,June 25 - June 30,06/30/2020,35.6
"Did Not Get Needed Care, Last 4 Weeks",By State,South Dakota,South Dakota,June 25 - June 30,06/30/2020,25.8
"Did Not Get Needed Care, Last 4 Weeks",By State,Tennessee,Tennessee,June 25 - June 30,06/30/2020,31.2
"Did Not Get Needed Care, Last 4 Weeks",By State,Texas,Texas,June 25 - June 30,06/30/2020,30.3
"Did Not Get Needed Care, Last 4 Weeks",By State,Utah,Utah,June 25 - June 30,06/30/2020,26.2
"Did Not Get Needed Care, Last 4 Weeks",By State,Vermont,Vermont,June 25 - June 30,06/30/2020,34.7
"Did Not Get Needed Care, Last 4 Weeks",By State,Virginia,Virginia,June 25 - June 30,06/30/2020,28.9
"Did Not Get Needed Care, Last 4 Weeks",By State,Washington,Washington,June 25 - June 30,06/30/2020,32.9
"Did Not Get Needed Care, Last 4 Weeks",By State,West Virginia,West Virginia,June 25 - June 30,06/30/2020,36.3
"Did Not Get Needed Care, Last 4 Weeks",By State,Wisconsin,Wisconsin,June 25 - June 30,06/30/2020,24.7
"Did Not Get Needed Care, Last 4 Weeks",By State,Wyoming,Wyoming,June 25 - June 30,06/30/2020,29.6
"Delayed Medical Care, Last 4 Weeks",By Age,United States,18 - 29 years,July 2 - July 7,07/07/2020,35.4
"Delayed Medical Care, Last 4 Weeks",By Age,United States,30 - 39 years,July 2 - July 7,07/07/2020,42.7
"Delayed Medical Care, Last 4 Weeks",By Age,United States,40 - 49 years,July 2 - July 7,07/07/2020,42.8
"Delayed Medical Care, Last 4 Weeks",By Age,United States,50 - 59 years,July 2 - July 7,07/07/2020,42.5
"Delayed Medical Care, Last 4 Weeks",By Age,United States,60 - 69 years,July 2 - July 7,07/07/2020,40.5
"Delayed Medical Care, Last 4 Weeks",By Age,United States,70 - 79 years,July 2 - July 7,07/07/2020,35.7
"Delayed Medical Care, Last 4 Weeks",By Age,United States,80 years and above,July 2 - July 7,07/07/2020,33.5
"Delayed Medical Care, Last 4 Weeks",By State,Alabama,Alabama,July 2 - July 7,07/07/2020,39.9
"Delayed Medical Care, Last 4 Weeks",By State,Alaska,Alaska,July 2 - July 7,07/07/2020,41.8
"Delayed Medical Care, Last 4 Weeks",By State,Arizona,Arizona,July 2 - July 7,07/07/2020,40.5
"Delayed Medical Care, Last 4 Weeks",By State,Arkansas,Arkansas,July 2 - July 7,07/07/2020,43.4
"Delayed Medical Care, Last 4 Weeks",By State,California,California,July 2 - July 7,07/07/2020,39.2
"Delayed Medical Care, Last 4 Weeks",By State,Colorado,Colorado,July 2 - July 7,07/07/2020,41.2
"Delayed Medical Care, Last 4 Weeks",By State,Connecticut,Connecticut,July 2 - July 7,07/07/2020,41.6
"Delayed Medical Care, Last 4 Weeks",By State,Delaware,Delaware,July 2 - July 7,07/07/2020,41.5
"Delayed Medical Care, Last 4 Weeks",By State,District of Columbia,District of Columbia,July 2 - July 7,07/07/2020,46.9
"Delayed Medical Care, Last 4 Weeks",By State,Florida,Florida,July 2 - July 7,07/07/2020,36.8
"Delayed Medical Care, Last 4 Weeks",By State,Georgia,Georgia,July 2 - July 7,07/07/2020,41.5
"Delayed Medical Care, Last 4 Weeks",By State,Hawaii,Hawaii,July 2 - July 7,07/07/2020,30.6
"Delayed Medical Care, Last 4 Weeks",By State,Idaho,Idaho,July 2 - July 7,07/07/2020,36.9
"Delayed Medical Care, Last 4 Weeks",By State,Illinois,Illinois,July 2 - July 7,07/07/2020,38.1
"Delayed Medical Care, Last 4 Weeks",By State,Indiana,Indiana,July 2 - July 7,07/07/2020,40.5
"Delayed Medical Care, Last 4 Weeks",By State,Iowa,Iowa,July 2 - July 7,07/07/2020,35.7
"Delayed Medical Care, Last 4 Weeks",By State,Kansas,Kansas,July 2 - July 7,07/07/2020,39.3
"Delayed Medical Care, Last 4 Weeks",By State,Kentucky,Kentucky,July 2 - July 7,07/07/2020,40.9
"Delayed Medical Care, Last 4 Weeks",By State,Louisiana,Louisiana,July 2 - July 7,07/07/2020,40.2
"Delayed Medical Care, Last 4 Weeks",By State,Maine,Maine,July 2 - July 7,07/07/2020,41.7
"Delayed Medical Care, Last 4 Weeks",By State,Maryland,Maryland,July 2 - July 7,07/07/2020,46
"Delayed Medical Care, Last 4 Weeks",By State,Massachusetts,Massachusetts,July 2 - July 7,07/07/2020,41.8
"Delayed Medical Care, Last 4 Weeks",By State,Michigan,Michigan,July 2 - July 7,07/07/2020,42.6
"Delayed Medical Care, Last 4 Weeks",By State,Minnesota,Minnesota,July 2 - July 7,07/07/2020,36.7
"Delayed Medical Care, Last 4 Weeks",By State,Mississippi,Mississippi,July 2 - July 7,07/07/2020,39.1
"Delayed Medical Care, Last 4 Weeks",By State,Missouri,Missouri,July 2 - July 7,07/07/2020,45.2
"Delayed Medical Care, Last 4 Weeks",By State,Montana,Montana,July 2 - July 7,07/07/2020,35.6
"Delayed Medical Care, Last 4 Weeks",By State,Nebraska,Nebraska,July 2 - July 7,07/07/2020,34.1
"Delayed Medical Care, Last 4 Weeks",By State,Nevada,Nevada,July 2 - July 7,07/07/2020,43.9
"Delayed Medical Care, Last 4 Weeks",By State,New Hampshire,New Hampshire,July 2 - July 7,07/07/2020,35.5
"Delayed Medical Care, Last 4 Weeks",By State,New Jersey,New Jersey,July 2 - July 7,07/07/2020,45.6
"Delayed Medical Care, Last 4 Weeks",By State,New Mexico,New Mexico,July 2 - July 7,07/07/2020,47.1
"Delayed Medical Care, Last 4 Weeks",By State,New York,New York,July 2 - July 7,07/07/2020,41.7
"Delayed Medical Care, Last 4 Weeks",By State,North Carolina,North Carolina,July 2 - July 7,07/07/2020,39.9
"Delayed Medical Care, Last 4 Weeks",By State,North Dakota,North Dakota,July 2 - July 7,07/07/2020,39.3
"Delayed Medical Care, Last 4 Weeks",By State,Ohio,Ohio,July 2 - July 7,07/07/2020,38.6
"Delayed Medical Care, Last 4 Weeks",By State,Oklahoma,Oklahoma,July 2 - July 7,07/07/2020,37.2
"Delayed Medical Care, Last 4 Weeks",By State,Oregon,Oregon,July 2 - July 7,07/07/2020,45.6
"Delayed Medical Care, Last 4 Weeks",By State,Pennsylvania,Pennsylvania,July 2 - July 7,07/07/2020,42.5
"Delayed Medical Care, Last 4 Weeks",By State,Rhode Island,Rhode Island,July 2 - July 7,07/07/2020,39.4
"Delayed Medical Care, Last 4 Weeks",By State,South Carolina,South Carolina,July 2 - July 7,07/07/2020,37.3
"Delayed Medical Care, Last 4 Weeks",By State,South Dakota,South Dakota,July 2 - July 7,07/07/2020,36.7
"Delayed Medical Care, Last 4 Weeks",By State,Tennessee,Tennessee,July 2 - July 7,07/07/2020,38
"Delayed Medical Care, Last 4 Weeks",By State,Texas,Texas,July 2 - July 7,07/07/2020,38.3
"Delayed Medical Care, Last 4 Weeks",By State,Utah,Utah,July 2 - July 7,07/07/2020,35.5
"Delayed Medical Care, Last 4 Weeks",By State,Vermont,Vermont,July 2 - July 7,07/07/2020,44.3
"Delayed Medical Care, Last 4 Weeks",By State,Virginia,Virginia,July 2 - July 7,07/07/2020,42.3
"Delayed Medical Care, Last 4 Weeks",By State,Washington,Washington,July 2 - July 7,07/07/2020,43.4
"Delayed Medical Care, Last 4 Weeks",By State,West Virginia,West Virginia,July 2 - July 7,07/07/2020,36.2
"Delayed Medical Care, Last 4 Weeks",By State,Wisconsin,Wisconsin,July 2 - July 7,07/07/2020,38.1
"Delayed Medical Care, Last 4 Weeks",By State,Wyoming,Wyoming,July 2 - July 7,07/07/2020,39.1
"Did Not Get Needed Care, Last 4 Weeks",By Age,United States,18 - 29 years,July 2 - July 7,07/07/2020,26.4
"Did Not Get Needed Care, Last 4 Weeks",By Age,United States,30 - 39 years,July 2 - July 7,07/07/2020,33.8
"Did Not Get Needed Care, Last 4 Weeks",By Age,United States,40 - 49 years,July 2 - July 7,07/07/2020,36.9
"Did Not Get Needed Care, Last 4 Weeks",By Age,United States,50 - 59 years,July 2 - July 7,07/07/2020,37
"Did Not Get Needed Care, Last 4 Weeks",By Age,United States,60 - 69 years,July 2 - July 7,07/07/2020,31.9
"Did Not Get Needed Care, Last 4 Weeks",By Age,United States,70 - 79 years,July 2 - July 7,07/07/2020,26.3
"Did Not Get Needed Care, Last 4 Weeks",By Age,United States,80 years and above,July 2 - July 7,07/07/2020,22.8
"Did Not Get Needed Care, Last 4 Weeks",By State,Alabama,Alabama,July 2 - July 7,07/07/2020,30.6
"Did Not Get Needed Care, Last 4 Weeks",By State,Alaska,Alaska,July 2 - July 7,07/07/2020,33
"Did Not Get Needed Care, Last 4 Weeks",By State,Arizona,Arizona,July 2 - July 7,07/07/2020,32
"Did Not Get Needed Care, Last 4 Weeks",By State,Arkansas,Arkansas,July 2 - July 7,07/07/2020,36.6
"Did Not Get Needed Care, Last 4 Weeks",By State,California,California,July 2 - July 7,07/07/2020,33.4
"Did Not Get Needed Care, Last 4 Weeks",By State,Colorado,Colorado,July 2 - July 7,07/07/2020,32.8
"Did Not Get Needed Care, Last 4 Weeks",By State,Connecticut,Connecticut,July 2 - July 7,07/07/2020,32.2
"Did Not Get Needed Care, Last 4 Weeks",By State,Delaware,Delaware,July 2 - July 7,07/07/2020,33.6
"Did Not Get Needed Care, Last 4 Weeks",By State,District of Columbia,District of Columbia,July 2 - July 7,07/07/2020,33.3
"Did Not Get Needed Care, Last 4 Weeks",By State,Florida,Florida,July 2 - July 7,07/07/2020,29.7
"Did Not Get Needed Care, Last 4 Weeks",By State,Georgia,Georgia,July 2 - July 7,07/07/2020,33.5
"Did Not Get Needed Care, Last 4 Weeks",By State,Hawaii,Hawaii,July 2 - July 7,07/07/2020,21.5
"Did Not Get Needed Care, Last 4 Weeks",By State,Idaho,Idaho,July 2 - July 7,07/07/2020,29.3
"Did Not Get Needed Care, Last 4 Weeks",By State,Illinois,Illinois,July 2 - July 7,07/07/2020,29.6
"Did Not Get Needed Care, Last 4 Weeks",By State,Indiana,Indiana,July 2 - July 7,07/07/2020,31.8
"Did Not Get Needed Care, Last 4 Weeks",By State,Iowa,Iowa,July 2 - July 7,07/07/2020,26
"Did Not Get Needed Care, Last 4 Weeks",By State,Kansas,Kansas,July 2 - July 7,07/07/2020,29.3
"Did Not Get Needed Care, Last 4 Weeks",By State,Kentucky,Kentucky,July 2 - July 7,07/07/2020,34.2
"Did Not Get Needed Care, Last 4 Weeks",By State,Louisiana,Louisiana,July 2 - July 7,07/07/2020,33.4
"Did Not Get Needed Care, Last 4 Weeks",By State,Maine,Maine,July 2 - July 7,07/07/2020,31.7
"Did Not Get Needed Care, Last 4 Weeks",By State,Maryland,Maryland,July 2 - July 7,07/07/2020,31.7
"Did Not Get Needed Care, Last 4 Weeks",By State,Massachusetts,Massachusetts,July 2 - July 7,07/07/2020,29.6
"Did Not Get Needed Care, Last 4 Weeks",By State,Michigan,Michigan,July 2 - July 7,07/07/2020,34
"Did Not Get Needed Care, Last 4 Weeks",By State,Minnesota,Minnesota,July 2 - July 7,07/07/2020,26.1
"Did Not Get Needed Care, Last 4 Weeks",By State,Mississippi,Mississippi,July 2 - July 7,07/07/2020,32.5
"Did Not Get Needed Care, Last 4 Weeks",By State,Missouri,Missouri,July 2 - July 7,07/07/2020,32.9
"Did Not Get Needed Care, Last 4 Weeks",By State,Montana,Montana,July 2 - July 7,07/07/2020,28.4
"Did Not Get Needed Care, Last 4 Weeks",By State,Nebraska,Nebraska,July 2 - July 7,07/07/2020,25.7
"Did Not Get Needed Care, Last 4 Weeks",By State,Nevada,Nevada,July 2 - July 7,07/07/2020,39.6
"Did Not Get Needed Care, Last 4 Weeks",By State,New Hampshire,New Hampshire,July 2 - July 7,07/07/2020,26.8
"Did Not Get Needed Care, Last 4 Weeks",By State,New Jersey,New Jersey,July 2 - July 7,07/07/2020,35.2
"Did Not Get Needed Care, Last 4 Weeks",By State,New Mexico,New Mexico,July 2 - July 7,07/07/2020,37
"Did Not Get Needed Care, Last 4 Weeks",By State,New York,New York,July 2 - July 7,07/07/2020,34.1
"Did Not Get Needed Care, Last 4 Weeks",By State,North Carolina,North Carolina,July 2 - July 7,07/07/2020,34.5
"Did Not Get Needed Care, Last 4 Weeks",By State,North Dakota,North Dakota,July 2 - July 7,07/07/2020,33.9
"Did Not Get Needed Care, Last 4 Weeks",By State,Ohio,Ohio,July 2 - July 7,07/07/2020,31.8
"Did Not Get Needed Care, Last 4 Weeks",By State,Oklahoma,Oklahoma,July 2 - July 7,07/07/2020,30.2
"Did Not Get Needed Care, Last 4 Weeks",By State,Oregon,Oregon,July 2 - July 7,07/07/2020,37.9
"Did Not Get Needed Care, Last 4 Weeks",By State,Pennsylvania,Pennsylvania,July 2 - July 7,07/07/2020,32.8
"Did Not Get Needed Care, Last 4 Weeks",By State,Rhode Island,Rhode Island,July 2 - July 7,07/07/2020,29.1
"Did Not Get Needed Care, Last 4 Weeks",By State,South Carolina,South Carolina,July 2 - July 7,07/07/2020,30.9
"Did Not Get Needed Care, Last 4 Weeks",By State,South Dakota,South Dakota,July 2 - July 7,07/07/2020,28.7
"Did Not Get Needed Care, Last 4 Weeks",By State,Tennessee,Tennessee,July 2 - July 7,07/07/2020,30.6
"Did Not Get Needed Care, Last 4 Weeks",By State,Texas,Texas,July 2 - July 7,07/07/2020,31.4
"Did Not Get Needed Care, Last 4 Weeks",By State,Utah,Utah,July 2 - July 7,07/07/2020,26
"Did Not Get Needed Care, Last 4 Weeks",By State,Vermont,Vermont,July 2 - July 7,07/07/2020,37.9
"Did Not Get Needed Care, Last 4 Weeks",By State,Virginia,Virginia,July 2 - July 7,07/07/2020,36.9
"Did Not Get Needed Care, Last 4 Weeks",By State,Washington,Washington,July 2 - July 7,07/07/2020,36.1
"Did Not Get Needed Care, Last 4 Weeks",By State,West Virginia,West Virginia,July 2 - July 7,07/07/2020,30.9
"Did Not Get Needed Care, Last 4 Weeks",By State,Wisconsin,Wisconsin,July 2 - July 7,07/07/2020,29.5
"Did Not Get Needed Care, Last 4 Weeks",By State,Wyoming,Wyoming,July 2 - July 7,07/07/2020,30.9
"Delayed Medical Care, Last 4 Weeks",By Age,United States,18 - 29 years,July 9 - July 14,07/14/2020,37.3
"Delayed Medical Care, Last 4 Weeks",By Age,United States,30 - 39 years,July 9 - July 14,07/14/2020,42.1
"Delayed Medical Care, Last 4 Weeks",By Age,United States,40 - 49 years,July 9 - July 14,07/14/2020,44.1
"Delayed Medical Care, Last 4 Weeks",By Age,United States,50 - 59 years,July 9 - July 14,07/14/2020,44.4
"Delayed Medical Care, Last 4 Weeks",By Age,United States,60 - 69 years,July 9 - July 14,07/14/2020,41.1
"Delayed Medical Care, Last 4 Weeks",By Age,United States,70 - 79 years,July 9 - July 14,07/14/2020,32.2
"Delayed Medical Care, Last 4 Weeks",By Age,United States,80 years and above,July 9 - July 14,07/14/2020,31.3
"Delayed Medical Care, Last 4 Weeks",By State,Alabama,Alabama,July 9 - July 14,07/14/2020,41.4
"Delayed Medical Care, Last 4 Weeks",By State,Alaska,Alaska,July 9 - July 14,07/14/2020,48.9
"Delayed Medical Care, Last 4 Weeks",By State,Arizona,Arizona,July 9 - July 14,07/14/2020,39.7
"Delayed Medical Care, Last 4 Weeks",By State,Arkansas,Arkansas,July 9 - July 14,07/14/2020,39.6
"Delayed Medical Care, Last 4 Weeks",By State,California,California,July 9 - July 14,07/14/2020,43.7
"Delayed Medical Care, Last 4 Weeks",By State,Colorado,Colorado,July 9 - July 14,07/14/2020,38.3
"Delayed Medical Care, Last 4 Weeks",By State,Connecticut,Connecticut,July 9 - July 14,07/14/2020,39.8
"Delayed Medical Care, Last 4 Weeks",By State,Delaware,Delaware,July 9 - July 14,07/14/2020,36.8
"Delayed Medical Care, Last 4 Weeks",By State,District of Columbia,District of Columbia,July 9 - July 14,07/14/2020,39.2
"Delayed Medical Care, Last 4 Weeks",By State,Florida,Florida,July 9 - July 14,07/14/2020,38.7
"Delayed Medical Care, Last 4 Weeks",By State,Georgia,Georgia,July 9 - July 14,07/14/2020,40.6
"Delayed Medical Care, Last 4 Weeks",By State,Hawaii,Hawaii,July 9 - July 14,07/14/2020,37
"Delayed Medical Care, Last 4 Weeks",By State,Idaho,Idaho,July 9 - July 14,07/14/2020,39.7
"Delayed Medical Care, Last 4 Weeks",By State,Illinois,Illinois,July 9 - July 14,07/14/2020,42.6
"Delayed Medical Care, Last 4 Weeks",By State,Indiana,Indiana,July 9 - July 14,07/14/2020,39.7
"Delayed Medical Care, Last 4 Weeks",By State,Iowa,Iowa,July 9 - July 14,07/14/2020,33.9
"Delayed Medical Care, Last 4 Weeks",By State,Kansas,Kansas,July 9 - July 14,07/14/2020,36.1
"Delayed Medical Care, Last 4 Weeks",By State,Kentucky,Kentucky,July 9 - July 14,07/14/2020,38.1
"Delayed Medical Care, Last 4 Weeks",By State,Louisiana,Louisiana,July 9 - July 14,07/14/2020,40.1
"Delayed Medical Care, Last 4 Weeks",By State,Maine,Maine,July 9 - July 14,07/14/2020,37.7
"Delayed Medical Care, Last 4 Weeks",By State,Maryland,Maryland,July 9 - July 14,07/14/2020,37.6
"Delayed Medical Care, Last 4 Weeks",By State,Massachusetts,Massachusetts,July 9 - July 14,07/14/2020,50.1
"Delayed Medical Care, Last 4 Weeks",By State,Michigan,Michigan,July 9 - July 14,07/14/2020,44.9
"Delayed Medical Care, Last 4 Weeks",By State,Minnesota,Minnesota,July 9 - July 14,07/14/2020,38
"Delayed Medical Care, Last 4 Weeks",By State,Mississippi,Mississippi,July 9 - July 14,07/14/2020,44.4
"Delayed Medical Care, Last 4 Weeks",By State,Missouri,Missouri,July 9 - July 14,07/14/2020,38.1
"Delayed Medical Care, Last 4 Weeks",By State,Montana,Montana,July 9 - July 14,07/14/2020,42.3
"Delayed Medical Care, Last 4 Weeks",By State,Nebraska,Nebraska,July 9 - July 14,07/14/2020,33.2
"Delayed Medical Care, Last 4 Weeks",By State,Nevada,Nevada,July 9 - July 14,07/14/2020,38.9
"Delayed Medical Care, Last 4 Weeks",By State,New Hampshire,New Hampshire,July 9 - July 14,07/14/2020,38.6
"Delayed Medical Care, Last 4 Weeks",By State,New Jersey,New Jersey,July 9 - July 14,07/14/2020,44.6
"Delayed Medical Care, Last 4 Weeks",By State,New Mexico,New Mexico,July 9 - July 14,07/14/2020,42.2
"Delayed Medical Care, Last 4 Weeks",By State,New York,New York,July 9 - July 14,07/14/2020,39.1
"Delayed Medical Care, Last 4 Weeks",By State,North Carolina,North Carolina,July 9 - July 14,07/14/2020,35.9
"Delayed Medical Care, Last 4 Weeks",By State,North Dakota,North Dakota,July 9 - July 14,07/14/2020,24.5
"Delayed Medical Care, Last 4 Weeks",By State,Ohio,Ohio,July 9 - July 14,07/14/2020,41.7
"Delayed Medical Care, Last 4 Weeks",By State,Oklahoma,Oklahoma,July 9 - July 14,07/14/2020,39
"Delayed Medical Care, Last 4 Weeks",By State,Oregon,Oregon,July 9 - July 14,07/14/2020,45.1
"Delayed Medical Care, Last 4 Weeks",By State,Pennsylvania,Pennsylvania,July 9 - July 14,07/14/2020,36.3
"Delayed Medical Care, Last 4 Weeks",By State,Rhode Island,Rhode Island,July 9 - July 14,07/14/2020,49
"Delayed Medical Care, Last 4 Weeks",By State,South Carolina,South Carolina,July 9 - July 14,07/14/2020,41.3
"Delayed Medical Care, Last 4 Weeks",By State,South Dakota,South Dakota,July 9 - July 14,07/14/2020,36.8
"Delayed Medical Care, Last 4 Weeks",By State,Tennessee,Tennessee,July 9 - July 14,07/14/2020,36.6
"Delayed Medical Care, Last 4 Weeks",By State,Texas,Texas,July 9 - July 14,07/14/2020,39.3
"Delayed Medical Care, Last 4 Weeks",By State,Utah,Utah,July 9 - July 14,07/14/2020,37
"Delayed Medical Care, Last 4 Weeks",By State,Vermont,Vermont,July 9 - July 14,07/14/2020,39.6
"Delayed Medical Care, Last 4 Weeks",By State,Virginia,Virginia,July 9 - July 14,07/14/2020,46.9
"Delayed Medical Care, Last 4 Weeks",By State,Washington,Washington,July 9 - July 14,07/14/2020,43.4
"Delayed Medical Care, Last 4 Weeks",By State,West Virginia,West Virginia,July 9 - July 14,07/14/2020,45.4
"Delayed Medical Care, Last 4 Weeks",By State,Wisconsin,Wisconsin,July 9 - July 14,07/14/2020,39.1
"Delayed Medical Care, Last 4 Weeks",By State,Wyoming,Wyoming,July 9 - July 14,07/14/2020,31.6
"Did Not Get Needed Care, Last 4 Weeks",By Age,United States,18 - 29 years,July 9 - July 14,07/14/2020,28.6
"Did Not Get Needed Care, Last 4 Weeks",By Age,United States,30 - 39 years,July 9 - July 14,07/14/2020,34.5
"Did Not Get Needed Care, Last 4 Weeks",By Age,United States,40 - 49 years,July 9 - July 14,07/14/2020,36.3
"Did Not Get Needed Care, Last 4 Weeks",By Age,United States,50 - 59 years,July 9 - July 14,07/14/2020,36.9
"Did Not Get Needed Care, Last 4 Weeks",By Age,United States,60 - 69 years,July 9 - July 14,07/14/2020,31.2
"Did Not Get Needed Care, Last 4 Weeks",By Age,United States,70 - 79 years,July 9 - July 14,07/14/2020,25.9
"Did Not Get Needed Care, Last 4 Weeks",By Age,United States,80 years and above,July 9 - July 14,07/14/2020,24.4
"Did Not Get Needed Care, Last 4 Weeks",By State,Alabama,Alabama,July 9 - July 14,07/14/2020,33.4
"Did Not Get Needed Care, Last 4 Weeks",By State,Alaska,Alaska,July 9 - July 14,07/14/2020,42.2
"Did Not Get Needed Care, Last 4 Weeks",By State,Arizona,Arizona,July 9 - July 14,07/14/2020,35.1
"Did Not Get Needed Care, Last 4 Weeks",By State,Arkansas,Arkansas,July 9 - July 14,07/14/2020,33.6
"Did Not Get Needed Care, Last 4 Weeks",By State,California,California,July 9 - July 14,07/14/2020,35.1
"Did Not Get Needed Care, Last 4 Weeks",By State,Colorado,Colorado,July 9 - July 14,07/14/2020,34.2
"Did Not Get Needed Care, Last 4 Weeks",By State,Connecticut,Connecticut,July 9 - July 14,07/14/2020,34.8
"Did Not Get Needed Care, Last 4 Weeks",By State,Delaware,Delaware,July 9 - July 14,07/14/2020,30.7
"Did Not Get Needed Care, Last 4 Weeks",By State,District of Columbia,District of Columbia,July 9 - July 14,07/14/2020,28.4
"Did Not Get Needed Care, Last 4 Weeks",By State,Florida,Florida,July 9 - July 14,07/14/2020,30.7
"Did Not Get Needed Care, Last 4 Weeks",By State,Georgia,Georgia,July 9 - July 14,07/14/2020,32.5
"Did Not Get Needed Care, Last 4 Weeks",By State,Hawaii,Hawaii,July 9 - July 14,07/14/2020,29.6
"Did Not Get Needed Care, Last 4 Weeks",By State,Idaho,Idaho,July 9 - July 14,07/14/2020,32
"Did Not Get Needed Care, Last 4 Weeks",By State,Illinois,Illinois,July 9 - July 14,07/14/2020,33
"Did Not Get Needed Care, Last 4 Weeks",By State,Indiana,Indiana,July 9 - July 14,07/14/2020,35.3
"Did Not Get Needed Care, Last 4 Weeks",By State,Iowa,Iowa,July 9 - July 14,07/14/2020,25.6
"Did Not Get Needed Care, Last 4 Weeks",By State,Kansas,Kansas,July 9 - July 14,07/14/2020,27.9
"Did Not Get Needed Care, Last 4 Weeks",By State,Kentucky,Kentucky,July 9 - July 14,07/14/2020,30.6
"Did Not Get Needed Care, Last 4 Weeks",By State,Louisiana,Louisiana,July 9 - July 14,07/14/2020,35.1
"Did Not Get Needed Care, Last 4 Weeks",By State,Maine,Maine,July 9 - July 14,07/14/2020,29.8
"Did Not Get Needed Care, Last 4 Weeks",By State,Maryland,Maryland,July 9 - July 14,07/14/2020,27.5
"Did Not Get Needed Care, Last 4 Weeks",By State,Massachusetts,Massachusetts,July 9 - July 14,07/14/2020,38.6
"Did Not Get Needed Care, Last 4 Weeks",By State,Michigan,Michigan,July 9 - July 14,07/14/2020,34.9
"Did Not Get Needed Care, Last 4 Weeks",By State,Minnesota,Minnesota,July 9 - July 14,07/14/2020,27.4
"Did Not Get Needed Care, Last 4 Weeks",By State,Mississippi,Mississippi,July 9 - July 14,07/14/2020,37.7
"Did Not Get Needed Care, Last 4 Weeks",By State,Missouri,Missouri,July 9 - July 14,07/14/2020,30.3
"Did Not Get Needed Care, Last 4 Weeks",By State,Montana,Montana,July 9 - July 14,07/14/2020,37.9
"Did Not Get Needed Care, Last 4 Weeks",By State,Nebraska,Nebraska,July 9 - July 14,07/14/2020,27.7
"Did Not Get Needed Care, Last 4 Weeks",By State,Nevada,Nevada,July 9 - July 14,07/14/2020,33.9
"Did Not Get Needed Care, Last 4 Weeks",By State,New Hampshire,New Hampshire,July 9 - July 14,07/14/2020,30.9
"Did Not Get Needed Care, Last 4 Weeks",By State,New Jersey,New Jersey,July 9 - July 14,07/14/2020,36.1
"Did Not Get Needed Care, Last 4 Weeks",By State,New Mexico,New Mexico,July 9 - July 14,07/14/2020,37.6
"Did Not Get Needed Care, Last 4 Weeks",By State,New York,New York,July 9 - July 14,07/14/2020,28.6
"Did Not Get Needed Care, Last 4 Weeks",By State,North Carolina,North Carolina,July 9 - July 14,07/14/2020,29.7
"Did Not Get Needed Care, Last 4 Weeks",By State,North Dakota,North Dakota,July 9 - July 14,07/14/2020,21.9
"Did Not Get Needed Care, Last 4 Weeks",By State,Ohio,Ohio,July 9 - July 14,07/14/2020,34.8
"Did Not Get Needed Care, Last 4 Weeks",By State,Oklahoma,Oklahoma,July 9 - July 14,07/14/2020,32.8
"Did Not Get Needed Care, Last 4 Weeks",By State,Oregon,Oregon,July 9 - July 14,07/14/2020,35.5
"Did Not Get Needed Care, Last 4 Weeks",By State,Pennsylvania,Pennsylvania,July 9 - July 14,07/14/2020,29.5
"Did Not Get Needed Care, Last 4 Weeks",By State,Rhode Island,Rhode Island,July 9 - July 14,07/14/2020,37.2
"Did Not Get Needed Care, Last 4 Weeks",By State,South Carolina,South Carolina,July 9 - July 14,07/14/2020,29.7
"Did Not Get Needed Care, Last 4 Weeks",By State,South Dakota,South Dakota,July 9 - July 14,07/14/2020,28.9
"Did Not Get Needed Care, Last 4 Weeks",By State,Tennessee,Tennessee,July 9 - July 14,07/14/2020,30.4
"Did Not Get Needed Care, Last 4 Weeks",By State,Texas,Texas,July 9 - July 14,07/14/2020,32.2
"Did Not Get Needed Care, Last 4 Weeks",By State,Utah,Utah,July 9 - July 14,07/14/2020,28.1
"Did Not Get Needed Care, Last 4 Weeks",By State,Vermont,Vermont,July 9 - July 14,07/14/2020,33.4
"Did Not Get Needed Care, Last 4 Weeks",By State,Virginia,Virginia,July 9 - July 14,07/14/2020,36.5
"Did Not Get Needed Care, Last 4 Weeks",By State,Washington,Washington,July 9 - July 14,07/14/2020,33
"Did Not Get Needed Care, Last 4 Weeks",By State,West Virginia,West Virginia,July 9 - July 14,07/14/2020,40
"Did Not Get Needed Care, Last 4 Weeks",By State,Wisconsin,Wisconsin,July 9 - July 14,07/14/2020,27.8
"Did Not Get Needed Care, Last 4 Weeks",By State,Wyoming,Wyoming,July 9 - July 14,07/14/2020,27.1
"Delayed Medical Care, Last 4 Weeks",By Age,United States,18 - 29 years,July 16 - July 21,07/21/2020,37.6
"Delayed Medical Care, Last 4 Weeks",By Age,United States,30 - 39 years,July 16 - July 21,07/21/2020,43.4
"Delayed Medical Care, Last 4 Weeks",By Age,United States,40 - 49 years,July 16 - July 21,07/21/2020,43.5
"Delayed Medical Care, Last 4 Weeks",By Age,United States,50 - 59 years,July 16 - July 21,07/21/2020,42.8
"Delayed Medical Care, Last 4 Weeks",By Age,United States,60 - 69 years,July 16 - July 21,07/21/2020,39.1
"Delayed Medical Care, Last 4 Weeks",By Age,United States,70 - 79 years,July 16 - July 21,07/21/2020,32.6
"Delayed Medical Care, Last 4 Weeks",By Age,United States,80 years and above,July 16 - July 21,07/21/2020,25.7
"Delayed Medical Care, Last 4 Weeks",By State,Alabama,Alabama,July 16 - July 21,07/21/2020,44.6
"Delayed Medical Care, Last 4 Weeks",By State,Alaska,Alaska,July 16 - July 21,07/21/2020,44.5
"Delayed Medical Care, Last 4 Weeks",By State,Arizona,Arizona,July 16 - July 21,07/21/2020,38.9
"Delayed Medical Care, Last 4 Weeks",By State,Arkansas,Arkansas,July 16 - July 21,07/21/2020,37
"Delayed Medical Care, Last 4 Weeks",By State,California,California,July 16 - July 21,07/21/2020,41.2
"Delayed Medical Care, Last 4 Weeks",By State,Colorado,Colorado,July 16 - July 21,07/21/2020,41.1
"Delayed Medical Care, Last 4 Weeks",By State,Connecticut,Connecticut,July 16 - July 21,07/21/2020,37.1
"Delayed Medical Care, Last 4 Weeks",By State,Delaware,Delaware,July 16 - July 21,07/21/2020,37.4
"Delayed Medical Care, Last 4 Weeks",By State,District of Columbia,District of Columbia,July 16 - July 21,07/21/2020,50.6
"Delayed Medical Care, Last 4 Weeks",By State,Florida,Florida,July 16 - July 21,07/21/2020,37.9
"Delayed Medical Care, Last 4 Weeks",By State,Georgia,Georgia,July 16 - July 21,07/21/2020,40.1
"Delayed Medical Care, Last 4 Weeks",By State,Hawaii,Hawaii,July 16 - July 21,07/21/2020,35.4
"Delayed Medical Care, Last 4 Weeks",By State,Idaho,Idaho,July 16 - July 21,07/21/2020,34.1
"Delayed Medical Care, Last 4 Weeks",By State,Illinois,Illinois,July 16 - July 21,07/21/2020,42.8
"Delayed Medical Care, Last 4 Weeks",By State,Indiana,Indiana,July 16 - July 21,07/21/2020,38.9
"Delayed Medical Care, Last 4 Weeks",By State,Iowa,Iowa,July 16 - July 21,07/21/2020,32.8
"Delayed Medical Care, Last 4 Weeks",By State,Kansas,Kansas,July 16 - July 21,07/21/2020,39.2
"Delayed Medical Care, Last 4 Weeks",By State,Kentucky,Kentucky,July 16 - July 21,07/21/2020,33.8
"Delayed Medical Care, Last 4 Weeks",By State,Louisiana,Louisiana,July 16 - July 21,07/21/2020,36
"Delayed Medical Care, Last 4 Weeks",By State,Maine,Maine,July 16 - July 21,07/21/2020,49.4
"Delayed Medical Care, Last 4 Weeks",By State,Maryland,Maryland,July 16 - July 21,07/21/2020,41.3
"Delayed Medical Care, Last 4 Weeks",By State,Massachusetts,Massachusetts,July 16 - July 21,07/21/2020,41
"Delayed Medical Care, Last 4 Weeks",By State,Michigan,Michigan,July 16 - July 21,07/21/2020,42.9
"Delayed Medical Care, Last 4 Weeks",By State,Minnesota,Minnesota,July 16 - July 21,07/21/2020,40.9
"Delayed Medical Care, Last 4 Weeks",By State,Mississippi,Mississippi,July 16 - July 21,07/21/2020,40
"Delayed Medical Care, Last 4 Weeks",By State,Missouri,Missouri,July 16 - July 21,07/21/2020,41.6
"Delayed Medical Care, Last 4 Weeks",By State,Montana,Montana,July 16 - July 21,07/21/2020,39.6
"Delayed Medical Care, Last 4 Weeks",By State,Nebraska,Nebraska,July 16 - July 21,07/21/2020,32
"Delayed Medical Care, Last 4 Weeks",By State,Nevada,Nevada,July 16 - July 21,07/21/2020,42.6
"Delayed Medical Care, Last 4 Weeks",By State,New Hampshire,New Hampshire,July 16 - July 21,07/21/2020,35.1
"Delayed Medical Care, Last 4 Weeks",By State,New Jersey,New Jersey,July 16 - July 21,07/21/2020,38.1
"Delayed Medical Care, Last 4 Weeks",By State,New Mexico,New Mexico,July 16 - July 21,07/21/2020,46.5
"Delayed Medical Care, Last 4 Weeks",By State,New York,New York,July 16 - July 21,07/21/2020,37.5
"Delayed Medical Care, Last 4 Weeks",By State,North Carolina,North Carolina,July 16 - July 21,07/21/2020,33.9
"Delayed Medical Care, Last 4 Weeks",By State,North Dakota,North Dakota,July 16 - July 21,07/21/2020,30.3
"Delayed Medical Care, Last 4 Weeks",By State,Ohio,Ohio,July 16 - July 21,07/21/2020,41.4
"Delayed Medical Care, Last 4 Weeks",By State,Oklahoma,Oklahoma,July 16 - July 21,07/21/2020,41.6
"Delayed Medical Care, Last 4 Weeks",By State,Oregon,Oregon,July 16 - July 21,07/21/2020,47.4
"Delayed Medical Care, Last 4 Weeks",By State,Pennsylvania,Pennsylvania,July 16 - July 21,07/21/2020,40
"Delayed Medical Care, Last 4 Weeks",By State,Rhode Island,Rhode Island,July 16 - July 21,07/21/2020,38.2
"Delayed Medical Care, Last 4 Weeks",By State,South Carolina,South Carolina,July 16 - July 21,07/21/2020,41.6
"Delayed Medical Care, Last 4 Weeks",By State,South Dakota,South Dakota,July 16 - July 21,07/21/2020,35.1
"Delayed Medical Care, Last 4 Weeks",By State,Tennessee,Tennessee,July 16 - July 21,07/21/2020,40.9
"Delayed Medical Care, Last 4 Weeks",By State,Texas,Texas,July 16 - July 21,07/21/2020,41
"Delayed Medical Care, Last 4 Weeks",By State,Utah,Utah,July 16 - July 21,07/21/2020,34.6
"Delayed Medical Care, Last 4 Weeks",By State,Vermont,Vermont,July 16 - July 21,07/21/2020,42.2
"Delayed Medical Care, Last 4 Weeks",By State,Virginia,Virginia,July 16 - July 21,07/21/2020,45.7
"Delayed Medical Care, Last 4 Weeks",By State,Washington,Washington,July 16 - July 21,07/21/2020,46
"Delayed Medical Care, Last 4 Weeks",By State,West Virginia,West Virginia,July 16 - July 21,07/21/2020,39.4
"Delayed Medical Care, Last 4 Weeks",By State,Wisconsin,Wisconsin,July 16 - July 21,07/21/2020,35.9
"Delayed Medical Care, Last 4 Weeks",By State,Wyoming,Wyoming,July 16 - July 21,07/21/2020,41.6
"Did Not Get Needed Care, Last 4 Weeks",By Age,United States,18 - 29 years,July 16 - July 21,07/21/2020,26.9
"Did Not Get Needed Care, Last 4 Weeks",By Age,United States,30 - 39 years,July 16 - July 21,07/21/2020,34.2
"Did Not Get Needed Care, Last 4 Weeks",By Age,United States,40 - 49 years,July 16 - July 21,07/21/2020,36
"Did Not Get Needed Care, Last 4 Weeks",By Age,United States,50 - 59 years,July 16 - July 21,07/21/2020,34.8
"Did Not Get Needed Care, Last 4 Weeks",By Age,United States,60 - 69 years,July 16 - July 21,07/21/2020,31.6
"Did Not Get Needed Care, Last 4 Weeks",By Age,United States,70 - 79 years,July 16 - July 21,07/21/2020,25.8
"Did Not Get Needed Care, Last 4 Weeks",By Age,United States,80 years and above,July 16 - July 21,07/21/2020,21.7
"Did Not Get Needed Care, Last 4 Weeks",By State,Alabama,Alabama,July 16 - July 21,07/21/2020,39.9
"Did Not Get Needed Care, Last 4 Weeks",By State,Alaska,Alaska,July 16 - July 21,07/21/2020,33.7
"Did Not Get Needed Care, Last 4 Weeks",By State,Arizona,Arizona,July 16 - July 21,07/21/2020,35.6
"Did Not Get Needed Care, Last 4 Weeks",By State,Arkansas,Arkansas,July 16 - July 21,07/21/2020,35
"Did Not Get Needed Care, Last 4 Weeks",By State,California,California,July 16 - July 21,07/21/2020,30.9
"Did Not Get Needed Care, Last 4 Weeks",By State,Colorado,Colorado,July 16 - July 21,07/21/2020,28.7
"Did Not Get Needed Care, Last 4 Weeks",By State,Connecticut,Connecticut,July 16 - July 21,07/21/2020,31.9
"Did Not Get Needed Care, Last 4 Weeks",By State,Delaware,Delaware,July 16 - July 21,07/21/2020,28.8
"Did Not Get Needed Care, Last 4 Weeks",By State,District of Columbia,District of Columbia,July 16 - July 21,07/21/2020,40
"Did Not Get Needed Care, Last 4 Weeks",By State,Florida,Florida,July 16 - July 21,07/21/2020,28.2
"Did Not Get Needed Care, Last 4 Weeks",By State,Georgia,Georgia,July 16 - July 21,07/21/2020,32.6
"Did Not Get Needed Care, Last 4 Weeks",By State,Hawaii,Hawaii,July 16 - July 21,07/21/2020,22.7
"Did Not Get Needed Care, Last 4 Weeks",By State,Idaho,Idaho,July 16 - July 21,07/21/2020,30.4
"Did Not Get Needed Care, Last 4 Weeks",By State,Illinois,Illinois,July 16 - July 21,07/21/2020,32.7
"Did Not Get Needed Care, Last 4 Weeks",By State,Indiana,Indiana,July 16 - July 21,07/21/2020,34.9
"Did Not Get Needed Care, Last 4 Weeks",By State,Iowa,Iowa,July 16 - July 21,07/21/2020,29.9
"Did Not Get Needed Care, Last 4 Weeks",By State,Kansas,Kansas,July 16 - July 21,07/21/2020,32.3
"Did Not Get Needed Care, Last 4 Weeks",By State,Kentucky,Kentucky,July 16 - July 21,07/21/2020,29
"Did Not Get Needed Care, Last 4 Weeks",By State,Louisiana,Louisiana,July 16 - July 21,07/21/2020,32.1
"Did Not Get Needed Care, Last 4 Weeks",By State,Maine,Maine,July 16 - July 21,07/21/2020,33.5
"Did Not Get Needed Care, Last 4 Weeks",By State,Maryland,Maryland,July 16 - July 21,07/21/2020,32.4
"Did Not Get Needed Care, Last 4 Weeks",By State,Massachusetts,Massachusetts,July 16 - July 21,07/21/2020,30.1
"Did Not Get Needed Care, Last 4 Weeks",By State,Michigan,Michigan,July 16 - July 21,07/21/2020,34.6
"Did Not Get Needed Care, Last 4 Weeks",By State,Minnesota,Minnesota,July 16 - July 21,07/21/2020,29.8
"Did Not Get Needed Care, Last 4 Weeks",By State,Mississippi,Mississippi,July 16 - July 21,07/21/2020,33.5
"Did Not Get Needed Care, Last 4 Weeks",By State,Missouri,Missouri,July 16 - July 21,07/21/2020,32.6
"Did Not Get Needed Care, Last 4 Weeks",By State,Montana,Montana,July 16 - July 21,07/21/2020,33.1
"Did Not Get Needed Care, Last 4 Weeks",By State,Nebraska,Nebraska,July 16 - July 21,07/21/2020,25.9
"Did Not Get Needed Care, Last 4 Weeks",By State,Nevada,Nevada,July 16 - July 21,07/21/2020,36.7
"Did Not Get Needed Care, Last 4 Weeks",By State,New Hampshire,New Hampshire,July 16 - July 21,07/21/2020,28.3
"Did Not Get Needed Care, Last 4 Weeks",By State,New Jersey,New Jersey,July 16 - July 21,07/21/2020,32.1
"Did Not Get Needed Care, Last 4 Weeks",By State,New Mexico,New Mexico,July 16 - July 21,07/21/2020,39.5
"Did Not Get Needed Care, Last 4 Weeks",By State,New York,New York,July 16 - July 21,07/21/2020,28.6
"Did Not Get Needed Care, Last 4 Weeks",By State,North Carolina,North Carolina,July 16 - July 21,07/21/2020,28.6
"Did Not Get Needed Care, Last 4 Weeks",By State,North Dakota,North Dakota,July 16 - July 21,07/21/2020,24.4
"Did Not Get Needed Care, Last 4 Weeks",By State,Ohio,Ohio,July 16 - July 21,07/21/2020,30.2
"Did Not Get Needed Care, Last 4 Weeks",By State,Oklahoma,Oklahoma,July 16 - July 21,07/21/2020,32.5
"Did Not Get Needed Care, Last 4 Weeks",By State,Oregon,Oregon,July 16 - July 21,07/21/2020,35.6
"Did Not Get Needed Care, Last 4 Weeks",By State,Pennsylvania,Pennsylvania,July 16 - July 21,07/21/2020,30.5
"Did Not Get Needed Care, Last 4 Weeks",By State,Rhode Island,Rhode Island,July 16 - July 21,07/21/2020,27.5
"Did Not Get Needed Care, Last 4 Weeks",By State,South Carolina,South Carolina,July 16 - July 21,07/21/2020,33.5
"Did Not Get Needed Care, Last 4 Weeks",By State,South Dakota,South Dakota,July 16 - July 21,07/21/2020,27
"Did Not Get Needed Care, Last 4 Weeks",By State,Tennessee,Tennessee,July 16 - July 21,07/21/2020,35.4
"Did Not Get Needed Care, Last 4 Weeks",By State,Texas,Texas,July 16 - July 21,07/21/2020,33.7
"Did Not Get Needed Care, Last 4 Weeks",By State,Utah,Utah,July 16 - July 21,07/21/2020,25.7
"Did Not Get Needed Care, Last 4 Weeks",By State,Vermont,Vermont,July 16 - July 21,07/21/2020,30.7
"Did Not Get Needed Care, Last 4 Weeks",By State,Virginia,Virginia,July 16 - July 21,07/21/2020,36.6
"Did Not Get Needed Care, Last 4 Weeks",By State,Washington,Washington,July 16 - July 21,07/21/2020,39
"Did Not Get Needed Care, Last 4 Weeks",By State,West Virginia,West Virginia,July 16 - July 21,07/21/2020,31.6
"Did Not Get Needed Care, Last 4 Weeks",By State,Wisconsin,Wisconsin,July 16 - July 21,07/21/2020,24.1
"Did Not Get Needed Care, Last 4 Weeks",By State,Wyoming,Wyoming,July 16 - July 21,07/21/2020,36.7
"Delayed Medical Care, Last 4 Weeks",By Age,United States,18 - 29 years,July 22 - Aug 18,08/18/2020,0
"Delayed Medical Care, Last 4 Weeks",By Age,United States,30 - 39 years,July 22 - Aug 18,08/18/2020,0
"Delayed Medical Care, Last 4 Weeks",By Age,United States,40 - 49 years,July 22 - Aug 18,08/18/2020,0
"Delayed Medical Care, Last 4 Weeks",By Age,United States,50 - 59 years,July 22 - Aug 18,08/18/2020,0
"Delayed Medical Care, Last 4 Weeks",By Age,United States,60 - 69 years,July 22 - Aug 18,08/18/2020,0
"Delayed Medical Care, Last 4 Weeks",By Age,United States,70 - 79 years,July 22 - Aug 18,08/18/2020,0
"Delayed Medical Care, Last 4 Weeks",By Age,United States,80 years and above,July 22 - Aug 18,08/18/2020,0
"Delayed Medical Care, Last 4 Weeks",By Age,United States,18 - 29 years,Aug 19 - Aug 31,08/31/2020,34
"Delayed Medical Care, Last 4 Weeks",By Age,United States,30 - 39 years,Aug 19 - Aug 31,08/31/2020,36.5
"Delayed Medical Care, Last 4 Weeks",By Age,United States,40 - 49 years,Aug 19 - Aug 31,08/31/2020,38.4
"Delayed Medical Care, Last 4 Weeks",By Age,United States,50 - 59 years,Aug 19 - Aug 31,08/31/2020,38
"Delayed Medical Care, Last 4 Weeks",By Age,United States,60 - 69 years,Aug 19 - Aug 31,08/31/2020,33.2
"Delayed Medical Care, Last 4 Weeks",By Age,United States,70 - 79 years,Aug 19 - Aug 31,08/31/2020,30.1
"Delayed Medical Care, Last 4 Weeks",By Age,United States,80 years and above,Aug 19 - Aug 31,08/31/2020,22.3
"Delayed Medical Care, Last 4 Weeks",By State,Alabama,Alabama,Aug 19 - Aug 31,08/31/2020,32.2
"Delayed Medical Care, Last 4 Weeks",By State,Alaska,Alaska,Aug 19 - Aug 31,08/31/2020,39.9
"Delayed Medical Care, Last 4 Weeks",By State,Arizona,Arizona,Aug 19 - Aug 31,08/31/2020,37
"Delayed Medical Care, Last 4 Weeks",By State,Arkansas,Arkansas,Aug 19 - Aug 31,08/31/2020,31.8
"Delayed Medical Care, Last 4 Weeks",By State,California,California,Aug 19 - Aug 31,08/31/2020,38.9
"Delayed Medical Care, Last 4 Weeks",By State,Colorado,Colorado,Aug 19 - Aug 31,08/31/2020,33.9
"Delayed Medical Care, Last 4 Weeks",By State,Connecticut,Connecticut,Aug 19 - Aug 31,08/31/2020,36.3
"Delayed Medical Care, Last 4 Weeks",By State,Delaware,Delaware,Aug 19 - Aug 31,08/31/2020,32.6
"Delayed Medical Care, Last 4 Weeks",By State,District of Columbia,District of Columbia,Aug 19 - Aug 31,08/31/2020,46.8
"Delayed Medical Care, Last 4 Weeks",By State,Florida,Florida,Aug 19 - Aug 31,08/31/2020,38.4
"Delayed Medical Care, Last 4 Weeks",By State,Georgia,Georgia,Aug 19 - Aug 31,08/31/2020,34.9
"Delayed Medical Care, Last 4 Weeks",By State,Hawaii,Hawaii,Aug 19 - Aug 31,08/31/2020,38.5
"Delayed Medical Care, Last 4 Weeks",By State,Idaho,Idaho,Aug 19 - Aug 31,08/31/2020,27.7
"Delayed Medical Care, Last 4 Weeks",By State,Illinois,Illinois,Aug 19 - Aug 31,08/31/2020,35.1
"Delayed Medical Care, Last 4 Weeks",By State,Indiana,Indiana,Aug 19 - Aug 31,08/31/2020,34
"Delayed Medical Care, Last 4 Weeks",By State,Iowa,Iowa,Aug 19 - Aug 31,08/31/2020,31.9
"Delayed Medical Care, Last 4 Weeks",By State,Kansas,Kansas,Aug 19 - Aug 31,08/31/2020,31
"Delayed Medical Care, Last 4 Weeks",By State,Kentucky,Kentucky,Aug 19 - Aug 31,08/31/2020,33.5
"Delayed Medical Care, Last 4 Weeks",By State,Louisiana,Louisiana,Aug 19 - Aug 31,08/31/2020,31.5
"Delayed Medical Care, Last 4 Weeks",By State,Maine,Maine,Aug 19 - Aug 31,08/31/2020,40.2
"Delayed Medical Care, Last 4 Weeks",By State,Maryland,Maryland,Aug 19 - Aug 31,08/31/2020,37
"Delayed Medical Care, Last 4 Weeks",By State,Massachusetts,Massachusetts,Aug 19 - Aug 31,08/31/2020,39.9
"Delayed Medical Care, Last 4 Weeks",By State,Michigan,Michigan,Aug 19 - Aug 31,08/31/2020,34.2
"Delayed Medical Care, Last 4 Weeks",By State,Minnesota,Minnesota,Aug 19 - Aug 31,08/31/2020,34.4
"Delayed Medical Care, Last 4 Weeks",By State,Mississippi,Mississippi,Aug 19 - Aug 31,08/31/2020,32.7
"Delayed Medical Care, Last 4 Weeks",By State,Missouri,Missouri,Aug 19 - Aug 31,08/31/2020,33.1
"Delayed Medical Care, Last 4 Weeks",By State,Montana,Montana,Aug 19 - Aug 31,08/31/2020,28.8
"Delayed Medical Care, Last 4 Weeks",By State,Nebraska,Nebraska,Aug 19 - Aug 31,08/31/2020,29.6
"Delayed Medical Care, Last 4 Weeks",By State,Nevada,Nevada,Aug 19 - Aug 31,08/31/2020,35.8
"Delayed Medical Care, Last 4 Weeks",By State,New Hampshire,New Hampshire,Aug 19 - Aug 31,08/31/2020,32.9
"Delayed Medical Care, Last 4 Weeks",By State,New Jersey,New Jersey,Aug 19 - Aug 31,08/31/2020,35.7
"Delayed Medical Care, Last 4 Weeks",By State,New Mexico,New Mexico,Aug 19 - Aug 31,08/31/2020,40.3
"Delayed Medical Care, Last 4 Weeks",By State,New York,New York,Aug 19 - Aug 31,08/31/2020,35.2
"Delayed Medical Care, Last 4 Weeks",By State,North Carolina,North Carolina,Aug 19 - Aug 31,08/31/2020,32
"Delayed Medical Care, Last 4 Weeks",By State,North Dakota,North Dakota,Aug 19 - Aug 31,08/31/2020,25.4
"Delayed Medical Care, Last 4 Weeks",By State,Ohio,Ohio,Aug 19 - Aug 31,08/31/2020,31.7
"Delayed Medical Care, Last 4 Weeks",By State,Oklahoma,Oklahoma,Aug 19 - Aug 31,08/31/2020,31.4
"Delayed Medical Care, Last 4 Weeks",By State,Oregon,Oregon,Aug 19 - Aug 31,08/31/2020,38.2
"Delayed Medical Care, Last 4 Weeks",By State,Pennsylvania,Pennsylvania,Aug 19 - Aug 31,08/31/2020,32.8
"Delayed Medical Care, Last 4 Weeks",By State,Rhode Island,Rhode Island,Aug 19 - Aug 31,08/31/2020,34
"Delayed Medical Care, Last 4 Weeks",By State,South Carolina,South Carolina,Aug 19 - Aug 31,08/31/2020,28.2
"Delayed Medical Care, Last 4 Weeks",By State,South Dakota,South Dakota,Aug 19 - Aug 31,08/31/2020,24.5
"Delayed Medical Care, Last 4 Weeks",By State,Tennessee,Tennessee,Aug 19 - Aug 31,08/31/2020,32.9
"Delayed Medical Care, Last 4 Weeks",By State,Texas,Texas,Aug 19 - Aug 31,08/31/2020,36.4
"Delayed Medical Care, Last 4 Weeks",By State,Utah,Utah,Aug 19 - Aug 31,08/31/2020,28.4
"Delayed Medical Care, Last 4 Weeks",By State,Vermont,Vermont,Aug 19 - Aug 31,08/31/2020,32.4
"Delayed Medical Care, Last 4 Weeks",By State,Virginia,Virginia,Aug 19 - Aug 31,08/31/2020,35.2
"Delayed Medical Care, Last 4 Weeks",By State,Washington,Washington,Aug 19 - Aug 31,08/31/2020,36.1
"Delayed Medical Care, Last 4 Weeks",By State,West Virginia,West Virginia,Aug 19 - Aug 31,08/31/2020,28.4
"Delayed Medical Care, Last 4 Weeks",By State,Wisconsin,Wisconsin,Aug 19 - Aug 31,08/31/2020,30.4
"Delayed Medical Care, Last 4 Weeks",By State,Wyoming,Wyoming,Aug 19 - Aug 31,08/31/2020,27.2
"Did Not Get Needed Care, Last 4 Weeks",By Age,United States,18 - 29 years,July 22 - Aug 18,08/18/2020,0
"Did Not Get Needed Care, Last 4 Weeks",By Age,United States,30 - 39 years,July 22 - Aug 18,08/18/2020,0
"Did Not Get Needed Care, Last 4 Weeks",By Age,United States,40 - 49 years,July 22 - Aug 18,08/18/2020,0
"Did Not Get Needed Care, Last 4 Weeks",By Age,United States,50 - 59 years,July 22 - Aug 18,08/18/2020,0
"Did Not Get Needed Care, Last 4 Weeks",By Age,United States,60 - 69 years,July 22 - Aug 18,08/18/2020,0
"Did Not Get Needed Care, Last 4 Weeks",By Age,United States,70 - 79 years,July 22 - Aug 18,08/18/2020,0
"Did Not Get Needed Care, Last 4 Weeks",By Age,United States,80 years and above,July 22 - Aug 18,08/18/2020,0
"Did Not Get Needed Care, Last 4 Weeks",By Age,United States,18 - 29 years,Aug 19 - Aug 31,08/31/2020,24
"Did Not Get Needed Care, Last 4 Weeks",By Age,United States,30 - 39 years,Aug 19 - Aug 31,08/31/2020,26.5
"Did Not Get Needed Care, Last 4 Weeks",By Age,United States,40 - 49 years,Aug 19 - Aug 31,08/31/2020,28.1
"Did Not Get Needed Care, Last 4 Weeks",By Age,United States,50 - 59 years,Aug 19 - Aug 31,08/31/2020,29.5
"Did Not Get Needed Care, Last 4 Weeks",By Age,United States,60 - 69 years,Aug 19 - Aug 31,08/31/2020,24.3
"Did Not Get Needed Care, Last 4 Weeks",By Age,United States,70 - 79 years,Aug 19 - Aug 31,08/31/2020,19.9
"Did Not Get Needed Care, Last 4 Weeks",By Age,United States,80 years and above,Aug 19 - Aug 31,08/31/2020,14.7
"Did Not Get Needed Care, Last 4 Weeks",By State,Alabama,Alabama,Aug 19 - Aug 31,08/31/2020,26.8
"Did Not Get Needed Care, Last 4 Weeks",By State,Alaska,Alaska,Aug 19 - Aug 31,08/31/2020,30.9
"Did Not Get Needed Care, Last 4 Weeks",By State,Arizona,Arizona,Aug 19 - Aug 31,08/31/2020,28.8
"Did Not Get Needed Care, Last 4 Weeks",By State,Arkansas,Arkansas,Aug 19 - Aug 31,08/31/2020,21.5
"Did Not Get Needed Care, Last 4 Weeks",By State,California,California,Aug 19 - Aug 31,08/31/2020,27.6
"Did Not Get Needed Care, Last 4 Weeks",By State,Colorado,Colorado,Aug 19 - Aug 31,08/31/2020,25.8
"Did Not Get Needed Care, Last 4 Weeks",By State,Connecticut,Connecticut,Aug 19 - Aug 31,08/31/2020,25.3
"Did Not Get Needed Care, Last 4 Weeks",By State,Delaware,Delaware,Aug 19 - Aug 31,08/31/2020,22.5
"Did Not Get Needed Care, Last 4 Weeks",By State,District of Columbia,District of Columbia,Aug 19 - Aug 31,08/31/2020,27
"Did Not Get Needed Care, Last 4 Weeks",By State,Florida,Florida,Aug 19 - Aug 31,08/31/2020,29.2
"Did Not Get Needed Care, Last 4 Weeks",By State,Georgia,Georgia,Aug 19 - Aug 31,08/31/2020,26.1
"Did Not Get Needed Care, Last 4 Weeks",By State,Hawaii,Hawaii,Aug 19 - Aug 31,08/31/2020,26.7
"Did Not Get Needed Care, Last 4 Weeks",By State,Idaho,Idaho,Aug 19 - Aug 31,08/31/2020,22.7
"Did Not Get Needed Care, Last 4 Weeks",By State,Illinois,Illinois,Aug 19 - Aug 31,08/31/2020,26.7
"Did Not Get Needed Care, Last 4 Weeks",By State,Indiana,Indiana,Aug 19 - Aug 31,08/31/2020,24
"Did Not Get Needed Care, Last 4 Weeks",By State,Iowa,Iowa,Aug 19 - Aug 31,08/31/2020,21.4
"Did Not Get Needed Care, Last 4 Weeks",By State,Kansas,Kansas,Aug 19 - Aug 31,08/31/2020,22.5
"Did Not Get Needed Care, Last 4 Weeks",By State,Kentucky,Kentucky,Aug 19 - Aug 31,08/31/2020,24.2
"Did Not Get Needed Care, Last 4 Weeks",By State,Louisiana,Louisiana,Aug 19 - Aug 31,08/31/2020,26.3
"Did Not Get Needed Care, Last 4 Weeks",By State,Maine,Maine,Aug 19 - Aug 31,08/31/2020,26.8
"Did Not Get Needed Care, Last 4 Weeks",By State,Maryland,Maryland,Aug 19 - Aug 31,08/31/2020,23.9
"Did Not Get Needed Care, Last 4 Weeks",By State,Massachusetts,Massachusetts,Aug 19 - Aug 31,08/31/2020,25.3
"Did Not Get Needed Care, Last 4 Weeks",By State,Michigan,Michigan,Aug 19 - Aug 31,08/31/2020,27
"Did Not Get Needed Care, Last 4 Weeks",By State,Minnesota,Minnesota,Aug 19 - Aug 31,08/31/2020,23.2
"Did Not Get Needed Care, Last 4 Weeks",By State,Mississippi,Mississippi,Aug 19 - Aug 31,08/31/2020,26
"Did Not Get Needed Care, Last 4 Weeks",By State,Missouri,Missouri,Aug 19 - Aug 31,08/31/2020,22.6
"Did Not Get Needed Care, Last 4 Weeks",By State,Montana,Montana,Aug 19 - Aug 31,08/31/2020,20.2
"Did Not Get Needed Care, Last 4 Weeks",By State,Nebraska,Nebraska,Aug 19 - Aug 31,08/31/2020,20.9
"Did Not Get Needed Care, Last 4 Weeks",By State,Nevada,Nevada,Aug 19 - Aug 31,08/31/2020,26
"Did Not Get Needed Care, Last 4 Weeks",By State,New Hampshire,New Hampshire,Aug 19 - Aug 31,08/31/2020,23.4
"Did Not Get Needed Care, Last 4 Weeks",By State,New Jersey,New Jersey,Aug 19 - Aug 31,08/31/2020,25.8
"Did Not Get Needed Care, Last 4 Weeks",By State,New Mexico,New Mexico,Aug 19 - Aug 31,08/31/2020,32.1
"Did Not Get Needed Care, Last 4 Weeks",By State,New York,New York,Aug 19 - Aug 31,08/31/2020,24.3
"Did Not Get Needed Care, Last 4 Weeks",By State,North Carolina,North Carolina,Aug 19 - Aug 31,08/31/2020,23.6
"Did Not Get Needed Care, Last 4 Weeks",By State,North Dakota,North Dakota,Aug 19 - Aug 31,08/31/2020,16.2
"Did Not Get Needed Care, Last 4 Weeks",By State,Ohio,Ohio,Aug 19 - Aug 31,08/31/2020,25.5
"Did Not Get Needed Care, Last 4 Weeks",By State,Oklahoma,Oklahoma,Aug 19 - Aug 31,08/31/2020,25.4
"Did Not Get Needed Care, Last 4 Weeks",By State,Oregon,Oregon,Aug 19 - Aug 31,08/31/2020,28.6
"Did Not Get Needed Care, Last 4 Weeks",By State,Pennsylvania,Pennsylvania,Aug 19 - Aug 31,08/31/2020,24.3
"Did Not Get Needed Care, Last 4 Weeks",By State,Rhode Island,Rhode Island,Aug 19 - Aug 31,08/31/2020,22.9
"Did Not Get Needed Care, Last 4 Weeks",By State,South Carolina,South Carolina,Aug 19 - Aug 31,08/31/2020,20.8
"Did Not Get Needed Care, Last 4 Weeks",By State,South Dakota,South Dakota,Aug 19 - Aug 31,08/31/2020,17.8
"Did Not Get Needed Care, Last 4 Weeks",By State,Tennessee,Tennessee,Aug 19 - Aug 31,08/31/2020,23.6
"Did Not Get Needed Care, Last 4 Weeks",By State,Texas,Texas,Aug 19 - Aug 31,08/31/2020,26.1
"Did Not Get Needed Care, Last 4 Weeks",By State,Utah,Utah,Aug 19 - Aug 31,08/31/2020,22.2
"Did Not Get Needed Care, Last 4 Weeks",By State,Vermont,Vermont,Aug 19 - Aug 31,08/31/2020,24.3
"Did Not Get Needed Care, Last 4 Weeks",By State,Virginia,Virginia,Aug 19 - Aug 31,08/31/2020,22.9
"Did Not Get Needed Care, Last 4 Weeks",By State,Washington,Washington,Aug 19 - Aug 31,08/31/2020,25.3
"Did Not Get Needed Care, Last 4 Weeks",By State,West Virginia,West Virginia,Aug 19 - Aug 31,08/31/2020,24.1
"Did Not Get Needed Care, Last 4 Weeks",By State,Wisconsin,Wisconsin,Aug 19 - Aug 31,08/31/2020,21.7
"Did Not Get Needed Care, Last 4 Weeks",By State,Wyoming,Wyoming,Aug 19 - Aug 31,08/31/2020,19.6
"Delayed Medical Care, Last 4 Weeks",By State,Nebraska,Nebraska,Jun 9 - Jun 21,06/21/2021,11.5
"Delayed Medical Care, Last 4 Weeks",By Age,United States,18 - 29 years,Sep 2 - Sep 14,09/14/2020,33.1
"Delayed Medical Care, Last 4 Weeks",By Age,United States,30 - 39 years,Sep 2 - Sep 14,09/14/2020,36.9
"Delayed Medical Care, Last 4 Weeks",By Age,United States,40 - 49 years,Sep 2 - Sep 14,09/14/2020,37.1
"Delayed Medical Care, Last 4 Weeks",By Age,United States,50 - 59 years,Sep 2 - Sep 14,09/14/2020,34.7
"Delayed Medical Care, Last 4 Weeks",By Age,United States,60 - 69 years,Sep 2 - Sep 14,09/14/2020,32.5
"Delayed Medical Care, Last 4 Weeks",By Age,United States,70 - 79 years,Sep 2 - Sep 14,09/14/2020,27
"Delayed Medical Care, Last 4 Weeks",By Age,United States,80 years and above,Sep 2 - Sep 14,09/14/2020,24.5
"Delayed Medical Care, Last 4 Weeks",By State,Alabama,Alabama,Sep 2 - Sep 14,09/14/2020,32.4
"Delayed Medical Care, Last 4 Weeks",By State,Alaska,Alaska,Sep 2 - Sep 14,09/14/2020,32.3
"Delayed Medical Care, Last 4 Weeks",By State,Arizona,Arizona,Sep 2 - Sep 14,09/14/2020,35.8
"Delayed Medical Care, Last 4 Weeks",By State,Arkansas,Arkansas,Sep 2 - Sep 14,09/14/2020,28.7
"Delayed Medical Care, Last 4 Weeks",By State,California,California,Sep 2 - Sep 14,09/14/2020,40
"Delayed Medical Care, Last 4 Weeks",By State,Colorado,Colorado,Sep 2 - Sep 14,09/14/2020,32.2
"Delayed Medical Care, Last 4 Weeks",By State,Connecticut,Connecticut,Sep 2 - Sep 14,09/14/2020,32.2
"Delayed Medical Care, Last 4 Weeks",By State,Delaware,Delaware,Sep 2 - Sep 14,09/14/2020,34.2
"Delayed Medical Care, Last 4 Weeks",By State,District of Columbia,District of Columbia,Sep 2 - Sep 14,09/14/2020,45.3
"Delayed Medical Care, Last 4 Weeks",By State,Florida,Florida,Sep 2 - Sep 14,09/14/2020,31.9
"Delayed Medical Care, Last 4 Weeks",By State,Georgia,Georgia,Sep 2 - Sep 14,09/14/2020,32.4
"Delayed Medical Care, Last 4 Weeks",By State,Hawaii,Hawaii,Sep 2 - Sep 14,09/14/2020,36.9
"Delayed Medical Care, Last 4 Weeks",By State,Idaho,Idaho,Sep 2 - Sep 14,09/14/2020,32
"Delayed Medical Care, Last 4 Weeks",By State,Illinois,Illinois,Sep 2 - Sep 14,09/14/2020,33
"Delayed Medical Care, Last 4 Weeks",By State,Indiana,Indiana,Sep 2 - Sep 14,09/14/2020,31.8
"Delayed Medical Care, Last 4 Weeks",By State,Iowa,Iowa,Sep 2 - Sep 14,09/14/2020,29.5
"Delayed Medical Care, Last 4 Weeks",By State,Kansas,Kansas,Sep 2 - Sep 14,09/14/2020,28.2
"Delayed Medical Care, Last 4 Weeks",By State,Kentucky,Kentucky,Sep 2 - Sep 14,09/14/2020,33.1
"Delayed Medical Care, Last 4 Weeks",By State,Louisiana,Louisiana,Sep 2 - Sep 14,09/14/2020,34.4
"Delayed Medical Care, Last 4 Weeks",By State,Maine,Maine,Sep 2 - Sep 14,09/14/2020,33.4
"Delayed Medical Care, Last 4 Weeks",By State,Maryland,Maryland,Sep 2 - Sep 14,09/14/2020,36.1
"Delayed Medical Care, Last 4 Weeks",By State,Massachusetts,Massachusetts,Sep 2 - Sep 14,09/14/2020,36.5
"Delayed Medical Care, Last 4 Weeks",By State,Michigan,Michigan,Sep 2 - Sep 14,09/14/2020,34.6
"Delayed Medical Care, Last 4 Weeks",By State,Minnesota,Minnesota,Sep 2 - Sep 14,09/14/2020,30.9
"Delayed Medical Care, Last 4 Weeks",By State,Mississippi,Mississippi,Sep 2 - Sep 14,09/14/2020,33.8
"Delayed Medical Care, Last 4 Weeks",By State,Missouri,Missouri,Sep 2 - Sep 14,09/14/2020,31.3
"Delayed Medical Care, Last 4 Weeks",By State,Montana,Montana,Sep 2 - Sep 14,09/14/2020,31
"Delayed Medical Care, Last 4 Weeks",By State,Nebraska,Nebraska,Sep 2 - Sep 14,09/14/2020,28
"Delayed Medical Care, Last 4 Weeks",By State,Nevada,Nevada,Sep 2 - Sep 14,09/14/2020,31.7
"Delayed Medical Care, Last 4 Weeks",By State,New Hampshire,New Hampshire,Sep 2 - Sep 14,09/14/2020,36.1
"Delayed Medical Care, Last 4 Weeks",By State,New Jersey,New Jersey,Sep 2 - Sep 14,09/14/2020,35.4
"Delayed Medical Care, Last 4 Weeks",By State,New Mexico,New Mexico,Sep 2 - Sep 14,09/14/2020,36.2
"Delayed Medical Care, Last 4 Weeks",By State,New York,New York,Sep 2 - Sep 14,09/14/2020,34.5
"Delayed Medical Care, Last 4 Weeks",By State,North Carolina,North Carolina,Sep 2 - Sep 14,09/14/2020,30.4
"Delayed Medical Care, Last 4 Weeks",By State,North Dakota,North Dakota,Sep 2 - Sep 14,09/14/2020,23.3
"Delayed Medical Care, Last 4 Weeks",By State,Ohio,Ohio,Sep 2 - Sep 14,09/14/2020,29.4
"Delayed Medical Care, Last 4 Weeks",By State,Oklahoma,Oklahoma,Sep 2 - Sep 14,09/14/2020,29.2
"Delayed Medical Care, Last 4 Weeks",By State,Oregon,Oregon,Sep 2 - Sep 14,09/14/2020,40.7
"Delayed Medical Care, Last 4 Weeks",By State,Pennsylvania,Pennsylvania,Sep 2 - Sep 14,09/14/2020,32.9
"Delayed Medical Care, Last 4 Weeks",By State,Rhode Island,Rhode Island,Sep 2 - Sep 14,09/14/2020,35.8
"Delayed Medical Care, Last 4 Weeks",By State,South Carolina,South Carolina,Sep 2 - Sep 14,09/14/2020,33.4
"Delayed Medical Care, Last 4 Weeks",By State,South Dakota,South Dakota,Sep 2 - Sep 14,09/14/2020,23.9
"Delayed Medical Care, Last 4 Weeks",By State,Tennessee,Tennessee,Sep 2 - Sep 14,09/14/2020,29.3
"Delayed Medical Care, Last 4 Weeks",By State,Texas,Texas,Sep 2 - Sep 14,09/14/2020,33.7
"Delayed Medical Care, Last 4 Weeks",By State,Utah,Utah,Sep 2 - Sep 14,09/14/2020,28.8
"Delayed Medical Care, Last 4 Weeks",By State,Vermont,Vermont,Sep 2 - Sep 14,09/14/2020,31.3
"Delayed Medical Care, Last 4 Weeks",By State,Virginia,Virginia,Sep 2 - Sep 14,09/14/2020,37
"Delayed Medical Care, Last 4 Weeks",By State,Washington,Washington,Sep 2 - Sep 14,09/14/2020,36.3
"Delayed Medical Care, Last 4 Weeks",By State,West Virginia,West Virginia,Sep 2 - Sep 14,09/14/2020,31.9
"Delayed Medical Care, Last 4 Weeks",By State,Wisconsin,Wisconsin,Sep 2 - Sep 14,09/14/2020,28.3
"Delayed Medical Care, Last 4 Weeks",By State,Wyoming,Wyoming,Sep 2 - Sep 14,09/14/2020,26.4
"Did Not Get Needed Care, Last 4 Weeks",By Age,United States,18 - 29 years,Sep 2 - Sep 14,09/14/2020,21.7
"Did Not Get Needed Care, Last 4 Weeks",By Age,United States,30 - 39 years,Sep 2 - Sep 14,09/14/2020,26.7
"Did Not Get Needed Care, Last 4 Weeks",By Age,United States,40 - 49 years,Sep 2 - Sep 14,09/14/2020,28.4
"Did Not Get Needed Care, Last 4 Weeks",By Age,United States,50 - 59 years,Sep 2 - Sep 14,09/14/2020,26.6
"Did Not Get Needed Care, Last 4 Weeks",By Age,United States,60 - 69 years,Sep 2 - Sep 14,09/14/2020,23.8
"Did Not Get Needed Care, Last 4 Weeks",By Age,United States,70 - 79 years,Sep 2 - Sep 14,09/14/2020,19.6
"Did Not Get Needed Care, Last 4 Weeks",By Age,United States,80 years and above,Sep 2 - Sep 14,09/14/2020,18.6
"Did Not Get Needed Care, Last 4 Weeks",By State,Alabama,Alabama,Sep 2 - Sep 14,09/14/2020,25.4
"Did Not Get Needed Care, Last 4 Weeks",By State,Alaska,Alaska,Sep 2 - Sep 14,09/14/2020,25.6
"Did Not Get Needed Care, Last 4 Weeks",By State,Arizona,Arizona,Sep 2 - Sep 14,09/14/2020,25.8
"Did Not Get Needed Care, Last 4 Weeks",By State,Arkansas,Arkansas,Sep 2 - Sep 14,09/14/2020,22.9
"Did Not Get Needed Care, Last 4 Weeks",By State,California,California,Sep 2 - Sep 14,09/14/2020,28.4
"Did Not Get Needed Care, Last 4 Weeks",By State,Colorado,Colorado,Sep 2 - Sep 14,09/14/2020,24.9
"Did Not Get Needed Care, Last 4 Weeks",By State,Connecticut,Connecticut,Sep 2 - Sep 14,09/14/2020,21.9
"Did Not Get Needed Care, Last 4 Weeks",By State,Delaware,Delaware,Sep 2 - Sep 14,09/14/2020,25.4
"Did Not Get Needed Care, Last 4 Weeks",By State,District of Columbia,District of Columbia,Sep 2 - Sep 14,09/14/2020,27.2
"Did Not Get Needed Care, Last 4 Weeks",By State,Florida,Florida,Sep 2 - Sep 14,09/14/2020,23.8
"Did Not Get Needed Care, Last 4 Weeks",By State,Georgia,Georgia,Sep 2 - Sep 14,09/14/2020,26.3
"Did Not Get Needed Care, Last 4 Weeks",By State,Hawaii,Hawaii,Sep 2 - Sep 14,09/14/2020,27.6
"Did Not Get Needed Care, Last 4 Weeks",By State,Idaho,Idaho,Sep 2 - Sep 14,09/14/2020,25.5
"Did Not Get Needed Care, Last 4 Weeks",By State,Illinois,Illinois,Sep 2 - Sep 14,09/14/2020,24.5
"Did Not Get Needed Care, Last 4 Weeks",By State,Indiana,Indiana,Sep 2 - Sep 14,09/14/2020,26.4
"Did Not Get Needed Care, Last 4 Weeks",By State,Iowa,Iowa,Sep 2 - Sep 14,09/14/2020,19.9
"Did Not Get Needed Care, Last 4 Weeks",By State,Kansas,Kansas,Sep 2 - Sep 14,09/14/2020,21.5
"Did Not Get Needed Care, Last 4 Weeks",By State,Kentucky,Kentucky,Sep 2 - Sep 14,09/14/2020,27.5
"Did Not Get Needed Care, Last 4 Weeks",By State,Louisiana,Louisiana,Sep 2 - Sep 14,09/14/2020,28
"Did Not Get Needed Care, Last 4 Weeks",By State,Maine,Maine,Sep 2 - Sep 14,09/14/2020,27.5
"Did Not Get Needed Care, Last 4 Weeks",By State,Maryland,Maryland,Sep 2 - Sep 14,09/14/2020,27.2
"Did Not Get Needed Care, Last 4 Weeks",By State,Massachusetts,Massachusetts,Sep 2 - Sep 14,09/14/2020,22.6
"Did Not Get Needed Care, Last 4 Weeks",By State,Michigan,Michigan,Sep 2 - Sep 14,09/14/2020,24.4
"Did Not Get Needed Care, Last 4 Weeks",By State,Minnesota,Minnesota,Sep 2 - Sep 14,09/14/2020,22.5
"Did Not Get Needed Care, Last 4 Weeks",By State,Mississippi,Mississippi,Sep 2 - Sep 14,09/14/2020,25.1
"Did Not Get Needed Care, Last 4 Weeks",By State,Missouri,Missouri,Sep 2 - Sep 14,09/14/2020,21.2
"Did Not Get Needed Care, Last 4 Weeks",By State,Montana,Montana,Sep 2 - Sep 14,09/14/2020,21
"Did Not Get Needed Care, Last 4 Weeks",By State,Nebraska,Nebraska,Sep 2 - Sep 14,09/14/2020,21.1
"Did Not Get Needed Care, Last 4 Weeks",By State,Nevada,Nevada,Sep 2 - Sep 14,09/14/2020,24.4
"Did Not Get Needed Care, Last 4 Weeks",By State,New Hampshire,New Hampshire,Sep 2 - Sep 14,09/14/2020,25.2
"Did Not Get Needed Care, Last 4 Weeks",By State,New Jersey,New Jersey,Sep 2 - Sep 14,09/14/2020,24.3
"Did Not Get Needed Care, Last 4 Weeks",By State,New Mexico,New Mexico,Sep 2 - Sep 14,09/14/2020,28.2
"Did Not Get Needed Care, Last 4 Weeks",By State,New York,New York,Sep 2 - Sep 14,09/14/2020,25
"Did Not Get Needed Care, Last 4 Weeks",By State,North Carolina,North Carolina,Sep 2 - Sep 14,09/14/2020,22.7
"Did Not Get Needed Care, Last 4 Weeks",By State,North Dakota,North Dakota,Sep 2 - Sep 14,09/14/2020,19.4
"Did Not Get Needed Care, Last 4 Weeks",By State,Ohio,Ohio,Sep 2 - Sep 14,09/14/2020,22.5
"Did Not Get Needed Care, Last 4 Weeks",By State,Oklahoma,Oklahoma,Sep 2 - Sep 14,09/14/2020,23.8
"Did Not Get Needed Care, Last 4 Weeks",By State,Oregon,Oregon,Sep 2 - Sep 14,09/14/2020,27.9
"Did Not Get Needed Care, Last 4 Weeks",By State,Pennsylvania,Pennsylvania,Sep 2 - Sep 14,09/14/2020,23.1
"Did Not Get Needed Care, Last 4 Weeks",By State,Rhode Island,Rhode Island,Sep 2 - Sep 14,09/14/2020,25.2
"Did Not Get Needed Care, Last 4 Weeks",By State,South Carolina,South Carolina,Sep 2 - Sep 14,09/14/2020,23.5
"Did Not Get Needed Care, Last 4 Weeks",By State,South Dakota,South Dakota,Sep 2 - Sep 14,09/14/2020,17.6
"Did Not Get Needed Care, Last 4 Weeks",By State,Tennessee,Tennessee,Sep 2 - Sep 14,09/14/2020,22.6
"Did Not Get Needed Care, Last 4 Weeks",By State,Texas,Texas,Sep 2 - Sep 14,09/14/2020,24.8
"Did Not Get Needed Care, Last 4 Weeks",By State,Utah,Utah,Sep 2 - Sep 14,09/14/2020,19.9
"Did Not Get Needed Care, Last 4 Weeks",By State,Vermont,Vermont,Sep 2 - Sep 14,09/14/2020,19.8
"Did Not Get Needed Care, Last 4 Weeks",By State,Virginia,Virginia,Sep 2 - Sep 14,09/14/2020,24.4
"Did Not Get Needed Care, Last 4 Weeks",By State,Washington,Washington,Sep 2 - Sep 14,09/14/2020,26.4
"Did Not Get Needed Care, Last 4 Weeks",By State,West Virginia,West Virginia,Sep 2 - Sep 14,09/14/2020,21.8
"Did Not Get Needed Care, Last 4 Weeks",By State,Wisconsin,Wisconsin,Sep 2 - Sep 14,09/14/2020,20.3
"Did Not Get Needed Care, Last 4 Weeks",By State,Wyoming,Wyoming,Sep 2 - Sep 14,09/14/2020,21.5
"Delayed Medical Care, Last 4 Weeks",By Age,United States,18 - 29 years,Sep 16 - Sep 28,09/28/2020,31.7
"Delayed Medical Care, Last 4 Weeks",By Age,United States,30 - 39 years,Sep 16 - Sep 28,09/28/2020,35
"Delayed Medical Care, Last 4 Weeks",By Age,United States,40 - 49 years,Sep 16 - Sep 28,09/28/2020,36
"Delayed Medical Care, Last 4 Weeks",By Age,United States,50 - 59 years,Sep 16 - Sep 28,09/28/2020,34.4
"Delayed Medical Care, Last 4 Weeks",By Age,United States,60 - 69 years,Sep 16 - Sep 28,09/28/2020,30.5
"Delayed Medical Care, Last 4 Weeks",By Age,United States,70 - 79 years,Sep 16 - Sep 28,09/28/2020,25.9
"Delayed Medical Care, Last 4 Weeks",By Age,United States,80 years and above,Sep 16 - Sep 28,09/28/2020,24.3
"Delayed Medical Care, Last 4 Weeks",By State,Alabama,Alabama,Sep 16 - Sep 28,09/28/2020,31.5
"Delayed Medical Care, Last 4 Weeks",By State,Alaska,Alaska,Sep 16 - Sep 28,09/28/2020,39
"Delayed Medical Care, Last 4 Weeks",By State,Arizona,Arizona,Sep 16 - Sep 28,09/28/2020,32.5
"Delayed Medical Care, Last 4 Weeks",By State,Arkansas,Arkansas,Sep 16 - Sep 28,09/28/2020,32.5
"Delayed Medical Care, Last 4 Weeks",By State,California,California,Sep 16 - Sep 28,09/28/2020,37.6
"Delayed Medical Care, Last 4 Weeks",By State,Colorado,Colorado,Sep 16 - Sep 28,09/28/2020,32.6
"Delayed Medical Care, Last 4 Weeks",By State,Connecticut,Connecticut,Sep 16 - Sep 28,09/28/2020,34.5
"Delayed Medical Care, Last 4 Weeks",By State,Delaware,Delaware,Sep 16 - Sep 28,09/28/2020,29.7
"Delayed Medical Care, Last 4 Weeks",By State,District of Columbia,District of Columbia,Sep 16 - Sep 28,09/28/2020,40.3
"Delayed Medical Care, Last 4 Weeks",By State,Florida,Florida,Sep 16 - Sep 28,09/28/2020,33.4
"Delayed Medical Care, Last 4 Weeks",By State,Georgia,Georgia,Sep 16 - Sep 28,09/28/2020,35.4
"Delayed Medical Care, Last 4 Weeks",By State,Hawaii,Hawaii,Sep 16 - Sep 28,09/28/2020,35.5
"Delayed Medical Care, Last 4 Weeks",By State,Idaho,Idaho,Sep 16 - Sep 28,09/28/2020,30.1
"Delayed Medical Care, Last 4 Weeks",By State,Illinois,Illinois,Sep 16 - Sep 28,09/28/2020,33.4
"Delayed Medical Care, Last 4 Weeks",By State,Indiana,Indiana,Sep 16 - Sep 28,09/28/2020,29.4
"Delayed Medical Care, Last 4 Weeks",By State,Iowa,Iowa,Sep 16 - Sep 28,09/28/2020,29.4
"Delayed Medical Care, Last 4 Weeks",By State,Kansas,Kansas,Sep 16 - Sep 28,09/28/2020,28
"Delayed Medical Care, Last 4 Weeks",By State,Kentucky,Kentucky,Sep 16 - Sep 28,09/28/2020,29.9
"Delayed Medical Care, Last 4 Weeks",By State,Louisiana,Louisiana,Sep 16 - Sep 28,09/28/2020,29.7
"Delayed Medical Care, Last 4 Weeks",By State,Maine,Maine,Sep 16 - Sep 28,09/28/2020,30.8
"Delayed Medical Care, Last 4 Weeks",By State,Maryland,Maryland,Sep 16 - Sep 28,09/28/2020,33.9
"Delayed Medical Care, Last 4 Weeks",By State,Massachusetts,Massachusetts,Sep 16 - Sep 28,09/28/2020,33.2
"Delayed Medical Care, Last 4 Weeks",By State,Michigan,Michigan,Sep 16 - Sep 28,09/28/2020,28.5
"Delayed Medical Care, Last 4 Weeks",By State,Minnesota,Minnesota,Sep 16 - Sep 28,09/28/2020,31.2
"Delayed Medical Care, Last 4 Weeks",By State,Mississippi,Mississippi,Sep 16 - Sep 28,09/28/2020,31.2
"Delayed Medical Care, Last 4 Weeks",By State,Missouri,Missouri,Sep 16 - Sep 28,09/28/2020,26.9
"Delayed Medical Care, Last 4 Weeks",By State,Montana,Montana,Sep 16 - Sep 28,09/28/2020,30.6
"Delayed Medical Care, Last 4 Weeks",By State,Nebraska,Nebraska,Sep 16 - Sep 28,09/28/2020,27.1
"Delayed Medical Care, Last 4 Weeks",By State,Nevada,Nevada,Sep 16 - Sep 28,09/28/2020,32.7
"Delayed Medical Care, Last 4 Weeks",By State,New Hampshire,New Hampshire,Sep 16 - Sep 28,09/28/2020,30.4
"Delayed Medical Care, Last 4 Weeks",By State,New Jersey,New Jersey,Sep 16 - Sep 28,09/28/2020,36.2
"Delayed Medical Care, Last 4 Weeks",By State,New Mexico,New Mexico,Sep 16 - Sep 28,09/28/2020,37.3
"Delayed Medical Care, Last 4 Weeks",By State,New York,New York,Sep 16 - Sep 28,09/28/2020,32.8
"Delayed Medical Care, Last 4 Weeks",By State,North Carolina,North Carolina,Sep 16 - Sep 28,09/28/2020,29.2
"Delayed Medical Care, Last 4 Weeks",By State,North Dakota,North Dakota,Sep 16 - Sep 28,09/28/2020,25.4
"Delayed Medical Care, Last 4 Weeks",By State,Ohio,Ohio,Sep 16 - Sep 28,09/28/2020,29
"Delayed Medical Care, Last 4 Weeks",By State,Oklahoma,Oklahoma,Sep 16 - Sep 28,09/28/2020,30.2
"Delayed Medical Care, Last 4 Weeks",By State,Oregon,Oregon,Sep 16 - Sep 28,09/28/2020,38.5
"Delayed Medical Care, Last 4 Weeks",By State,Pennsylvania,Pennsylvania,Sep 16 - Sep 28,09/28/2020,28.6
"Delayed Medical Care, Last 4 Weeks",By State,Rhode Island,Rhode Island,Sep 16 - Sep 28,09/28/2020,31.7
"Delayed Medical Care, Last 4 Weeks",By State,South Carolina,South Carolina,Sep 16 - Sep 28,09/28/2020,31.1
"Delayed Medical Care, Last 4 Weeks",By State,South Dakota,South Dakota,Sep 16 - Sep 28,09/28/2020,22.6
"Delayed Medical Care, Last 4 Weeks",By State,Tennessee,Tennessee,Sep 16 - Sep 28,09/28/2020,27.7
"Delayed Medical Care, Last 4 Weeks",By State,Texas,Texas,Sep 16 - Sep 28,09/28/2020,33
"Delayed Medical Care, Last 4 Weeks",By State,Utah,Utah,Sep 16 - Sep 28,09/28/2020,27.9
"Delayed Medical Care, Last 4 Weeks",By State,Vermont,Vermont,Sep 16 - Sep 28,09/28/2020,25.2
"Delayed Medical Care, Last 4 Weeks",By State,Virginia,Virginia,Sep 16 - Sep 28,09/28/2020,31.5
"Delayed Medical Care, Last 4 Weeks",By State,Washington,Washington,Sep 16 - Sep 28,09/28/2020,35.2
"Delayed Medical Care, Last 4 Weeks",By State,West Virginia,West Virginia,Sep 16 - Sep 28,09/28/2020,32
"Delayed Medical Care, Last 4 Weeks",By State,Wisconsin,Wisconsin,Sep 16 - Sep 28,09/28/2020,29.5
"Delayed Medical Care, Last 4 Weeks",By State,Wyoming,Wyoming,Sep 16 - Sep 28,09/28/2020,24.9
"Did Not Get Needed Care, Last 4 Weeks",By Age,United States,18 - 29 years,Sep 16 - Sep 28,09/28/2020,22
"Did Not Get Needed Care, Last 4 Weeks",By Age,United States,30 - 39 years,Sep 16 - Sep 28,09/28/2020,25.3
"Did Not Get Needed Care, Last 4 Weeks",By Age,United States,40 - 49 years,Sep 16 - Sep 28,09/28/2020,27.5
"Did Not Get Needed Care, Last 4 Weeks",By Age,United States,50 - 59 years,Sep 16 - Sep 28,09/28/2020,26.4
"Did Not Get Needed Care, Last 4 Weeks",By Age,United States,60 - 69 years,Sep 16 - Sep 28,09/28/2020,21.8
"Did Not Get Needed Care, Last 4 Weeks",By Age,United States,70 - 79 years,Sep 16 - Sep 28,09/28/2020,18.3
"Did Not Get Needed Care, Last 4 Weeks",By Age,United States,80 years and above,Sep 16 - Sep 28,09/28/2020,17.8
"Did Not Get Needed Care, Last 4 Weeks",By State,Alabama,Alabama,Sep 16 - Sep 28,09/28/2020,26.2
"Did Not Get Needed Care, Last 4 Weeks",By State,Alaska,Alaska,Sep 16 - Sep 28,09/28/2020,26.5
"Did Not Get Needed Care, Last 4 Weeks",By State,Arizona,Arizona,Sep 16 - Sep 28,09/28/2020,21.4
"Did Not Get Needed Care, Last 4 Weeks",By State,Arkansas,Arkansas,Sep 16 - Sep 28,09/28/2020,26.7
"Did Not Get Needed Care, Last 4 Weeks",By State,California,California,Sep 16 - Sep 28,09/28/2020,27
"Did Not Get Needed Care, Last 4 Weeks",By State,Colorado,Colorado,Sep 16 - Sep 28,09/28/2020,25.4
"Did Not Get Needed Care, Last 4 Weeks",By State,Connecticut,Connecticut,Sep 16 - Sep 28,09/28/2020,24.8
"Did Not Get Needed Care, Last 4 Weeks",By State,Delaware,Delaware,Sep 16 - Sep 28,09/28/2020,22.8
"Did Not Get Needed Care, Last 4 Weeks",By State,District of Columbia,District of Columbia,Sep 16 - Sep 28,09/28/2020,21.6
"Did Not Get Needed Care, Last 4 Weeks",By State,Florida,Florida,Sep 16 - Sep 28,09/28/2020,24.7
"Did Not Get Needed Care, Last 4 Weeks",By State,Georgia,Georgia,Sep 16 - Sep 28,09/28/2020,23.7
"Did Not Get Needed Care, Last 4 Weeks",By State,Hawaii,Hawaii,Sep 16 - Sep 28,09/28/2020,24.9
"Did Not Get Needed Care, Last 4 Weeks",By State,Idaho,Idaho,Sep 16 - Sep 28,09/28/2020,20.1
"Did Not Get Needed Care, Last 4 Weeks",By State,Illinois,Illinois,Sep 16 - Sep 28,09/28/2020,22.3
"Did Not Get Needed Care, Last 4 Weeks",By State,Indiana,Indiana,Sep 16 - Sep 28,09/28/2020,22.1
"Did Not Get Needed Care, Last 4 Weeks",By State,Iowa,Iowa,Sep 16 - Sep 28,09/28/2020,20.5
"Did Not Get Needed Care, Last 4 Weeks",By State,Kansas,Kansas,Sep 16 - Sep 28,09/28/2020,22.1
"Did Not Get Needed Care, Last 4 Weeks",By State,Kentucky,Kentucky,Sep 16 - Sep 28,09/28/2020,21.3
"Did Not Get Needed Care, Last 4 Weeks",By State,Louisiana,Louisiana,Sep 16 - Sep 28,09/28/2020,23.6
"Did Not Get Needed Care, Last 4 Weeks",By State,Maine,Maine,Sep 16 - Sep 28,09/28/2020,20.4
"Did Not Get Needed Care, Last 4 Weeks",By State,Maryland,Maryland,Sep 16 - Sep 28,09/28/2020,26
"Did Not Get Needed Care, Last 4 Weeks",By State,Massachusetts,Massachusetts,Sep 16 - Sep 28,09/28/2020,22.7
"Did Not Get Needed Care, Last 4 Weeks",By State,Michigan,Michigan,Sep 16 - Sep 28,09/28/2020,21.3
"Did Not Get Needed Care, Last 4 Weeks",By State,Minnesota,Minnesota,Sep 16 - Sep 28,09/28/2020,20.7
"Did Not Get Needed Care, Last 4 Weeks",By State,Mississippi,Mississippi,Sep 16 - Sep 28,09/28/2020,25
"Did Not Get Needed Care, Last 4 Weeks",By State,Missouri,Missouri,Sep 16 - Sep 28,09/28/2020,20
"Did Not Get Needed Care, Last 4 Weeks",By State,Montana,Montana,Sep 16 - Sep 28,09/28/2020,23.8
"Did Not Get Needed Care, Last 4 Weeks",By State,Nebraska,Nebraska,Sep 16 - Sep 28,09/28/2020,20.9
"Did Not Get Needed Care, Last 4 Weeks",By State,Nevada,Nevada,Sep 16 - Sep 28,09/28/2020,25.1
"Did Not Get Needed Care, Last 4 Weeks",By State,New Hampshire,New Hampshire,Sep 16 - Sep 28,09/28/2020,22.4
"Did Not Get Needed Care, Last 4 Weeks",By State,New Jersey,New Jersey,Sep 16 - Sep 28,09/28/2020,24.6
"Did Not Get Needed Care, Last 4 Weeks",By State,New Mexico,New Mexico,Sep 16 - Sep 28,09/28/2020,30.2
"Did Not Get Needed Care, Last 4 Weeks",By State,New York,New York,Sep 16 - Sep 28,09/28/2020,24.6
"Did Not Get Needed Care, Last 4 Weeks",By State,North Carolina,North Carolina,Sep 16 - Sep 28,09/28/2020,23.4
"Did Not Get Needed Care, Last 4 Weeks",By State,North Dakota,North Dakota,Sep 16 - Sep 28,09/28/2020,19.6
"Did Not Get Needed Care, Last 4 Weeks",By State,Ohio,Ohio,Sep 16 - Sep 28,09/28/2020,22.1
"Did Not Get Needed Care, Last 4 Weeks",By State,Oklahoma,Oklahoma,Sep 16 - Sep 28,09/28/2020,24.2
"Did Not Get Needed Care, Last 4 Weeks",By State,Oregon,Oregon,Sep 16 - Sep 28,09/28/2020,28.1
"Did Not Get Needed Care, Last 4 Weeks",By State,Pennsylvania,Pennsylvania,Sep 16 - Sep 28,09/28/2020,20.9
"Did Not Get Needed Care, Last 4 Weeks",By State,Rhode Island,Rhode Island,Sep 16 - Sep 28,09/28/2020,26.7
"Did Not Get Needed Care, Last 4 Weeks",By State,South Carolina,South Carolina,Sep 16 - Sep 28,09/28/2020,24.4
"Did Not Get Needed Care, Last 4 Weeks",By State,South Dakota,South Dakota,Sep 16 - Sep 28,09/28/2020,15.3
"Did Not Get Needed Care, Last 4 Weeks",By State,Tennessee,Tennessee,Sep 16 - Sep 28,09/28/2020,22
"Did Not Get Needed Care, Last 4 Weeks",By State,Texas,Texas,Sep 16 - Sep 28,09/28/2020,24.2
"Did Not Get Needed Care, Last 4 Weeks",By State,Utah,Utah,Sep 16 - Sep 28,09/28/2020,20
"Did Not Get Needed Care, Last 4 Weeks",By State,Vermont,Vermont,Sep 16 - Sep 28,09/28/2020,16.8
"Did Not Get Needed Care, Last 4 Weeks",By State,Virginia,Virginia,Sep 16 - Sep 28,09/28/2020,23.5
"Did Not Get Needed Care, Last 4 Weeks",By State,Washington,Washington,Sep 16 - Sep 28,09/28/2020,24.5
"Did Not Get Needed Care, Last 4 Weeks",By State,West Virginia,West Virginia,Sep 16 - Sep 28,09/28/2020,26.3
"Did Not Get Needed Care, Last 4 Weeks",By State,Wisconsin,Wisconsin,Sep 16 - Sep 28,09/28/2020,19.3
"Did Not Get Needed Care, Last 4 Weeks",By State,Wyoming,Wyoming,Sep 16 - Sep 28,09/28/2020,20.7
"Delayed Medical Care, Last 4 Weeks",By Age,United States,18 - 29 years,Sep 30 - Oct 12,10/12/2020,32.6
"Delayed Medical Care, Last 4 Weeks",By Age,United States,30 - 39 years,Sep 30 - Oct 12,10/12/2020,34.6
"Delayed Medical Care, Last 4 Weeks",By Age,United States,40 - 49 years,Sep 30 - Oct 12,10/12/2020,33.5
"Delayed Medical Care, Last 4 Weeks",By Age,United States,50 - 59 years,Sep 30 - Oct 12,10/12/2020,33
"Delayed Medical Care, Last 4 Weeks",By Age,United States,60 - 69 years,Sep 30 - Oct 12,10/12/2020,28.6
"Delayed Medical Care, Last 4 Weeks",By Age,United States,70 - 79 years,Sep 30 - Oct 12,10/12/2020,25.1
"Delayed Medical Care, Last 4 Weeks",By Age,United States,80 years and above,Sep 30 - Oct 12,10/12/2020,19.1
"Delayed Medical Care, Last 4 Weeks",By State,Alabama,Alabama,Sep 30 - Oct 12,10/12/2020,28.4
"Delayed Medical Care, Last 4 Weeks",By State,Alaska,Alaska,Sep 30 - Oct 12,10/12/2020,36.2
"Delayed Medical Care, Last 4 Weeks",By State,Arizona,Arizona,Sep 30 - Oct 12,10/12/2020,30.9
"Delayed Medical Care, Last 4 Weeks",By State,Arkansas,Arkansas,Sep 30 - Oct 12,10/12/2020,29.5
"Delayed Medical Care, Last 4 Weeks",By State,California,California,Sep 30 - Oct 12,10/12/2020,36
"Delayed Medical Care, Last 4 Weeks",By State,Colorado,Colorado,Sep 30 - Oct 12,10/12/2020,30.1
"Delayed Medical Care, Last 4 Weeks",By State,Connecticut,Connecticut,Sep 30 - Oct 12,10/12/2020,30.1
"Delayed Medical Care, Last 4 Weeks",By State,Delaware,Delaware,Sep 30 - Oct 12,10/12/2020,27.9
"Delayed Medical Care, Last 4 Weeks",By State,District of Columbia,District of Columbia,Sep 30 - Oct 12,10/12/2020,38.1
"Delayed Medical Care, Last 4 Weeks",By State,Florida,Florida,Sep 30 - Oct 12,10/12/2020,33.8
"Delayed Medical Care, Last 4 Weeks",By State,Georgia,Georgia,Sep 30 - Oct 12,10/12/2020,30.7
"Delayed Medical Care, Last 4 Weeks",By State,Hawaii,Hawaii,Sep 30 - Oct 12,10/12/2020,30.4
"Delayed Medical Care, Last 4 Weeks",By State,Idaho,Idaho,Sep 30 - Oct 12,10/12/2020,26.5
"Delayed Medical Care, Last 4 Weeks",By State,Illinois,Illinois,Sep 30 - Oct 12,10/12/2020,30
"Delayed Medical Care, Last 4 Weeks",By State,Indiana,Indiana,Sep 30 - Oct 12,10/12/2020,27
"Delayed Medical Care, Last 4 Weeks",By State,Iowa,Iowa,Sep 30 - Oct 12,10/12/2020,29
"Delayed Medical Care, Last 4 Weeks",By State,Kansas,Kansas,Sep 30 - Oct 12,10/12/2020,27.6
"Delayed Medical Care, Last 4 Weeks",By State,Kentucky,Kentucky,Sep 30 - Oct 12,10/12/2020,27.7
"Delayed Medical Care, Last 4 Weeks",By State,Louisiana,Louisiana,Sep 30 - Oct 12,10/12/2020,26.6
"Delayed Medical Care, Last 4 Weeks",By State,Maine,Maine,Sep 30 - Oct 12,10/12/2020,32.9
"Delayed Medical Care, Last 4 Weeks",By State,Maryland,Maryland,Sep 30 - Oct 12,10/12/2020,32.7
"Delayed Medical Care, Last 4 Weeks",By State,Massachusetts,Massachusetts,Sep 30 - Oct 12,10/12/2020,35.5
"Delayed Medical Care, Last 4 Weeks",By State,Michigan,Michigan,Sep 30 - Oct 12,10/12/2020,31.3
"Delayed Medical Care, Last 4 Weeks",By State,Minnesota,Minnesota,Sep 30 - Oct 12,10/12/2020,28.8
"Delayed Medical Care, Last 4 Weeks",By State,Mississippi,Mississippi,Sep 30 - Oct 12,10/12/2020,30.3
"Delayed Medical Care, Last 4 Weeks",By State,Missouri,Missouri,Sep 30 - Oct 12,10/12/2020,27.8
"Delayed Medical Care, Last 4 Weeks",By State,Montana,Montana,Sep 30 - Oct 12,10/12/2020,31.2
"Delayed Medical Care, Last 4 Weeks",By State,Nebraska,Nebraska,Sep 30 - Oct 12,10/12/2020,26.4
"Delayed Medical Care, Last 4 Weeks",By State,Nevada,Nevada,Sep 30 - Oct 12,10/12/2020,31.4
"Delayed Medical Care, Last 4 Weeks",By State,New Hampshire,New Hampshire,Sep 30 - Oct 12,10/12/2020,29.3
"Delayed Medical Care, Last 4 Weeks",By State,New Jersey,New Jersey,Sep 30 - Oct 12,10/12/2020,31.9
"Delayed Medical Care, Last 4 Weeks",By State,New Mexico,New Mexico,Sep 30 - Oct 12,10/12/2020,33.1
"Delayed Medical Care, Last 4 Weeks",By State,New York,New York,Sep 30 - Oct 12,10/12/2020,29.9
"Delayed Medical Care, Last 4 Weeks",By State,North Carolina,North Carolina,Sep 30 - Oct 12,10/12/2020,31.2
"Delayed Medical Care, Last 4 Weeks",By State,North Dakota,North Dakota,Sep 30 - Oct 12,10/12/2020,27.3
"Delayed Medical Care, Last 4 Weeks",By State,Ohio,Ohio,Sep 30 - Oct 12,10/12/2020,31.2
"Delayed Medical Care, Last 4 Weeks",By State,Oklahoma,Oklahoma,Sep 30 - Oct 12,10/12/2020,29.3
"Delayed Medical Care, Last 4 Weeks",By State,Oregon,Oregon,Sep 30 - Oct 12,10/12/2020,33.2
"Delayed Medical Care, Last 4 Weeks",By State,Pennsylvania,Pennsylvania,Sep 30 - Oct 12,10/12/2020,29.3
"Delayed Medical Care, Last 4 Weeks",By State,Rhode Island,Rhode Island,Sep 30 - Oct 12,10/12/2020,28.3
"Delayed Medical Care, Last 4 Weeks",By State,South Carolina,South Carolina,Sep 30 - Oct 12,10/12/2020,30.3
"Delayed Medical Care, Last 4 Weeks",By State,South Dakota,South Dakota,Sep 30 - Oct 12,10/12/2020,23.3
"Delayed Medical Care, Last 4 Weeks",By State,Tennessee,Tennessee,Sep 30 - Oct 12,10/12/2020,28.6
"Delayed Medical Care, Last 4 Weeks",By State,Texas,Texas,Sep 30 - Oct 12,10/12/2020,31.4
"Delayed Medical Care, Last 4 Weeks",By State,Utah,Utah,Sep 30 - Oct 12,10/12/2020,27.7
"Delayed Medical Care, Last 4 Weeks",By State,Vermont,Vermont,Sep 30 - Oct 12,10/12/2020,35.8
"Delayed Medical Care, Last 4 Weeks",By State,Virginia,Virginia,Sep 30 - Oct 12,10/12/2020,33
"Delayed Medical Care, Last 4 Weeks",By State,Washington,Washington,Sep 30 - Oct 12,10/12/2020,35.8
"Delayed Medical Care, Last 4 Weeks",By State,West Virginia,West Virginia,Sep 30 - Oct 12,10/12/2020,32.3
"Delayed Medical Care, Last 4 Weeks",By State,Wisconsin,Wisconsin,Sep 30 - Oct 12,10/12/2020,25.2
"Delayed Medical Care, Last 4 Weeks",By State,Wyoming,Wyoming,Sep 30 - Oct 12,10/12/2020,21.6
"Did Not Get Needed Care, Last 4 Weeks",By Age,United States,18 - 29 years,Sep 30 - Oct 12,10/12/2020,22.6
"Did Not Get Needed Care, Last 4 Weeks",By Age,United States,30 - 39 years,Sep 30 - Oct 12,10/12/2020,24.8
"Did Not Get Needed Care, Last 4 Weeks",By Age,United States,40 - 49 years,Sep 30 - Oct 12,10/12/2020,26.3
"Did Not Get Needed Care, Last 4 Weeks",By Age,United States,50 - 59 years,Sep 30 - Oct 12,10/12/2020,25.4
"Did Not Get Needed Care, Last 4 Weeks",By Age,United States,60 - 69 years,Sep 30 - Oct 12,10/12/2020,22
"Did Not Get Needed Care, Last 4 Weeks",By Age,United States,70 - 79 years,Sep 30 - Oct 12,10/12/2020,18.9
"Did Not Get Needed Care, Last 4 Weeks",By Age,United States,80 years and above,Sep 30 - Oct 12,10/12/2020,17.7
"Did Not Get Needed Care, Last 4 Weeks",By State,Alabama,Alabama,Sep 30 - Oct 12,10/12/2020,24.1
"Did Not Get Needed Care, Last 4 Weeks",By State,Alaska,Alaska,Sep 30 - Oct 12,10/12/2020,29.4
"Did Not Get Needed Care, Last 4 Weeks",By State,Arizona,Arizona,Sep 30 - Oct 12,10/12/2020,25
"Did Not Get Needed Care, Last 4 Weeks",By State,Arkansas,Arkansas,Sep 30 - Oct 12,10/12/2020,24
"Did Not Get Needed Care, Last 4 Weeks",By State,California,California,Sep 30 - Oct 12,10/12/2020,29.3
"Did Not Get Needed Care, Last 4 Weeks",By State,Colorado,Colorado,Sep 30 - Oct 12,10/12/2020,21.3
"Did Not Get Needed Care, Last 4 Weeks",By State,Connecticut,Connecticut,Sep 30 - Oct 12,10/12/2020,20.2
"Did Not Get Needed Care, Last 4 Weeks",By State,Delaware,Delaware,Sep 30 - Oct 12,10/12/2020,19.9
"Did Not Get Needed Care, Last 4 Weeks",By State,District of Columbia,District of Columbia,Sep 30 - Oct 12,10/12/2020,23.8
"Did Not Get Needed Care, Last 4 Weeks",By State,Florida,Florida,Sep 30 - Oct 12,10/12/2020,24.1
"Did Not Get Needed Care, Last 4 Weeks",By State,Georgia,Georgia,Sep 30 - Oct 12,10/12/2020,21.7
"Did Not Get Needed Care, Last 4 Weeks",By State,Hawaii,Hawaii,Sep 30 - Oct 12,10/12/2020,25.3
"Did Not Get Needed Care, Last 4 Weeks",By State,Idaho,Idaho,Sep 30 - Oct 12,10/12/2020,18.2
"Did Not Get Needed Care, Last 4 Weeks",By State,Illinois,Illinois,Sep 30 - Oct 12,10/12/2020,21
"Did Not Get Needed Care, Last 4 Weeks",By State,Indiana,Indiana,Sep 30 - Oct 12,10/12/2020,20.7
"Did Not Get Needed Care, Last 4 Weeks",By State,Iowa,Iowa,Sep 30 - Oct 12,10/12/2020,21.7
"Did Not Get Needed Care, Last 4 Weeks",By State,Kansas,Kansas,Sep 30 - Oct 12,10/12/2020,20.1
"Did Not Get Needed Care, Last 4 Weeks",By State,Kentucky,Kentucky,Sep 30 - Oct 12,10/12/2020,23.6
"Did Not Get Needed Care, Last 4 Weeks",By State,Louisiana,Louisiana,Sep 30 - Oct 12,10/12/2020,21.8
"Did Not Get Needed Care, Last 4 Weeks",By State,Maine,Maine,Sep 30 - Oct 12,10/12/2020,23.9
"Did Not Get Needed Care, Last 4 Weeks",By State,Maryland,Maryland,Sep 30 - Oct 12,10/12/2020,23.8
"Did Not Get Needed Care, Last 4 Weeks",By State,Massachusetts,Massachusetts,Sep 30 - Oct 12,10/12/2020,23.6
"Did Not Get Needed Care, Last 4 Weeks",By State,Michigan,Michigan,Sep 30 - Oct 12,10/12/2020,22.6
"Did Not Get Needed Care, Last 4 Weeks",By State,Minnesota,Minnesota,Sep 30 - Oct 12,10/12/2020,18.6
"Did Not Get Needed Care, Last 4 Weeks",By State,Mississippi,Mississippi,Sep 30 - Oct 12,10/12/2020,23.5
"Did Not Get Needed Care, Last 4 Weeks",By State,Missouri,Missouri,Sep 30 - Oct 12,10/12/2020,20.6
"Did Not Get Needed Care, Last 4 Weeks",By State,Montana,Montana,Sep 30 - Oct 12,10/12/2020,19.6
"Did Not Get Needed Care, Last 4 Weeks",By State,Nebraska,Nebraska,Sep 30 - Oct 12,10/12/2020,17.8
"Did Not Get Needed Care, Last 4 Weeks",By State,Nevada,Nevada,Sep 30 - Oct 12,10/12/2020,25.4
"Did Not Get Needed Care, Last 4 Weeks",By State,New Hampshire,New Hampshire,Sep 30 - Oct 12,10/12/2020,20.6
"Did Not Get Needed Care, Last 4 Weeks",By State,New Jersey,New Jersey,Sep 30 - Oct 12,10/12/2020,20.7
"Did Not Get Needed Care, Last 4 Weeks",By State,New Mexico,New Mexico,Sep 30 - Oct 12,10/12/2020,28.3
"Did Not Get Needed Care, Last 4 Weeks",By State,New York,New York,Sep 30 - Oct 12,10/12/2020,22
"Did Not Get Needed Care, Last 4 Weeks",By State,North Carolina,North Carolina,Sep 30 - Oct 12,10/12/2020,23.5
"Did Not Get Needed Care, Last 4 Weeks",By State,North Dakota,North Dakota,Sep 30 - Oct 12,10/12/2020,21.1
"Did Not Get Needed Care, Last 4 Weeks",By State,Ohio,Ohio,Sep 30 - Oct 12,10/12/2020,21.5
"Did Not Get Needed Care, Last 4 Weeks",By State,Oklahoma,Oklahoma,Sep 30 - Oct 12,10/12/2020,25.5
"Did Not Get Needed Care, Last 4 Weeks",By State,Oregon,Oregon,Sep 30 - Oct 12,10/12/2020,25.1
"Did Not Get Needed Care, Last 4 Weeks",By State,Pennsylvania,Pennsylvania,Sep 30 - Oct 12,10/12/2020,20.4
"Did Not Get Needed Care, Last 4 Weeks",By State,Rhode Island,Rhode Island,Sep 30 - Oct 12,10/12/2020,21.3
"Did Not Get Needed Care, Last 4 Weeks",By State,South Carolina,South Carolina,Sep 30 - Oct 12,10/12/2020,24.3
"Did Not Get Needed Care, Last 4 Weeks",By State,South Dakota,South Dakota,Sep 30 - Oct 12,10/12/2020,17.8
"Did Not Get Needed Care, Last 4 Weeks",By State,Tennessee,Tennessee,Sep 30 - Oct 12,10/12/2020,22.8
"Did Not Get Needed Care, Last 4 Weeks",By State,Texas,Texas,Sep 30 - Oct 12,10/12/2020,25.3
"Did Not Get Needed Care, Last 4 Weeks",By State,Utah,Utah,Sep 30 - Oct 12,10/12/2020,21
"Did Not Get Needed Care, Last 4 Weeks",By State,Vermont,Vermont,Sep 30 - Oct 12,10/12/2020,28.7
"Did Not Get Needed Care, Last 4 Weeks",By State,Virginia,Virginia,Sep 30 - Oct 12,10/12/2020,23.6
"Did Not Get Needed Care, Last 4 Weeks",By State,Washington,Washington,Sep 30 - Oct 12,10/12/2020,24.6
"Did Not Get Needed Care, Last 4 Weeks",By State,West Virginia,West Virginia,Sep 30 - Oct 12,10/12/2020,22.9
"Did Not Get Needed Care, Last 4 Weeks",By State,Wisconsin,Wisconsin,Sep 30 - Oct 12,10/12/2020,19.3
"Did Not Get Needed Care, Last 4 Weeks",By State,Wyoming,Wyoming,Sep 30 - Oct 12,10/12/2020,19
"Delayed Medical Care, Last 4 Weeks",By Age,United States,18 - 29 years,Oct 14 - Oct 26,10/26/2020,32.3
"Delayed Medical Care, Last 4 Weeks",By Age,United States,30 - 39 years,Oct 14 - Oct 26,10/26/2020,34.6
"Delayed Medical Care, Last 4 Weeks",By Age,United States,40 - 49 years,Oct 14 - Oct 26,10/26/2020,34.3
"Delayed Medical Care, Last 4 Weeks",By Age,United States,50 - 59 years,Oct 14 - Oct 26,10/26/2020,33.7
"Delayed Medical Care, Last 4 Weeks",By Age,United States,60 - 69 years,Oct 14 - Oct 26,10/26/2020,28.6
"Delayed Medical Care, Last 4 Weeks",By Age,United States,70 - 79 years,Oct 14 - Oct 26,10/26/2020,23.2
"Delayed Medical Care, Last 4 Weeks",By Age,United States,80 years and above,Oct 14 - Oct 26,10/26/2020,16.2
"Delayed Medical Care, Last 4 Weeks",By State,Alabama,Alabama,Oct 14 - Oct 26,10/26/2020,29.2
"Delayed Medical Care, Last 4 Weeks",By State,Alaska,Alaska,Oct 14 - Oct 26,10/26/2020,35
"Delayed Medical Care, Last 4 Weeks",By State,Arizona,Arizona,Oct 14 - Oct 26,10/26/2020,34.9
"Delayed Medical Care, Last 4 Weeks",By State,Arkansas,Arkansas,Oct 14 - Oct 26,10/26/2020,30.9
"Delayed Medical Care, Last 4 Weeks",By State,California,California,Oct 14 - Oct 26,10/26/2020,34.6
"Delayed Medical Care, Last 4 Weeks",By State,Colorado,Colorado,Oct 14 - Oct 26,10/26/2020,32.2
"Delayed Medical Care, Last 4 Weeks",By State,Connecticut,Connecticut,Oct 14 - Oct 26,10/26/2020,32.4
"Delayed Medical Care, Last 4 Weeks",By State,Delaware,Delaware,Oct 14 - Oct 26,10/26/2020,32.8
"Delayed Medical Care, Last 4 Weeks",By State,District of Columbia,District of Columbia,Oct 14 - Oct 26,10/26/2020,39.9
"Delayed Medical Care, Last 4 Weeks",By State,Florida,Florida,Oct 14 - Oct 26,10/26/2020,29.5
"Delayed Medical Care, Last 4 Weeks",By State,Georgia,Georgia,Oct 14 - Oct 26,10/26/2020,30.3
"Delayed Medical Care, Last 4 Weeks",By State,Hawaii,Hawaii,Oct 14 - Oct 26,10/26/2020,34.8
"Delayed Medical Care, Last 4 Weeks",By State,Idaho,Idaho,Oct 14 - Oct 26,10/26/2020,26.4
"Delayed Medical Care, Last 4 Weeks",By State,Illinois,Illinois,Oct 14 - Oct 26,10/26/2020,29.4
"Delayed Medical Care, Last 4 Weeks",By State,Indiana,Indiana,Oct 14 - Oct 26,10/26/2020,27.2
"Delayed Medical Care, Last 4 Weeks",By State,Iowa,Iowa,Oct 14 - Oct 26,10/26/2020,23.1
"Delayed Medical Care, Last 4 Weeks",By State,Kansas,Kansas,Oct 14 - Oct 26,10/26/2020,31.2
"Delayed Medical Care, Last 4 Weeks",By State,Kentucky,Kentucky,Oct 14 - Oct 26,10/26/2020,30.1
"Delayed Medical Care, Last 4 Weeks",By State,Louisiana,Louisiana,Oct 14 - Oct 26,10/26/2020,29.5
"Delayed Medical Care, Last 4 Weeks",By State,Maine,Maine,Oct 14 - Oct 26,10/26/2020,34.9
"Delayed Medical Care, Last 4 Weeks",By State,Maryland,Maryland,Oct 14 - Oct 26,10/26/2020,36
"Delayed Medical Care, Last 4 Weeks",By State,Massachusetts,Massachusetts,Oct 14 - Oct 26,10/26/2020,35
"Delayed Medical Care, Last 4 Weeks",By State,Michigan,Michigan,Oct 14 - Oct 26,10/26/2020,32.1
"Delayed Medical Care, Last 4 Weeks",By State,Minnesota,Minnesota,Oct 14 - Oct 26,10/26/2020,30.6
"Delayed Medical Care, Last 4 Weeks",By State,Mississippi,Mississippi,Oct 14 - Oct 26,10/26/2020,25.1
"Delayed Medical Care, Last 4 Weeks",By State,Missouri,Missouri,Oct 14 - Oct 26,10/26/2020,30.8
"Delayed Medical Care, Last 4 Weeks",By State,Montana,Montana,Oct 14 - Oct 26,10/26/2020,27.5
"Delayed Medical Care, Last 4 Weeks",By State,Nebraska,Nebraska,Oct 14 - Oct 26,10/26/2020,26.3
"Delayed Medical Care, Last 4 Weeks",By State,Nevada,Nevada,Oct 14 - Oct 26,10/26/2020,33.2
"Delayed Medical Care, Last 4 Weeks",By State,New Hampshire,New Hampshire,Oct 14 - Oct 26,10/26/2020,24.7
"Delayed Medical Care, Last 4 Weeks",By State,New Jersey,New Jersey,Oct 14 - Oct 26,10/26/2020,29
"Delayed Medical Care, Last 4 Weeks",By State,New Mexico,New Mexico,Oct 14 - Oct 26,10/26/2020,38.9
"Delayed Medical Care, Last 4 Weeks",By State,New York,New York,Oct 14 - Oct 26,10/26/2020,29.2
"Delayed Medical Care, Last 4 Weeks",By State,North Carolina,North Carolina,Oct 14 - Oct 26,10/26/2020,22.9
"Delayed Medical Care, Last 4 Weeks",By State,North Dakota,North Dakota,Oct 14 - Oct 26,10/26/2020,25.2
"Delayed Medical Care, Last 4 Weeks",By State,Ohio,Ohio,Oct 14 - Oct 26,10/26/2020,27.6
"Delayed Medical Care, Last 4 Weeks",By State,Oklahoma,Oklahoma,Oct 14 - Oct 26,10/26/2020,27.8
"Delayed Medical Care, Last 4 Weeks",By State,Oregon,Oregon,Oct 14 - Oct 26,10/26/2020,35.4
"Delayed Medical Care, Last 4 Weeks",By State,Pennsylvania,Pennsylvania,Oct 14 - Oct 26,10/26/2020,28.9
"Delayed Medical Care, Last 4 Weeks",By State,Rhode Island,Rhode Island,Oct 14 - Oct 26,10/26/2020,31.3
"Delayed Medical Care, Last 4 Weeks",By State,South Carolina,South Carolina,Oct 14 - Oct 26,10/26/2020,30.5
"Delayed Medical Care, Last 4 Weeks",By State,South Dakota,South Dakota,Oct 14 - Oct 26,10/26/2020,26.2
"Delayed Medical Care, Last 4 Weeks",By State,Tennessee,Tennessee,Oct 14 - Oct 26,10/26/2020,28.6
"Delayed Medical Care, Last 4 Weeks",By State,Texas,Texas,Oct 14 - Oct 26,10/26/2020,37.4
"Delayed Medical Care, Last 4 Weeks",By State,Utah,Utah,Oct 14 - Oct 26,10/26/2020,25.7
"Delayed Medical Care, Last 4 Weeks",By State,Vermont,Vermont,Oct 14 - Oct 26,10/26/2020,31.4
"Delayed Medical Care, Last 4 Weeks",By State,Virginia,Virginia,Oct 14 - Oct 26,10/26/2020,31.6
"Delayed Medical Care, Last 4 Weeks",By State,Washington,Washington,Oct 14 - Oct 26,10/26/2020,34.5
"Delayed Medical Care, Last 4 Weeks",By State,West Virginia,West Virginia,Oct 14 - Oct 26,10/26/2020,32.6
"Delayed Medical Care, Last 4 Weeks",By State,Wisconsin,Wisconsin,Oct 14 - Oct 26,10/26/2020,27.4
"Delayed Medical Care, Last 4 Weeks",By State,Wyoming,Wyoming,Oct 14 - Oct 26,10/26/2020,29.4
"Did Not Get Needed Care, Last 4 Weeks",By Age,United States,18 - 29 years,Oct 14 - Oct 26,10/26/2020,22.3
"Did Not Get Needed Care, Last 4 Weeks",By Age,United States,30 - 39 years,Oct 14 - Oct 26,10/26/2020,25.8
"Did Not Get Needed Care, Last 4 Weeks",By Age,United States,40 - 49 years,Oct 14 - Oct 26,10/26/2020,25
"Did Not Get Needed Care, Last 4 Weeks",By Age,United States,50 - 59 years,Oct 14 - Oct 26,10/26/2020,27
"Did Not Get Needed Care, Last 4 Weeks",By Age,United States,60 - 69 years,Oct 14 - Oct 26,10/26/2020,21.8
"Did Not Get Needed Care, Last 4 Weeks",By Age,United States,70 - 79 years,Oct 14 - Oct 26,10/26/2020,17.7
"Did Not Get Needed Care, Last 4 Weeks",By Age,United States,80 years and above,Oct 14 - Oct 26,10/26/2020,16.3
"Did Not Get Needed Care, Last 4 Weeks",By State,Alabama,Alabama,Oct 14 - Oct 26,10/26/2020,24.9
"Did Not Get Needed Care, Last 4 Weeks",By State,Alaska,Alaska,Oct 14 - Oct 26,10/26/2020,25.3
"Did Not Get Needed Care, Last 4 Weeks",By State,Arizona,Arizona,Oct 14 - Oct 26,10/26/2020,25.1
"Did Not Get Needed Care, Last 4 Weeks",By State,Arkansas,Arkansas,Oct 14 - Oct 26,10/26/2020,24.8
"Did Not Get Needed Care, Last 4 Weeks",By State,California,California,Oct 14 - Oct 26,10/26/2020,26.5
"Did Not Get Needed Care, Last 4 Weeks",By State,Colorado,Colorado,Oct 14 - Oct 26,10/26/2020,22.3
"Did Not Get Needed Care, Last 4 Weeks",By State,Connecticut,Connecticut,Oct 14 - Oct 26,10/26/2020,20.7
"Did Not Get Needed Care, Last 4 Weeks",By State,Delaware,Delaware,Oct 14 - Oct 26,10/26/2020,24.7
"Did Not Get Needed Care, Last 4 Weeks",By State,District of Columbia,District of Columbia,Oct 14 - Oct 26,10/26/2020,24.8
"Did Not Get Needed Care, Last 4 Weeks",By State,Florida,Florida,Oct 14 - Oct 26,10/26/2020,23.2
"Did Not Get Needed Care, Last 4 Weeks",By State,Georgia,Georgia,Oct 14 - Oct 26,10/26/2020,22.8
"Did Not Get Needed Care, Last 4 Weeks",By State,Hawaii,Hawaii,Oct 14 - Oct 26,10/26/2020,21.4
"Did Not Get Needed Care, Last 4 Weeks",By State,Idaho,Idaho,Oct 14 - Oct 26,10/26/2020,19
"Did Not Get Needed Care, Last 4 Weeks",By State,Illinois,Illinois,Oct 14 - Oct 26,10/26/2020,24.1
"Did Not Get Needed Care, Last 4 Weeks",By State,Indiana,Indiana,Oct 14 - Oct 26,10/26/2020,20.7
"Did Not Get Needed Care, Last 4 Weeks",By State,Iowa,Iowa,Oct 14 - Oct 26,10/26/2020,16.8
"Did Not Get Needed Care, Last 4 Weeks",By State,Kansas,Kansas,Oct 14 - Oct 26,10/26/2020,23.6
"Did Not Get Needed Care, Last 4 Weeks",By State,Kentucky,Kentucky,Oct 14 - Oct 26,10/26/2020,23.7
"Did Not Get Needed Care, Last 4 Weeks",By State,Louisiana,Louisiana,Oct 14 - Oct 26,10/26/2020,22.5
"Did Not Get Needed Care, Last 4 Weeks",By State,Maine,Maine,Oct 14 - Oct 26,10/26/2020,23.1
"Did Not Get Needed Care, Last 4 Weeks",By State,Maryland,Maryland,Oct 14 - Oct 26,10/26/2020,28.3
"Did Not Get Needed Care, Last 4 Weeks",By State,Massachusetts,Massachusetts,Oct 14 - Oct 26,10/26/2020,24.8
"Did Not Get Needed Care, Last 4 Weeks",By State,Michigan,Michigan,Oct 14 - Oct 26,10/26/2020,24.6
"Did Not Get Needed Care, Last 4 Weeks",By State,Minnesota,Minnesota,Oct 14 - Oct 26,10/26/2020,20.4
"Did Not Get Needed Care, Last 4 Weeks",By State,Mississippi,Mississippi,Oct 14 - Oct 26,10/26/2020,22.3
"Did Not Get Needed Care, Last 4 Weeks",By State,Missouri,Missouri,Oct 14 - Oct 26,10/26/2020,20.9
"Did Not Get Needed Care, Last 4 Weeks",By State,Montana,Montana,Oct 14 - Oct 26,10/26/2020,19.7
"Did Not Get Needed Care, Last 4 Weeks",By State,Nebraska,Nebraska,Oct 14 - Oct 26,10/26/2020,18.4
"Did Not Get Needed Care, Last 4 Weeks",By State,Nevada,Nevada,Oct 14 - Oct 26,10/26/2020,27.2
"Did Not Get Needed Care, Last 4 Weeks",By State,New Hampshire,New Hampshire,Oct 14 - Oct 26,10/26/2020,19.1
"Did Not Get Needed Care, Last 4 Weeks",By State,New Jersey,New Jersey,Oct 14 - Oct 26,10/26/2020,20.2
"Did Not Get Needed Care, Last 4 Weeks",By State,New Mexico,New Mexico,Oct 14 - Oct 26,10/26/2020,33.6
"Did Not Get Needed Care, Last 4 Weeks",By State,New York,New York,Oct 14 - Oct 26,10/26/2020,24.8
"Did Not Get Needed Care, Last 4 Weeks",By State,North Carolina,North Carolina,Oct 14 - Oct 26,10/26/2020,18.4
"Did Not Get Needed Care, Last 4 Weeks",By State,North Dakota,North Dakota,Oct 14 - Oct 26,10/26/2020,18
"Did Not Get Needed Care, Last 4 Weeks",By State,Ohio,Ohio,Oct 14 - Oct 26,10/26/2020,23.3
"Did Not Get Needed Care, Last 4 Weeks",By State,Oklahoma,Oklahoma,Oct 14 - Oct 26,10/26/2020,22.1
"Did Not Get Needed Care, Last 4 Weeks",By State,Oregon,Oregon,Oct 14 - Oct 26,10/26/2020,25.4
"Did Not Get Needed Care, Last 4 Weeks",By State,Pennsylvania,Pennsylvania,Oct 14 - Oct 26,10/26/2020,19.2
"Did Not Get Needed Care, Last 4 Weeks",By State,Rhode Island,Rhode Island,Oct 14 - Oct 26,10/26/2020,22.4
"Did Not Get Needed Care, Last 4 Weeks",By State,South Carolina,South Carolina,Oct 14 - Oct 26,10/26/2020,25.4
"Did Not Get Needed Care, Last 4 Weeks",By State,South Dakota,South Dakota,Oct 14 - Oct 26,10/26/2020,19.8
"Did Not Get Needed Care, Last 4 Weeks",By State,Tennessee,Tennessee,Oct 14 - Oct 26,10/26/2020,20.7
"Did Not Get Needed Care, Last 4 Weeks",By State,Texas,Texas,Oct 14 - Oct 26,10/26/2020,26.5
"Did Not Get Needed Care, Last 4 Weeks",By State,Utah,Utah,Oct 14 - Oct 26,10/26/2020,20.2
"Did Not Get Needed Care, Last 4 Weeks",By State,Vermont,Vermont,Oct 14 - Oct 26,10/26/2020,23.4
"Did Not Get Needed Care, Last 4 Weeks",By State,Virginia,Virginia,Oct 14 - Oct 26,10/26/2020,21.6
"Did Not Get Needed Care, Last 4 Weeks",By State,Washington,Washington,Oct 14 - Oct 26,10/26/2020,22.4
"Did Not Get Needed Care, Last 4 Weeks",By State,West Virginia,West Virginia,Oct 14 - Oct 26,10/26/2020,24.5
"Did Not Get Needed Care, Last 4 Weeks",By State,Wisconsin,Wisconsin,Oct 14 - Oct 26,10/26/2020,19.6
"Did Not Get Needed Care, Last 4 Weeks",By State,Wyoming,Wyoming,Oct 14 - Oct 26,10/26/2020,23.7
"Delayed Medical Care, Last 4 Weeks",By Age,United States,18 - 29 years,Oct 28 - Nov 9,11/09/2020,35.8
"Delayed Medical Care, Last 4 Weeks",By Age,United States,30 - 39 years,Oct 28 - Nov 9,11/09/2020,35.9
"Delayed Medical Care, Last 4 Weeks",By Age,United States,40 - 49 years,Oct 28 - Nov 9,11/09/2020,33.4
"Delayed Medical Care, Last 4 Weeks",By Age,United States,50 - 59 years,Oct 28 - Nov 9,11/09/2020,32.2
"Delayed Medical Care, Last 4 Weeks",By Age,United States,60 - 69 years,Oct 28 - Nov 9,11/09/2020,29
"Delayed Medical Care, Last 4 Weeks",By Age,United States,70 - 79 years,Oct 28 - Nov 9,11/09/2020,23.5
"Delayed Medical Care, Last 4 Weeks",By Age,United States,80 years and above,Oct 28 - Nov 9,11/09/2020,18.4
"Delayed Medical Care, Last 4 Weeks",By State,Alabama,Alabama,Oct 28 - Nov 9,11/09/2020,32.7
"Delayed Medical Care, Last 4 Weeks",By State,Alaska,Alaska,Oct 28 - Nov 9,11/09/2020,37.6
"Delayed Medical Care, Last 4 Weeks",By State,Arizona,Arizona,Oct 28 - Nov 9,11/09/2020,29.7
"Delayed Medical Care, Last 4 Weeks",By State,Arkansas,Arkansas,Oct 28 - Nov 9,11/09/2020,33
"Delayed Medical Care, Last 4 Weeks",By State,California,California,Oct 28 - Nov 9,11/09/2020,38.1
"Delayed Medical Care, Last 4 Weeks",By State,Colorado,Colorado,Oct 28 - Nov 9,11/09/2020,33.7
"Delayed Medical Care, Last 4 Weeks",By State,Connecticut,Connecticut,Oct 28 - Nov 9,11/09/2020,28.9
"Delayed Medical Care, Last 4 Weeks",By State,Delaware,Delaware,Oct 28 - Nov 9,11/09/2020,32.5
"Delayed Medical Care, Last 4 Weeks",By State,District of Columbia,District of Columbia,Oct 28 - Nov 9,11/09/2020,35.3
"Delayed Medical Care, Last 4 Weeks",By State,Florida,Florida,Oct 28 - Nov 9,11/09/2020,32.4
"Delayed Medical Care, Last 4 Weeks",By State,Georgia,Georgia,Oct 28 - Nov 9,11/09/2020,28.3
"Delayed Medical Care, Last 4 Weeks",By State,Hawaii,Hawaii,Oct 28 - Nov 9,11/09/2020,32
"Delayed Medical Care, Last 4 Weeks",By State,Idaho,Idaho,Oct 28 - Nov 9,11/09/2020,26.8
"Delayed Medical Care, Last 4 Weeks",By State,Illinois,Illinois,Oct 28 - Nov 9,11/09/2020,30
"Delayed Medical Care, Last 4 Weeks",By State,Indiana,Indiana,Oct 28 - Nov 9,11/09/2020,27.9
"Delayed Medical Care, Last 4 Weeks",By State,Iowa,Iowa,Oct 28 - Nov 9,11/09/2020,27.3
"Delayed Medical Care, Last 4 Weeks",By State,Kansas,Kansas,Oct 28 - Nov 9,11/09/2020,29.3
"Delayed Medical Care, Last 4 Weeks",By State,Kentucky,Kentucky,Oct 28 - Nov 9,11/09/2020,31.1
"Delayed Medical Care, Last 4 Weeks",By State,Louisiana,Louisiana,Oct 28 - Nov 9,11/09/2020,31.1
"Delayed Medical Care, Last 4 Weeks",By State,Maine,Maine,Oct 28 - Nov 9,11/09/2020,30.4
"Delayed Medical Care, Last 4 Weeks",By State,Maryland,Maryland,Oct 28 - Nov 9,11/09/2020,31
"Delayed Medical Care, Last 4 Weeks",By State,Massachusetts,Massachusetts,Oct 28 - Nov 9,11/09/2020,34.6
"Delayed Medical Care, Last 4 Weeks",By State,Michigan,Michigan,Oct 28 - Nov 9,11/09/2020,28.7
"Delayed Medical Care, Last 4 Weeks",By State,Minnesota,Minnesota,Oct 28 - Nov 9,11/09/2020,30.3
"Delayed Medical Care, Last 4 Weeks",By State,Mississippi,Mississippi,Oct 28 - Nov 9,11/09/2020,33.5
"Delayed Medical Care, Last 4 Weeks",By State,Missouri,Missouri,Oct 28 - Nov 9,11/09/2020,31.4
"Delayed Medical Care, Last 4 Weeks",By State,Montana,Montana,Oct 28 - Nov 9,11/09/2020,33.3
"Delayed Medical Care, Last 4 Weeks",By State,Nebraska,Nebraska,Oct 28 - Nov 9,11/09/2020,26.2
"Delayed Medical Care, Last 4 Weeks",By State,Nevada,Nevada,Oct 28 - Nov 9,11/09/2020,33.6
"Delayed Medical Care, Last 4 Weeks",By State,New Hampshire,New Hampshire,Oct 28 - Nov 9,11/09/2020,31.6
"Delayed Medical Care, Last 4 Weeks",By State,New Jersey,New Jersey,Oct 28 - Nov 9,11/09/2020,30.7
"Delayed Medical Care, Last 4 Weeks",By State,New Mexico,New Mexico,Oct 28 - Nov 9,11/09/2020,38.1
"Delayed Medical Care, Last 4 Weeks",By State,New York,New York,Oct 28 - Nov 9,11/09/2020,30.4
"Delayed Medical Care, Last 4 Weeks",By State,North Carolina,North Carolina,Oct 28 - Nov 9,11/09/2020,27.1
"Delayed Medical Care, Last 4 Weeks",By State,North Dakota,North Dakota,Oct 28 - Nov 9,11/09/2020,28.7
"Delayed Medical Care, Last 4 Weeks",By State,Ohio,Ohio,Oct 28 - Nov 9,11/09/2020,32.6
"Delayed Medical Care, Last 4 Weeks",By State,Oklahoma,Oklahoma,Oct 28 - Nov 9,11/09/2020,31.1
"Delayed Medical Care, Last 4 Weeks",By State,Oregon,Oregon,Oct 28 - Nov 9,11/09/2020,34.2
"Delayed Medical Care, Last 4 Weeks",By State,Pennsylvania,Pennsylvania,Oct 28 - Nov 9,11/09/2020,29
"Delayed Medical Care, Last 4 Weeks",By State,Rhode Island,Rhode Island,Oct 28 - Nov 9,11/09/2020,30.8
"Delayed Medical Care, Last 4 Weeks",By State,South Carolina,South Carolina,Oct 28 - Nov 9,11/09/2020,28.1
"Delayed Medical Care, Last 4 Weeks",By State,South Dakota,South Dakota,Oct 28 - Nov 9,11/09/2020,26
"Delayed Medical Care, Last 4 Weeks",By State,Tennessee,Tennessee,Oct 28 - Nov 9,11/09/2020,24.8
"Delayed Medical Care, Last 4 Weeks",By State,Texas,Texas,Oct 28 - Nov 9,11/09/2020,35.5
"Delayed Medical Care, Last 4 Weeks",By State,Utah,Utah,Oct 28 - Nov 9,11/09/2020,26.9
"Delayed Medical Care, Last 4 Weeks",By State,Vermont,Vermont,Oct 28 - Nov 9,11/09/2020,32.1
"Delayed Medical Care, Last 4 Weeks",By State,Virginia,Virginia,Oct 28 - Nov 9,11/09/2020,28.6
"Delayed Medical Care, Last 4 Weeks",By State,Washington,Washington,Oct 28 - Nov 9,11/09/2020,32.2
"Delayed Medical Care, Last 4 Weeks",By State,West Virginia,West Virginia,Oct 28 - Nov 9,11/09/2020,27.7
"Delayed Medical Care, Last 4 Weeks",By State,Wisconsin,Wisconsin,Oct 28 - Nov 9,11/09/2020,32.8
"Delayed Medical Care, Last 4 Weeks",By State,Wyoming,Wyoming,Oct 28 - Nov 9,11/09/2020,28.4
"Did Not Get Needed Care, Last 4 Weeks",By Age,United States,18 - 29 years,Oct 28 - Nov 9,11/09/2020,27.7
"Did Not Get Needed Care, Last 4 Weeks",By Age,United States,30 - 39 years,Oct 28 - Nov 9,11/09/2020,26
"Did Not Get Needed Care, Last 4 Weeks",By Age,United States,40 - 49 years,Oct 28 - Nov 9,11/09/2020,25.4
"Did Not Get Needed Care, Last 4 Weeks",By Age,United States,50 - 59 years,Oct 28 - Nov 9,11/09/2020,26.6
"Did Not Get Needed Care, Last 4 Weeks",By Age,United States,60 - 69 years,Oct 28 - Nov 9,11/09/2020,22
"Did Not Get Needed Care, Last 4 Weeks",By Age,United States,70 - 79 years,Oct 28 - Nov 9,11/09/2020,16.5
"Did Not Get Needed Care, Last 4 Weeks",By Age,United States,80 years and above,Oct 28 - Nov 9,11/09/2020,14.3
"Did Not Get Needed Care, Last 4 Weeks",By State,Alabama,Alabama,Oct 28 - Nov 9,11/09/2020,25.2
"Did Not Get Needed Care, Last 4 Weeks",By State,Alaska,Alaska,Oct 28 - Nov 9,11/09/2020,30.2
"Did Not Get Needed Care, Last 4 Weeks",By State,Arizona,Arizona,Oct 28 - Nov 9,11/09/2020,23.6
"Did Not Get Needed Care, Last 4 Weeks",By State,Arkansas,Arkansas,Oct 28 - Nov 9,11/09/2020,26.7
"Did Not Get Needed Care, Last 4 Weeks",By State,California,California,Oct 28 - Nov 9,11/09/2020,28.3
"Did Not Get Needed Care, Last 4 Weeks",By State,Colorado,Colorado,Oct 28 - Nov 9,11/09/2020,25.1
"Did Not Get Needed Care, Last 4 Weeks",By State,Connecticut,Connecticut,Oct 28 - Nov 9,11/09/2020,20.9
"Did Not Get Needed Care, Last 4 Weeks",By State,Delaware,Delaware,Oct 28 - Nov 9,11/09/2020,24.7
"Did Not Get Needed Care, Last 4 Weeks",By State,District of Columbia,District of Columbia,Oct 28 - Nov 9,11/09/2020,28.4
"Did Not Get Needed Care, Last 4 Weeks",By State,Florida,Florida,Oct 28 - Nov 9,11/09/2020,23.5
"Did Not Get Needed Care, Last 4 Weeks",By State,Georgia,Georgia,Oct 28 - Nov 9,11/09/2020,26.5
"Did Not Get Needed Care, Last 4 Weeks",By State,Hawaii,Hawaii,Oct 28 - Nov 9,11/09/2020,26
"Did Not Get Needed Care, Last 4 Weeks",By State,Idaho,Idaho,Oct 28 - Nov 9,11/09/2020,20.5
"Did Not Get Needed Care, Last 4 Weeks",By State,Illinois,Illinois,Oct 28 - Nov 9,11/09/2020,23.4
"Did Not Get Needed Care, Last 4 Weeks",By State,Indiana,Indiana,Oct 28 - Nov 9,11/09/2020,20.6
"Did Not Get Needed Care, Last 4 Weeks",By State,Iowa,Iowa,Oct 28 - Nov 9,11/09/2020,22.3
"Did Not Get Needed Care, Last 4 Weeks",By State,Kansas,Kansas,Oct 28 - Nov 9,11/09/2020,20
"Did Not Get Needed Care, Last 4 Weeks",By State,Kentucky,Kentucky,Oct 28 - Nov 9,11/09/2020,24.4
"Did Not Get Needed Care, Last 4 Weeks",By State,Louisiana,Louisiana,Oct 28 - Nov 9,11/09/2020,22.7
"Did Not Get Needed Care, Last 4 Weeks",By State,Maine,Maine,Oct 28 - Nov 9,11/09/2020,22.9
"Did Not Get Needed Care, Last 4 Weeks",By State,Maryland,Maryland,Oct 28 - Nov 9,11/09/2020,25
"Did Not Get Needed Care, Last 4 Weeks",By State,Massachusetts,Massachusetts,Oct 28 - Nov 9,11/09/2020,23.9
"Did Not Get Needed Care, Last 4 Weeks",By State,Michigan,Michigan,Oct 28 - Nov 9,11/09/2020,20.7
"Did Not Get Needed Care, Last 4 Weeks",By State,Minnesota,Minnesota,Oct 28 - Nov 9,11/09/2020,21.6
"Did Not Get Needed Care, Last 4 Weeks",By State,Mississippi,Mississippi,Oct 28 - Nov 9,11/09/2020,29.8
"Did Not Get Needed Care, Last 4 Weeks",By State,Missouri,Missouri,Oct 28 - Nov 9,11/09/2020,23.4
"Did Not Get Needed Care, Last 4 Weeks",By State,Montana,Montana,Oct 28 - Nov 9,11/09/2020,24.3
"Did Not Get Needed Care, Last 4 Weeks",By State,Nebraska,Nebraska,Oct 28 - Nov 9,11/09/2020,16.7
"Did Not Get Needed Care, Last 4 Weeks",By State,Nevada,Nevada,Oct 28 - Nov 9,11/09/2020,29.9
"Did Not Get Needed Care, Last 4 Weeks",By State,New Hampshire,New Hampshire,Oct 28 - Nov 9,11/09/2020,18.6
"Did Not Get Needed Care, Last 4 Weeks",By State,New Jersey,New Jersey,Oct 28 - Nov 9,11/09/2020,23.3
"Did Not Get Needed Care, Last 4 Weeks",By State,New Mexico,New Mexico,Oct 28 - Nov 9,11/09/2020,30.8
"Did Not Get Needed Care, Last 4 Weeks",By State,New York,New York,Oct 28 - Nov 9,11/09/2020,21.7
"Did Not Get Needed Care, Last 4 Weeks",By State,North Carolina,North Carolina,Oct 28 - Nov 9,11/09/2020,22.5
"Did Not Get Needed Care, Last 4 Weeks",By State,North Dakota,North Dakota,Oct 28 - Nov 9,11/09/2020,18.4
"Did Not Get Needed Care, Last 4 Weeks",By State,Ohio,Ohio,Oct 28 - Nov 9,11/09/2020,22.9
"Did Not Get Needed Care, Last 4 Weeks",By State,Oklahoma,Oklahoma,Oct 28 - Nov 9,11/09/2020,29.5
"Did Not Get Needed Care, Last 4 Weeks",By State,Oregon,Oregon,Oct 28 - Nov 9,11/09/2020,26.3
"Did Not Get Needed Care, Last 4 Weeks",By State,Pennsylvania,Pennsylvania,Oct 28 - Nov 9,11/09/2020,20.9
"Did Not Get Needed Care, Last 4 Weeks",By State,Rhode Island,Rhode Island,Oct 28 - Nov 9,11/09/2020,22.2
"Did Not Get Needed Care, Last 4 Weeks",By State,South Carolina,South Carolina,Oct 28 - Nov 9,11/09/2020,26.2
"Did Not Get Needed Care, Last 4 Weeks",By State,South Dakota,South Dakota,Oct 28 - Nov 9,11/09/2020,19.7
"Did Not Get Needed Care, Last 4 Weeks",By State,Tennessee,Tennessee,Oct 28 - Nov 9,11/09/2020,19
"Did Not Get Needed Care, Last 4 Weeks",By State,Texas,Texas,Oct 28 - Nov 9,11/09/2020,27.3
"Did Not Get Needed Care, Last 4 Weeks",By State,Utah,Utah,Oct 28 - Nov 9,11/09/2020,18.9
"Did Not Get Needed Care, Last 4 Weeks",By State,Vermont,Vermont,Oct 28 - Nov 9,11/09/2020,24.8
"Did Not Get Needed Care, Last 4 Weeks",By State,Virginia,Virginia,Oct 28 - Nov 9,11/09/2020,21.9
"Did Not Get Needed Care, Last 4 Weeks",By State,Washington,Washington,Oct 28 - Nov 9,11/09/2020,25.4
"Did Not Get Needed Care, Last 4 Weeks",By State,West Virginia,West Virginia,Oct 28 - Nov 9,11/09/2020,21
"Did Not Get Needed Care, Last 4 Weeks",By State,Wisconsin,Wisconsin,Oct 28 - Nov 9,11/09/2020,26.1
"Did Not Get Needed Care, Last 4 Weeks",By State,Wyoming,Wyoming,Oct 28 - Nov 9,11/09/2020,24.1
"Delayed Medical Care, Last 4 Weeks",By Age,United States,18 - 29 years,Nov 11 - Nov 23,11/23/2020,34.3
"Delayed Medical Care, Last 4 Weeks",By Age,United States,30 - 39 years,Nov 11 - Nov 23,11/23/2020,37.8
"Delayed Medical Care, Last 4 Weeks",By Age,United States,40 - 49 years,Nov 11 - Nov 23,11/23/2020,35.8
"Delayed Medical Care, Last 4 Weeks",By Age,United States,50 - 59 years,Nov 11 - Nov 23,11/23/2020,33.4
"Delayed Medical Care, Last 4 Weeks",By Age,United States,60 - 69 years,Nov 11 - Nov 23,11/23/2020,31.2
"Delayed Medical Care, Last 4 Weeks",By Age,United States,70 - 79 years,Nov 11 - Nov 23,11/23/2020,27
"Delayed Medical Care, Last 4 Weeks",By Age,United States,80 years and above,Nov 11 - Nov 23,11/23/2020,19.7
"Delayed Medical Care, Last 4 Weeks",By State,Alabama,Alabama,Nov 11 - Nov 23,11/23/2020,30
"Delayed Medical Care, Last 4 Weeks",By State,Alaska,Alaska,Nov 11 - Nov 23,11/23/2020,39.7
"Delayed Medical Care, Last 4 Weeks",By State,Arizona,Arizona,Nov 11 - Nov 23,11/23/2020,32.4
"Delayed Medical Care, Last 4 Weeks",By State,Arkansas,Arkansas,Nov 11 - Nov 23,11/23/2020,31.3
"Delayed Medical Care, Last 4 Weeks",By State,California,California,Nov 11 - Nov 23,11/23/2020,38.4
"Delayed Medical Care, Last 4 Weeks",By State,Colorado,Colorado,Nov 11 - Nov 23,11/23/2020,31.8
"Delayed Medical Care, Last 4 Weeks",By State,Connecticut,Connecticut,Nov 11 - Nov 23,11/23/2020,34
"Delayed Medical Care, Last 4 Weeks",By State,Delaware,Delaware,Nov 11 - Nov 23,11/23/2020,29.9
"Delayed Medical Care, Last 4 Weeks",By State,District of Columbia,District of Columbia,Nov 11 - Nov 23,11/23/2020,34.4
"Delayed Medical Care, Last 4 Weeks",By State,Florida,Florida,Nov 11 - Nov 23,11/23/2020,31
"Delayed Medical Care, Last 4 Weeks",By State,Georgia,Georgia,Nov 11 - Nov 23,11/23/2020,35.4
"Delayed Medical Care, Last 4 Weeks",By State,Hawaii,Hawaii,Nov 11 - Nov 23,11/23/2020,29.5
"Delayed Medical Care, Last 4 Weeks",By State,Idaho,Idaho,Nov 11 - Nov 23,11/23/2020,31.7
"Delayed Medical Care, Last 4 Weeks",By State,Illinois,Illinois,Nov 11 - Nov 23,11/23/2020,36.6
"Delayed Medical Care, Last 4 Weeks",By State,Indiana,Indiana,Nov 11 - Nov 23,11/23/2020,28.3
"Delayed Medical Care, Last 4 Weeks",By State,Iowa,Iowa,Nov 11 - Nov 23,11/23/2020,31.9
"Delayed Medical Care, Last 4 Weeks",By State,Kansas,Kansas,Nov 11 - Nov 23,11/23/2020,28.7
"Delayed Medical Care, Last 4 Weeks",By State,Kentucky,Kentucky,Nov 11 - Nov 23,11/23/2020,29.5
"Delayed Medical Care, Last 4 Weeks",By State,Louisiana,Louisiana,Nov 11 - Nov 23,11/23/2020,27.7
"Delayed Medical Care, Last 4 Weeks",By State,Maine,Maine,Nov 11 - Nov 23,11/23/2020,34.7
"Delayed Medical Care, Last 4 Weeks",By State,Maryland,Maryland,Nov 11 - Nov 23,11/23/2020,34.8
"Delayed Medical Care, Last 4 Weeks",By State,Massachusetts,Massachusetts,Nov 11 - Nov 23,11/23/2020,34
"Delayed Medical Care, Last 4 Weeks",By State,Michigan,Michigan,Nov 11 - Nov 23,11/23/2020,31.3
"Delayed Medical Care, Last 4 Weeks",By State,Minnesota,Minnesota,Nov 11 - Nov 23,11/23/2020,33.6
"Delayed Medical Care, Last 4 Weeks",By State,Mississippi,Mississippi,Nov 11 - Nov 23,11/23/2020,26
"Delayed Medical Care, Last 4 Weeks",By State,Missouri,Missouri,Nov 11 - Nov 23,11/23/2020,28.9
"Delayed Medical Care, Last 4 Weeks",By State,Montana,Montana,Nov 11 - Nov 23,11/23/2020,32.3
"Delayed Medical Care, Last 4 Weeks",By State,Nebraska,Nebraska,Nov 11 - Nov 23,11/23/2020,31.6
"Delayed Medical Care, Last 4 Weeks",By State,Nevada,Nevada,Nov 11 - Nov 23,11/23/2020,30.9
"Delayed Medical Care, Last 4 Weeks",By State,New Hampshire,New Hampshire,Nov 11 - Nov 23,11/23/2020,26.8
"Delayed Medical Care, Last 4 Weeks",By State,New Jersey,New Jersey,Nov 11 - Nov 23,11/23/2020,34
"Delayed Medical Care, Last 4 Weeks",By State,New Mexico,New Mexico,Nov 11 - Nov 23,11/23/2020,45.8
"Delayed Medical Care, Last 4 Weeks",By State,New York,New York,Nov 11 - Nov 23,11/23/2020,31.1
"Delayed Medical Care, Last 4 Weeks",By State,North Carolina,North Carolina,Nov 11 - Nov 23,11/23/2020,32.1
"Delayed Medical Care, Last 4 Weeks",By State,North Dakota,North Dakota,Nov 11 - Nov 23,11/23/2020,27.5
"Delayed Medical Care, Last 4 Weeks",By State,Ohio,Ohio,Nov 11 - Nov 23,11/23/2020,33.3
"Delayed Medical Care, Last 4 Weeks",By State,Oklahoma,Oklahoma,Nov 11 - Nov 23,11/23/2020,33
"Delayed Medical Care, Last 4 Weeks",By State,Oregon,Oregon,Nov 11 - Nov 23,11/23/2020,37.7
"Delayed Medical Care, Last 4 Weeks",By State,Pennsylvania,Pennsylvania,Nov 11 - Nov 23,11/23/2020,30.1
"Delayed Medical Care, Last 4 Weeks",By State,Rhode Island,Rhode Island,Nov 11 - Nov 23,11/23/2020,32.1
"Delayed Medical Care, Last 4 Weeks",By State,South Carolina,South Carolina,Nov 11 - Nov 23,11/23/2020,35.3
"Delayed Medical Care, Last 4 Weeks",By State,South Dakota,South Dakota,Nov 11 - Nov 23,11/23/2020,30.8
"Delayed Medical Care, Last 4 Weeks",By State,Tennessee,Tennessee,Nov 11 - Nov 23,11/23/2020,30.3
"Delayed Medical Care, Last 4 Weeks",By State,Texas,Texas,Nov 11 - Nov 23,11/23/2020,36.1
"Delayed Medical Care, Last 4 Weeks",By State,Utah,Utah,Nov 11 - Nov 23,11/23/2020,28.6
"Delayed Medical Care, Last 4 Weeks",By State,Vermont,Vermont,Nov 11 - Nov 23,11/23/2020,29.4
"Delayed Medical Care, Last 4 Weeks",By State,Virginia,Virginia,Nov 11 - Nov 23,11/23/2020,35.5
"Delayed Medical Care, Last 4 Weeks",By State,Washington,Washington,Nov 11 - Nov 23,11/23/2020,33.6
"Delayed Medical Care, Last 4 Weeks",By State,West Virginia,West Virginia,Nov 11 - Nov 23,11/23/2020,24.9
"Delayed Medical Care, Last 4 Weeks",By State,Wisconsin,Wisconsin,Nov 11 - Nov 23,11/23/2020,33.3
"Delayed Medical Care, Last 4 Weeks",By State,Wyoming,Wyoming,Nov 11 - Nov 23,11/23/2020,29.9
"Did Not Get Needed Care, Last 4 Weeks",By Age,United States,18 - 29 years,Nov 11 - Nov 23,11/23/2020,23.5
"Did Not Get Needed Care, Last 4 Weeks",By Age,United States,30 - 39 years,Nov 11 - Nov 23,11/23/2020,25.7
"Did Not Get Needed Care, Last 4 Weeks",By Age,United States,40 - 49 years,Nov 11 - Nov 23,11/23/2020,27.3
"Did Not Get Needed Care, Last 4 Weeks",By Age,United States,50 - 59 years,Nov 11 - Nov 23,11/23/2020,25.3
"Did Not Get Needed Care, Last 4 Weeks",By Age,United States,60 - 69 years,Nov 11 - Nov 23,11/23/2020,21.4
"Did Not Get Needed Care, Last 4 Weeks",By Age,United States,70 - 79 years,Nov 11 - Nov 23,11/23/2020,20.8
"Did Not Get Needed Care, Last 4 Weeks",By Age,United States,80 years and above,Nov 11 - Nov 23,11/23/2020,17.2
"Did Not Get Needed Care, Last 4 Weeks",By State,Alabama,Alabama,Nov 11 - Nov 23,11/23/2020,25.8
"Did Not Get Needed Care, Last 4 Weeks",By State,Alaska,Alaska,Nov 11 - Nov 23,11/23/2020,29.5
"Did Not Get Needed Care, Last 4 Weeks",By State,Arizona,Arizona,Nov 11 - Nov 23,11/23/2020,25.8
"Did Not Get Needed Care, Last 4 Weeks",By State,Arkansas,Arkansas,Nov 11 - Nov 23,11/23/2020,23.2
"Did Not Get Needed Care, Last 4 Weeks",By State,California,California,Nov 11 - Nov 23,11/23/2020,27.7
"Did Not Get Needed Care, Last 4 Weeks",By State,Colorado,Colorado,Nov 11 - Nov 23,11/23/2020,23.6
"Did Not Get Needed Care, Last 4 Weeks",By State,Connecticut,Connecticut,Nov 11 - Nov 23,11/23/2020,21.4
"Did Not Get Needed Care, Last 4 Weeks",By State,Delaware,Delaware,Nov 11 - Nov 23,11/23/2020,19.4
"Did Not Get Needed Care, Last 4 Weeks",By State,District of Columbia,District of Columbia,Nov 11 - Nov 23,11/23/2020,20.1
"Did Not Get Needed Care, Last 4 Weeks",By State,Florida,Florida,Nov 11 - Nov 23,11/23/2020,20.6
"Did Not Get Needed Care, Last 4 Weeks",By State,Georgia,Georgia,Nov 11 - Nov 23,11/23/2020,21.5
"Did Not Get Needed Care, Last 4 Weeks",By State,Hawaii,Hawaii,Nov 11 - Nov 23,11/23/2020,18.7
"Did Not Get Needed Care, Last 4 Weeks",By State,Idaho,Idaho,Nov 11 - Nov 23,11/23/2020,21.2
"Did Not Get Needed Care, Last 4 Weeks",By State,Illinois,Illinois,Nov 11 - Nov 23,11/23/2020,27.3
"Did Not Get Needed Care, Last 4 Weeks",By State,Indiana,Indiana,Nov 11 - Nov 23,11/23/2020,21.8
"Did Not Get Needed Care, Last 4 Weeks",By State,Iowa,Iowa,Nov 11 - Nov 23,11/23/2020,21
"Did Not Get Needed Care, Last 4 Weeks",By State,Kansas,Kansas,Nov 11 - Nov 23,11/23/2020,22.9
"Did Not Get Needed Care, Last 4 Weeks",By State,Kentucky,Kentucky,Nov 11 - Nov 23,11/23/2020,23.4
"Did Not Get Needed Care, Last 4 Weeks",By State,Louisiana,Louisiana,Nov 11 - Nov 23,11/23/2020,27.3
"Did Not Get Needed Care, Last 4 Weeks",By State,Maine,Maine,Nov 11 - Nov 23,11/23/2020,21
"Did Not Get Needed Care, Last 4 Weeks",By State,Maryland,Maryland,Nov 11 - Nov 23,11/23/2020,28.4
"Did Not Get Needed Care, Last 4 Weeks",By State,Massachusetts,Massachusetts,Nov 11 - Nov 23,11/23/2020,20.8
"Did Not Get Needed Care, Last 4 Weeks",By State,Michigan,Michigan,Nov 11 - Nov 23,11/23/2020,23.3
"Did Not Get Needed Care, Last 4 Weeks",By State,Minnesota,Minnesota,Nov 11 - Nov 23,11/23/2020,25.3
"Did Not Get Needed Care, Last 4 Weeks",By State,Mississippi,Mississippi,Nov 11 - Nov 23,11/23/2020,22.4
"Did Not Get Needed Care, Last 4 Weeks",By State,Missouri,Missouri,Nov 11 - Nov 23,11/23/2020,19.6
"Did Not Get Needed Care, Last 4 Weeks",By State,Montana,Montana,Nov 11 - Nov 23,11/23/2020,21.2
"Did Not Get Needed Care, Last 4 Weeks",By State,Nebraska,Nebraska,Nov 11 - Nov 23,11/23/2020,20.9
"Did Not Get Needed Care, Last 4 Weeks",By State,Nevada,Nevada,Nov 11 - Nov 23,11/23/2020,22.4
"Did Not Get Needed Care, Last 4 Weeks",By State,New Hampshire,New Hampshire,Nov 11 - Nov 23,11/23/2020,18.4
"Did Not Get Needed Care, Last 4 Weeks",By State,New Jersey,New Jersey,Nov 11 - Nov 23,11/23/2020,22
"Did Not Get Needed Care, Last 4 Weeks",By State,New Mexico,New Mexico,Nov 11 - Nov 23,11/23/2020,31.8
"Did Not Get Needed Care, Last 4 Weeks",By State,New York,New York,Nov 11 - Nov 23,11/23/2020,18.2
"Did Not Get Needed Care, Last 4 Weeks",By State,North Carolina,North Carolina,Nov 11 - Nov 23,11/23/2020,26
"Did Not Get Needed Care, Last 4 Weeks",By State,North Dakota,North Dakota,Nov 11 - Nov 23,11/23/2020,16.6
"Did Not Get Needed Care, Last 4 Weeks",By State,Ohio,Ohio,Nov 11 - Nov 23,11/23/2020,25.1
"Did Not Get Needed Care, Last 4 Weeks",By State,Oklahoma,Oklahoma,Nov 11 - Nov 23,11/23/2020,26.6
"Did Not Get Needed Care, Last 4 Weeks",By State,Oregon,Oregon,Nov 11 - Nov 23,11/23/2020,25
"Did Not Get Needed Care, Last 4 Weeks",By State,Pennsylvania,Pennsylvania,Nov 11 - Nov 23,11/23/2020,21.6
"Did Not Get Needed Care, Last 4 Weeks",By State,Rhode Island,Rhode Island,Nov 11 - Nov 23,11/23/2020,23.7
"Did Not Get Needed Care, Last 4 Weeks",By State,South Carolina,South Carolina,Nov 11 - Nov 23,11/23/2020,28.3
"Did Not Get Needed Care, Last 4 Weeks",By State,South Dakota,South Dakota,Nov 11 - Nov 23,11/23/2020,21.6
"Did Not Get Needed Care, Last 4 Weeks",By State,Tennessee,Tennessee,Nov 11 - Nov 23,11/23/2020,21.7
"Did Not Get Needed Care, Last 4 Weeks",By State,Texas,Texas,Nov 11 - Nov 23,11/23/2020,27.2
"Did Not Get Needed Care, Last 4 Weeks",By State,Utah,Utah,Nov 11 - Nov 23,11/23/2020,22.1
"Did Not Get Needed Care, Last 4 Weeks",By State,Vermont,Vermont,Nov 11 - Nov 23,11/23/2020,19.4
"Did Not Get Needed Care, Last 4 Weeks",By State,Virginia,Virginia,Nov 11 - Nov 23,11/23/2020,24
"Did Not Get Needed Care, Last 4 Weeks",By State,Washington,Washington,Nov 11 - Nov 23,11/23/2020,26.5
"Did Not Get Needed Care, Last 4 Weeks",By State,West Virginia,West Virginia,Nov 11 - Nov 23,11/23/2020,18
"Did Not Get Needed Care, Last 4 Weeks",By State,Wisconsin,Wisconsin,Nov 11 - Nov 23,11/23/2020,23.5
"Did Not Get Needed Care, Last 4 Weeks",By State,Wyoming,Wyoming,Nov 11 - Nov 23,11/23/2020,22.1
"Delayed Medical Care, Last 4 Weeks",By State,Nevada,Nevada,Jun 9 - Jun 21,06/21/2021,14.3
"Delayed Medical Care, Last 4 Weeks",By Age,United States,18 - 29 years,Nov 25 - Dec 7,12/07/2020,34.5
"Delayed Medical Care, Last 4 Weeks",By Age,United States,30 - 39 years,Nov 25 - Dec 7,12/07/2020,35.8
"Delayed Medical Care, Last 4 Weeks",By Age,United States,40 - 49 years,Nov 25 - Dec 7,12/07/2020,37.2
"Delayed Medical Care, Last 4 Weeks",By Age,United States,50 - 59 years,Nov 25 - Dec 7,12/07/2020,35.7
"Delayed Medical Care, Last 4 Weeks",By Age,United States,60 - 69 years,Nov 25 - Dec 7,12/07/2020,29.5
"Delayed Medical Care, Last 4 Weeks",By Age,United States,70 - 79 years,Nov 25 - Dec 7,12/07/2020,23.9
"Delayed Medical Care, Last 4 Weeks",By Age,United States,80 years and above,Nov 25 - Dec 7,12/07/2020,23
"Delayed Medical Care, Last 4 Weeks",By State,Alabama,Alabama,Nov 25 - Dec 7,12/07/2020,29.7
"Delayed Medical Care, Last 4 Weeks",By State,Alaska,Alaska,Nov 25 - Dec 7,12/07/2020,39.1
"Delayed Medical Care, Last 4 Weeks",By State,Arizona,Arizona,Nov 25 - Dec 7,12/07/2020,31.9
"Delayed Medical Care, Last 4 Weeks",By State,Arkansas,Arkansas,Nov 25 - Dec 7,12/07/2020,33.5
"Delayed Medical Care, Last 4 Weeks",By State,California,California,Nov 25 - Dec 7,12/07/2020,35
"Delayed Medical Care, Last 4 Weeks",By State,Colorado,Colorado,Nov 25 - Dec 7,12/07/2020,35.7
"Delayed Medical Care, Last 4 Weeks",By State,Connecticut,Connecticut,Nov 25 - Dec 7,12/07/2020,33.3
"Delayed Medical Care, Last 4 Weeks",By State,Delaware,Delaware,Nov 25 - Dec 7,12/07/2020,33.5
"Delayed Medical Care, Last 4 Weeks",By State,District of Columbia,District of Columbia,Nov 25 - Dec 7,12/07/2020,39.1
"Delayed Medical Care, Last 4 Weeks",By State,Florida,Florida,Nov 25 - Dec 7,12/07/2020,30.9
"Delayed Medical Care, Last 4 Weeks",By State,Georgia,Georgia,Nov 25 - Dec 7,12/07/2020,27.4
"Delayed Medical Care, Last 4 Weeks",By State,Hawaii,Hawaii,Nov 25 - Dec 7,12/07/2020,29.9
"Delayed Medical Care, Last 4 Weeks",By State,Idaho,Idaho,Nov 25 - Dec 7,12/07/2020,34.7
"Delayed Medical Care, Last 4 Weeks",By State,Illinois,Illinois,Nov 25 - Dec 7,12/07/2020,33.6
"Delayed Medical Care, Last 4 Weeks",By State,Indiana,Indiana,Nov 25 - Dec 7,12/07/2020,33.8
"Delayed Medical Care, Last 4 Weeks",By State,Iowa,Iowa,Nov 25 - Dec 7,12/07/2020,31.4
"Delayed Medical Care, Last 4 Weeks",By State,Kansas,Kansas,Nov 25 - Dec 7,12/07/2020,35.4
"Delayed Medical Care, Last 4 Weeks",By State,Kentucky,Kentucky,Nov 25 - Dec 7,12/07/2020,30.8
"Delayed Medical Care, Last 4 Weeks",By State,Louisiana,Louisiana,Nov 25 - Dec 7,12/07/2020,30
"Delayed Medical Care, Last 4 Weeks",By State,Maine,Maine,Nov 25 - Dec 7,12/07/2020,25.7
"Delayed Medical Care, Last 4 Weeks",By State,Maryland,Maryland,Nov 25 - Dec 7,12/07/2020,32.4
"Delayed Medical Care, Last 4 Weeks",By State,Massachusetts,Massachusetts,Nov 25 - Dec 7,12/07/2020,31.6
"Delayed Medical Care, Last 4 Weeks",By State,Michigan,Michigan,Nov 25 - Dec 7,12/07/2020,33.9
"Delayed Medical Care, Last 4 Weeks",By State,Minnesota,Minnesota,Nov 25 - Dec 7,12/07/2020,34.3
"Delayed Medical Care, Last 4 Weeks",By State,Mississippi,Mississippi,Nov 25 - Dec 7,12/07/2020,34.1
"Delayed Medical Care, Last 4 Weeks",By State,Missouri,Missouri,Nov 25 - Dec 7,12/07/2020,31.3
"Delayed Medical Care, Last 4 Weeks",By State,Montana,Montana,Nov 25 - Dec 7,12/07/2020,43.3
"Delayed Medical Care, Last 4 Weeks",By State,Nebraska,Nebraska,Nov 25 - Dec 7,12/07/2020,34
"Delayed Medical Care, Last 4 Weeks",By State,Nevada,Nevada,Nov 25 - Dec 7,12/07/2020,37.4
"Delayed Medical Care, Last 4 Weeks",By State,New Hampshire,New Hampshire,Nov 25 - Dec 7,12/07/2020,33.5
"Delayed Medical Care, Last 4 Weeks",By State,New Jersey,New Jersey,Nov 25 - Dec 7,12/07/2020,39.2
"Delayed Medical Care, Last 4 Weeks",By State,New Mexico,New Mexico,Nov 25 - Dec 7,12/07/2020,41.4
"Delayed Medical Care, Last 4 Weeks",By State,New York,New York,Nov 25 - Dec 7,12/07/2020,35
"Delayed Medical Care, Last 4 Weeks",By State,North Carolina,North Carolina,Nov 25 - Dec 7,12/07/2020,31.6
"Delayed Medical Care, Last 4 Weeks",By State,North Dakota,North Dakota,Nov 25 - Dec 7,12/07/2020,30.7
"Delayed Medical Care, Last 4 Weeks",By State,Ohio,Ohio,Nov 25 - Dec 7,12/07/2020,31.3
"Delayed Medical Care, Last 4 Weeks",By State,Oklahoma,Oklahoma,Nov 25 - Dec 7,12/07/2020,35.5
"Delayed Medical Care, Last 4 Weeks",By State,Oregon,Oregon,Nov 25 - Dec 7,12/07/2020,35.2
"Delayed Medical Care, Last 4 Weeks",By State,Pennsylvania,Pennsylvania,Nov 25 - Dec 7,12/07/2020,32.5
"Delayed Medical Care, Last 4 Weeks",By State,Rhode Island,Rhode Island,Nov 25 - Dec 7,12/07/2020,33
"Delayed Medical Care, Last 4 Weeks",By State,South Carolina,South Carolina,Nov 25 - Dec 7,12/07/2020,26.6
"Delayed Medical Care, Last 4 Weeks",By State,South Dakota,South Dakota,Nov 25 - Dec 7,12/07/2020,29.9
"Delayed Medical Care, Last 4 Weeks",By State,Tennessee,Tennessee,Nov 25 - Dec 7,12/07/2020,27.9
"Delayed Medical Care, Last 4 Weeks",By State,Texas,Texas,Nov 25 - Dec 7,12/07/2020,34
"Delayed Medical Care, Last 4 Weeks",By State,Utah,Utah,Nov 25 - Dec 7,12/07/2020,38.2
"Delayed Medical Care, Last 4 Weeks",By State,Vermont,Vermont,Nov 25 - Dec 7,12/07/2020,35.6
"Delayed Medical Care, Last 4 Weeks",By State,Virginia,Virginia,Nov 25 - Dec 7,12/07/2020,32.6
"Delayed Medical Care, Last 4 Weeks",By State,Washington,Washington,Nov 25 - Dec 7,12/07/2020,34.7
"Delayed Medical Care, Last 4 Weeks",By State,West Virginia,West Virginia,Nov 25 - Dec 7,12/07/2020,30
"Delayed Medical Care, Last 4 Weeks",By State,Wisconsin,Wisconsin,Nov 25 - Dec 7,12/07/2020,29.6
"Delayed Medical Care, Last 4 Weeks",By State,Wyoming,Wyoming,Nov 25 - Dec 7,12/07/2020,34.5
"Did Not Get Needed Care, Last 4 Weeks",By Age,United States,18 - 29 years,Nov 25 - Dec 7,12/07/2020,25.1
"Did Not Get Needed Care, Last 4 Weeks",By Age,United States,30 - 39 years,Nov 25 - Dec 7,12/07/2020,27.4
"Did Not Get Needed Care, Last 4 Weeks",By Age,United States,40 - 49 years,Nov 25 - Dec 7,12/07/2020,29.3
"Did Not Get Needed Care, Last 4 Weeks",By Age,United States,50 - 59 years,Nov 25 - Dec 7,12/07/2020,28.5
"Did Not Get Needed Care, Last 4 Weeks",By Age,United States,60 - 69 years,Nov 25 - Dec 7,12/07/2020,22.3
"Did Not Get Needed Care, Last 4 Weeks",By Age,United States,70 - 79 years,Nov 25 - Dec 7,12/07/2020,16.8
"Did Not Get Needed Care, Last 4 Weeks",By Age,United States,80 years and above,Nov 25 - Dec 7,12/07/2020,16.4
"Did Not Get Needed Care, Last 4 Weeks",By State,Alabama,Alabama,Nov 25 - Dec 7,12/07/2020,24.9
"Did Not Get Needed Care, Last 4 Weeks",By State,Alaska,Alaska,Nov 25 - Dec 7,12/07/2020,30.9
"Did Not Get Needed Care, Last 4 Weeks",By State,Arizona,Arizona,Nov 25 - Dec 7,12/07/2020,25
"Did Not Get Needed Care, Last 4 Weeks",By State,Arkansas,Arkansas,Nov 25 - Dec 7,12/07/2020,27
"Did Not Get Needed Care, Last 4 Weeks",By State,California,California,Nov 25 - Dec 7,12/07/2020,28.6
"Did Not Get Needed Care, Last 4 Weeks",By State,Colorado,Colorado,Nov 25 - Dec 7,12/07/2020,24.7
"Did Not Get Needed Care, Last 4 Weeks",By State,Connecticut,Connecticut,Nov 25 - Dec 7,12/07/2020,22.4
"Did Not Get Needed Care, Last 4 Weeks",By State,Delaware,Delaware,Nov 25 - Dec 7,12/07/2020,29.8
"Did Not Get Needed Care, Last 4 Weeks",By State,District of Columbia,District of Columbia,Nov 25 - Dec 7,12/07/2020,25.5
"Did Not Get Needed Care, Last 4 Weeks",By State,Florida,Florida,Nov 25 - Dec 7,12/07/2020,23.2
"Did Not Get Needed Care, Last 4 Weeks",By State,Georgia,Georgia,Nov 25 - Dec 7,12/07/2020,23.9
"Did Not Get Needed Care, Last 4 Weeks",By State,Hawaii,Hawaii,Nov 25 - Dec 7,12/07/2020,22.2
"Did Not Get Needed Care, Last 4 Weeks",By State,Idaho,Idaho,Nov 25 - Dec 7,12/07/2020,25.3
"Did Not Get Needed Care, Last 4 Weeks",By State,Illinois,Illinois,Nov 25 - Dec 7,12/07/2020,25.3
"Did Not Get Needed Care, Last 4 Weeks",By State,Indiana,Indiana,Nov 25 - Dec 7,12/07/2020,27.2
"Did Not Get Needed Care, Last 4 Weeks",By State,Iowa,Iowa,Nov 25 - Dec 7,12/07/2020,23.7
"Did Not Get Needed Care, Last 4 Weeks",By State,Kansas,Kansas,Nov 25 - Dec 7,12/07/2020,24.6
"Did Not Get Needed Care, Last 4 Weeks",By State,Kentucky,Kentucky,Nov 25 - Dec 7,12/07/2020,25.4
"Did Not Get Needed Care, Last 4 Weeks",By State,Louisiana,Louisiana,Nov 25 - Dec 7,12/07/2020,27.6
"Did Not Get Needed Care, Last 4 Weeks",By State,Maine,Maine,Nov 25 - Dec 7,12/07/2020,17.8
"Did Not Get Needed Care, Last 4 Weeks",By State,Maryland,Maryland,Nov 25 - Dec 7,12/07/2020,24.3
"Did Not Get Needed Care, Last 4 Weeks",By State,Massachusetts,Massachusetts,Nov 25 - Dec 7,12/07/2020,21.1
"Did Not Get Needed Care, Last 4 Weeks",By State,Michigan,Michigan,Nov 25 - Dec 7,12/07/2020,26.2
"Did Not Get Needed Care, Last 4 Weeks",By State,Minnesota,Minnesota,Nov 25 - Dec 7,12/07/2020,20.6
"Did Not Get Needed Care, Last 4 Weeks",By State,Mississippi,Mississippi,Nov 25 - Dec 7,12/07/2020,25.1
"Did Not Get Needed Care, Last 4 Weeks",By State,Missouri,Missouri,Nov 25 - Dec 7,12/07/2020,21.3
"Did Not Get Needed Care, Last 4 Weeks",By State,Montana,Montana,Nov 25 - Dec 7,12/07/2020,28.9
"Did Not Get Needed Care, Last 4 Weeks",By State,Nebraska,Nebraska,Nov 25 - Dec 7,12/07/2020,21.3
"Delayed Medical Care, Last 4 Weeks",By State,New Hampshire,New Hampshire,Jun 9 - Jun 21,06/21/2021,14
"Did Not Get Needed Care, Last 4 Weeks",By State,Nevada,Nevada,Nov 25 - Dec 7,12/07/2020,31.6
"Did Not Get Needed Care, Last 4 Weeks",By State,New Hampshire,New Hampshire,Nov 25 - Dec 7,12/07/2020,24.4
"Did Not Get Needed Care, Last 4 Weeks",By State,New Jersey,New Jersey,Nov 25 - Dec 7,12/07/2020,27
"Did Not Get Needed Care, Last 4 Weeks",By State,New Mexico,New Mexico,Nov 25 - Dec 7,12/07/2020,32.7
"Did Not Get Needed Care, Last 4 Weeks",By State,New York,New York,Nov 25 - Dec 7,12/07/2020,24.7
"Did Not Get Needed Care, Last 4 Weeks",By State,North Carolina,North Carolina,Nov 25 - Dec 7,12/07/2020,26.6
"Did Not Get Needed Care, Last 4 Weeks",By State,North Dakota,North Dakota,Nov 25 - Dec 7,12/07/2020,19.9
"Did Not Get Needed Care, Last 4 Weeks",By State,Ohio,Ohio,Nov 25 - Dec 7,12/07/2020,24.4
"Did Not Get Needed Care, Last 4 Weeks",By State,Oklahoma,Oklahoma,Nov 25 - Dec 7,12/07/2020,31.2
"Did Not Get Needed Care, Last 4 Weeks",By State,Oregon,Oregon,Nov 25 - Dec 7,12/07/2020,24.8
"Did Not Get Needed Care, Last 4 Weeks",By State,Pennsylvania,Pennsylvania,Nov 25 - Dec 7,12/07/2020,24.2
"Did Not Get Needed Care, Last 4 Weeks",By State,Rhode Island,Rhode Island,Nov 25 - Dec 7,12/07/2020,25.8
"Did Not Get Needed Care, Last 4 Weeks",By State,South Carolina,South Carolina,Nov 25 - Dec 7,12/07/2020,21.5
"Did Not Get Needed Care, Last 4 Weeks",By State,South Dakota,South Dakota,Nov 25 - Dec 7,12/07/2020,24.3
"Did Not Get Needed Care, Last 4 Weeks",By State,Tennessee,Tennessee,Nov 25 - Dec 7,12/07/2020,21.8
"Did Not Get Needed Care, Last 4 Weeks",By State,Texas,Texas,Nov 25 - Dec 7,12/07/2020,26.2
"Did Not Get Needed Care, Last 4 Weeks",By State,Utah,Utah,Nov 25 - Dec 7,12/07/2020,26.5
"Did Not Get Needed Care, Last 4 Weeks",By State,Vermont,Vermont,Nov 25 - Dec 7,12/07/2020,25.7
"Did Not Get Needed Care, Last 4 Weeks",By State,Virginia,Virginia,Nov 25 - Dec 7,12/07/2020,25.5
"Did Not Get Needed Care, Last 4 Weeks",By State,Washington,Washington,Nov 25 - Dec 7,12/07/2020,25.8
"Did Not Get Needed Care, Last 4 Weeks",By State,West Virginia,West Virginia,Nov 25 - Dec 7,12/07/2020,20.8
"Did Not Get Needed Care, Last 4 Weeks",By State,Wisconsin,Wisconsin,Nov 25 - Dec 7,12/07/2020,20.8
"Did Not Get Needed Care, Last 4 Weeks",By State,Wyoming,Wyoming,Nov 25 - Dec 7,12/07/2020,27.5
"Delayed Medical Care, Last 4 Weeks",By State,New Jersey,New Jersey,Jun 9 - Jun 21,06/21/2021,16.5
"Delayed Medical Care, Last 4 Weeks",By Age,United States,18 - 29 years,Dec 9 - Dec 21,12/21/2020,35.3
"Delayed Medical Care, Last 4 Weeks",By Age,United States,30 - 39 years,Dec 9 - Dec 21,12/21/2020,37.3
"Delayed Medical Care, Last 4 Weeks",By Age,United States,40 - 49 years,Dec 9 - Dec 21,12/21/2020,38.7
"Delayed Medical Care, Last 4 Weeks",By Age,United States,50 - 59 years,Dec 9 - Dec 21,12/21/2020,37.4
"Delayed Medical Care, Last 4 Weeks",By Age,United States,60 - 69 years,Dec 9 - Dec 21,12/21/2020,32.9
"Delayed Medical Care, Last 4 Weeks",By Age,United States,70 - 79 years,Dec 9 - Dec 21,12/21/2020,27.1
"Delayed Medical Care, Last 4 Weeks",By Age,United States,80 years and above,Dec 9 - Dec 21,12/21/2020,26.8
"Delayed Medical Care, Last 4 Weeks",By State,Alabama,Alabama,Dec 9 - Dec 21,12/21/2020,38.3
"Delayed Medical Care, Last 4 Weeks",By State,Alaska,Alaska,Dec 9 - Dec 21,12/21/2020,41.9
"Delayed Medical Care, Last 4 Weeks",By State,Arizona,Arizona,Dec 9 - Dec 21,12/21/2020,38.7
"Delayed Medical Care, Last 4 Weeks",By State,Arkansas,Arkansas,Dec 9 - Dec 21,12/21/2020,35.1
"Delayed Medical Care, Last 4 Weeks",By State,California,California,Dec 9 - Dec 21,12/21/2020,40.5
"Delayed Medical Care, Last 4 Weeks",By State,Colorado,Colorado,Dec 9 - Dec 21,12/21/2020,34.5
"Delayed Medical Care, Last 4 Weeks",By State,Connecticut,Connecticut,Dec 9 - Dec 21,12/21/2020,38.7
"Delayed Medical Care, Last 4 Weeks",By State,Delaware,Delaware,Dec 9 - Dec 21,12/21/2020,37
"Delayed Medical Care, Last 4 Weeks",By State,District of Columbia,District of Columbia,Dec 9 - Dec 21,12/21/2020,37.9
"Delayed Medical Care, Last 4 Weeks",By State,Florida,Florida,Dec 9 - Dec 21,12/21/2020,29.5
"Delayed Medical Care, Last 4 Weeks",By State,Georgia,Georgia,Dec 9 - Dec 21,12/21/2020,27
"Delayed Medical Care, Last 4 Weeks",By State,Hawaii,Hawaii,Dec 9 - Dec 21,12/21/2020,27
"Delayed Medical Care, Last 4 Weeks",By State,Idaho,Idaho,Dec 9 - Dec 21,12/21/2020,35.3
"Delayed Medical Care, Last 4 Weeks",By State,Illinois,Illinois,Dec 9 - Dec 21,12/21/2020,36
"Delayed Medical Care, Last 4 Weeks",By State,Indiana,Indiana,Dec 9 - Dec 21,12/21/2020,32.1
"Delayed Medical Care, Last 4 Weeks",By State,Iowa,Iowa,Dec 9 - Dec 21,12/21/2020,33.5
"Delayed Medical Care, Last 4 Weeks",By State,Kansas,Kansas,Dec 9 - Dec 21,12/21/2020,32.7
"Delayed Medical Care, Last 4 Weeks",By State,Kentucky,Kentucky,Dec 9 - Dec 21,12/21/2020,33.5
"Delayed Medical Care, Last 4 Weeks",By State,Louisiana,Louisiana,Dec 9 - Dec 21,12/21/2020,38.3
"Delayed Medical Care, Last 4 Weeks",By State,Maine,Maine,Dec 9 - Dec 21,12/21/2020,36
"Delayed Medical Care, Last 4 Weeks",By State,Maryland,Maryland,Dec 9 - Dec 21,12/21/2020,37.2
"Delayed Medical Care, Last 4 Weeks",By State,Massachusetts,Massachusetts,Dec 9 - Dec 21,12/21/2020,36.8
"Delayed Medical Care, Last 4 Weeks",By State,Michigan,Michigan,Dec 9 - Dec 21,12/21/2020,32.9
"Delayed Medical Care, Last 4 Weeks",By State,Minnesota,Minnesota,Dec 9 - Dec 21,12/21/2020,34.5
"Delayed Medical Care, Last 4 Weeks",By State,Mississippi,Mississippi,Dec 9 - Dec 21,12/21/2020,30.9
"Delayed Medical Care, Last 4 Weeks",By State,Missouri,Missouri,Dec 9 - Dec 21,12/21/2020,31.9
"Delayed Medical Care, Last 4 Weeks",By State,Montana,Montana,Dec 9 - Dec 21,12/21/2020,35.2
"Delayed Medical Care, Last 4 Weeks",By State,Nebraska,Nebraska,Dec 9 - Dec 21,12/21/2020,26.2
"Delayed Medical Care, Last 4 Weeks",By State,Nevada,Nevada,Dec 9 - Dec 21,12/21/2020,33.1
"Delayed Medical Care, Last 4 Weeks",By State,New Hampshire,New Hampshire,Dec 9 - Dec 21,12/21/2020,29.2
"Delayed Medical Care, Last 4 Weeks",By State,New Jersey,New Jersey,Dec 9 - Dec 21,12/21/2020,39
"Delayed Medical Care, Last 4 Weeks",By State,New Mexico,New Mexico,Dec 9 - Dec 21,12/21/2020,45.4
"Delayed Medical Care, Last 4 Weeks",By State,New York,New York,Dec 9 - Dec 21,12/21/2020,33.2
"Delayed Medical Care, Last 4 Weeks",By State,North Carolina,North Carolina,Dec 9 - Dec 21,12/21/2020,33.9
"Delayed Medical Care, Last 4 Weeks",By State,North Dakota,North Dakota,Dec 9 - Dec 21,12/21/2020,26.5
"Delayed Medical Care, Last 4 Weeks",By State,Ohio,Ohio,Dec 9 - Dec 21,12/21/2020,36
"Delayed Medical Care, Last 4 Weeks",By State,Oklahoma,Oklahoma,Dec 9 - Dec 21,12/21/2020,36
"Delayed Medical Care, Last 4 Weeks",By State,Oregon,Oregon,Dec 9 - Dec 21,12/21/2020,39.9
"Delayed Medical Care, Last 4 Weeks",By State,Pennsylvania,Pennsylvania,Dec 9 - Dec 21,12/21/2020,33.5
"Delayed Medical Care, Last 4 Weeks",By State,Rhode Island,Rhode Island,Dec 9 - Dec 21,12/21/2020,34.7
"Delayed Medical Care, Last 4 Weeks",By State,South Carolina,South Carolina,Dec 9 - Dec 21,12/21/2020,28.5
"Delayed Medical Care, Last 4 Weeks",By State,South Dakota,South Dakota,Dec 9 - Dec 21,12/21/2020,31.6
"Delayed Medical Care, Last 4 Weeks",By State,Tennessee,Tennessee,Dec 9 - Dec 21,12/21/2020,35.3
"Delayed Medical Care, Last 4 Weeks",By State,Texas,Texas,Dec 9 - Dec 21,12/21/2020,36.7
"Delayed Medical Care, Last 4 Weeks",By State,Utah,Utah,Dec 9 - Dec 21,12/21/2020,32.9
"Delayed Medical Care, Last 4 Weeks",By State,Vermont,Vermont,Dec 9 - Dec 21,12/21/2020,36.1
"Delayed Medical Care, Last 4 Weeks",By State,Virginia,Virginia,Dec 9 - Dec 21,12/21/2020,34.5
"Delayed Medical Care, Last 4 Weeks",By State,Washington,Washington,Dec 9 - Dec 21,12/21/2020,37.6
"Delayed Medical Care, Last 4 Weeks",By State,West Virginia,West Virginia,Dec 9 - Dec 21,12/21/2020,39
"Delayed Medical Care, Last 4 Weeks",By State,Wisconsin,Wisconsin,Dec 9 - Dec 21,12/21/2020,30.8
"Delayed Medical Care, Last 4 Weeks",By State,Wyoming,Wyoming,Dec 9 - Dec 21,12/21/2020,31.3
"Did Not Get Needed Care, Last 4 Weeks",By Age,United States,18 - 29 years,Dec 9 - Dec 21,12/21/2020,25.6
"Did Not Get Needed Care, Last 4 Weeks",By Age,United States,30 - 39 years,Dec 9 - Dec 21,12/21/2020,28.4
"Did Not Get Needed Care, Last 4 Weeks",By Age,United States,40 - 49 years,Dec 9 - Dec 21,12/21/2020,31.3
"Did Not Get Needed Care, Last 4 Weeks",By Age,United States,50 - 59 years,Dec 9 - Dec 21,12/21/2020,29.4
"Did Not Get Needed Care, Last 4 Weeks",By Age,United States,60 - 69 years,Dec 9 - Dec 21,12/21/2020,24.1
"Did Not Get Needed Care, Last 4 Weeks",By Age,United States,70 - 79 years,Dec 9 - Dec 21,12/21/2020,18.9
"Did Not Get Needed Care, Last 4 Weeks",By Age,United States,80 years and above,Dec 9 - Dec 21,12/21/2020,21.4
"Did Not Get Needed Care, Last 4 Weeks",By State,Alabama,Alabama,Dec 9 - Dec 21,12/21/2020,26
"Did Not Get Needed Care, Last 4 Weeks",By State,Alaska,Alaska,Dec 9 - Dec 21,12/21/2020,31.8
"Did Not Get Needed Care, Last 4 Weeks",By State,Arizona,Arizona,Dec 9 - Dec 21,12/21/2020,28.2
"Did Not Get Needed Care, Last 4 Weeks",By State,Arkansas,Arkansas,Dec 9 - Dec 21,12/21/2020,30.6
"Did Not Get Needed Care, Last 4 Weeks",By State,California,California,Dec 9 - Dec 21,12/21/2020,33.4
"Did Not Get Needed Care, Last 4 Weeks",By State,Colorado,Colorado,Dec 9 - Dec 21,12/21/2020,27.6
"Did Not Get Needed Care, Last 4 Weeks",By State,Connecticut,Connecticut,Dec 9 - Dec 21,12/21/2020,27
"Did Not Get Needed Care, Last 4 Weeks",By State,Delaware,Delaware,Dec 9 - Dec 21,12/21/2020,24.7
"Did Not Get Needed Care, Last 4 Weeks",By State,District of Columbia,District of Columbia,Dec 9 - Dec 21,12/21/2020,25.2
"Did Not Get Needed Care, Last 4 Weeks",By State,Florida,Florida,Dec 9 - Dec 21,12/21/2020,25.4
"Did Not Get Needed Care, Last 4 Weeks",By State,Georgia,Georgia,Dec 9 - Dec 21,12/21/2020,20.6
"Did Not Get Needed Care, Last 4 Weeks",By State,Hawaii,Hawaii,Dec 9 - Dec 21,12/21/2020,23
"Did Not Get Needed Care, Last 4 Weeks",By State,Idaho,Idaho,Dec 9 - Dec 21,12/21/2020,24.7
"Did Not Get Needed Care, Last 4 Weeks",By State,Illinois,Illinois,Dec 9 - Dec 21,12/21/2020,25
"Did Not Get Needed Care, Last 4 Weeks",By State,Indiana,Indiana,Dec 9 - Dec 21,12/21/2020,21.8
"Did Not Get Needed Care, Last 4 Weeks",By State,Iowa,Iowa,Dec 9 - Dec 21,12/21/2020,29.3
"Did Not Get Needed Care, Last 4 Weeks",By State,Kansas,Kansas,Dec 9 - Dec 21,12/21/2020,25.1
"Did Not Get Needed Care, Last 4 Weeks",By State,Kentucky,Kentucky,Dec 9 - Dec 21,12/21/2020,24.6
"Did Not Get Needed Care, Last 4 Weeks",By State,Louisiana,Louisiana,Dec 9 - Dec 21,12/21/2020,30.3
"Did Not Get Needed Care, Last 4 Weeks",By State,Maine,Maine,Dec 9 - Dec 21,12/21/2020,26.5
"Did Not Get Needed Care, Last 4 Weeks",By State,Maryland,Maryland,Dec 9 - Dec 21,12/21/2020,28.4
"Did Not Get Needed Care, Last 4 Weeks",By State,Massachusetts,Massachusetts,Dec 9 - Dec 21,12/21/2020,25.7
"Did Not Get Needed Care, Last 4 Weeks",By State,Michigan,Michigan,Dec 9 - Dec 21,12/21/2020,25.4
"Did Not Get Needed Care, Last 4 Weeks",By State,Minnesota,Minnesota,Dec 9 - Dec 21,12/21/2020,24.2
"Did Not Get Needed Care, Last 4 Weeks",By State,Mississippi,Mississippi,Dec 9 - Dec 21,12/21/2020,30.7
"Did Not Get Needed Care, Last 4 Weeks",By State,Missouri,Missouri,Dec 9 - Dec 21,12/21/2020,22.7
"Did Not Get Needed Care, Last 4 Weeks",By State,Montana,Montana,Dec 9 - Dec 21,12/21/2020,24.2
"Did Not Get Needed Care, Last 4 Weeks",By State,Nebraska,Nebraska,Dec 9 - Dec 21,12/21/2020,19.5
"Did Not Get Needed Care, Last 4 Weeks",By State,Nevada,Nevada,Dec 9 - Dec 21,12/21/2020,25.3
"Did Not Get Needed Care, Last 4 Weeks",By State,New Hampshire,New Hampshire,Dec 9 - Dec 21,12/21/2020,17.7
"Did Not Get Needed Care, Last 4 Weeks",By State,New Jersey,New Jersey,Dec 9 - Dec 21,12/21/2020,26.6
"Did Not Get Needed Care, Last 4 Weeks",By State,New Mexico,New Mexico,Dec 9 - Dec 21,12/21/2020,35.5
"Did Not Get Needed Care, Last 4 Weeks",By State,New York,New York,Dec 9 - Dec 21,12/21/2020,25.3
"Did Not Get Needed Care, Last 4 Weeks",By State,North Carolina,North Carolina,Dec 9 - Dec 21,12/21/2020,24.3
"Did Not Get Needed Care, Last 4 Weeks",By State,North Dakota,North Dakota,Dec 9 - Dec 21,12/21/2020,18.9
"Did Not Get Needed Care, Last 4 Weeks",By State,Ohio,Ohio,Dec 9 - Dec 21,12/21/2020,25.8
"Did Not Get Needed Care, Last 4 Weeks",By State,Oklahoma,Oklahoma,Dec 9 - Dec 21,12/21/2020,28.7
"Did Not Get Needed Care, Last 4 Weeks",By State,Oregon,Oregon,Dec 9 - Dec 21,12/21/2020,30.8
"Did Not Get Needed Care, Last 4 Weeks",By State,Pennsylvania,Pennsylvania,Dec 9 - Dec 21,12/21/2020,22.9
"Did Not Get Needed Care, Last 4 Weeks",By State,Rhode Island,Rhode Island,Dec 9 - Dec 21,12/21/2020,21.9
"Did Not Get Needed Care, Last 4 Weeks",By State,South Carolina,South Carolina,Dec 9 - Dec 21,12/21/2020,25.9
"Did Not Get Needed Care, Last 4 Weeks",By State,South Dakota,South Dakota,Dec 9 - Dec 21,12/21/2020,25.8
"Did Not Get Needed Care, Last 4 Weeks",By State,Tennessee,Tennessee,Dec 9 - Dec 21,12/21/2020,27.5
"Did Not Get Needed Care, Last 4 Weeks",By State,Texas,Texas,Dec 9 - Dec 21,12/21/2020,28.2
"Did Not Get Needed Care, Last 4 Weeks",By State,Utah,Utah,Dec 9 - Dec 21,12/21/2020,22.7
"Did Not Get Needed Care, Last 4 Weeks",By State,Vermont,Vermont,Dec 9 - Dec 21,12/21/2020,21.3
"Did Not Get Needed Care, Last 4 Weeks",By State,Virginia,Virginia,Dec 9 - Dec 21,12/21/2020,26
"Did Not Get Needed Care, Last 4 Weeks",By State,Washington,Washington,Dec 9 - Dec 21,12/21/2020,25.8
"Did Not Get Needed Care, Last 4 Weeks",By State,West Virginia,West Virginia,Dec 9 - Dec 21,12/21/2020,30.5
"Did Not Get Needed Care, Last 4 Weeks",By State,Wisconsin,Wisconsin,Dec 9 - Dec 21,12/21/2020,22
"Did Not Get Needed Care, Last 4 Weeks",By State,Wyoming,Wyoming,Dec 9 - Dec 21,12/21/2020,29.2
"Delayed Medical Care, Last 4 Weeks",By Age,United States,18 - 29 years,Dec 22 - Jan 5,01/05/2021,0
"Delayed Medical Care, Last 4 Weeks",By Age,United States,30 - 39 years,Dec 22 - Jan 5,01/05/2021,0
"Delayed Medical Care, Last 4 Weeks",By Age,United States,40 - 49 years,Dec 22 - Jan 5,01/05/2021,0
"Delayed Medical Care, Last 4 Weeks",By Age,United States,50 - 59 years,Dec 22 - Jan 5,01/05/2021,0
"Delayed Medical Care, Last 4 Weeks",By Age,United States,60 - 69 years,Dec 22 - Jan 5,01/05/2021,0
"Delayed Medical Care, Last 4 Weeks",By Age,United States,70 - 79 years,Dec 22 - Jan 5,01/05/2021,0
"Delayed Medical Care, Last 4 Weeks",By Age,United States,80 years and above,Dec 22 - Jan 5,01/05/2021,0
"Delayed Medical Care, Last 4 Weeks",By Age,United States,18 - 29 years,Jan 6 - Jan 18,01/18/2021,29.2
"Delayed Medical Care, Last 4 Weeks",By Age,United States,30 - 39 years,Jan 6 - Jan 18,01/18/2021,32.8
"Delayed Medical Care, Last 4 Weeks",By Age,United States,40 - 49 years,Jan 6 - Jan 18,01/18/2021,34
"Delayed Medical Care, Last 4 Weeks",By Age,United States,50 - 59 years,Jan 6 - Jan 18,01/18/2021,34
"Delayed Medical Care, Last 4 Weeks",By Age,United States,60 - 69 years,Jan 6 - Jan 18,01/18/2021,30.4
"Delayed Medical Care, Last 4 Weeks",By Age,United States,70 - 79 years,Jan 6 - Jan 18,01/18/2021,26.5
"Delayed Medical Care, Last 4 Weeks",By Age,United States,80 years and above,Jan 6 - Jan 18,01/18/2021,19.5
"Delayed Medical Care, Last 4 Weeks",By State,Alabama,Alabama,Jan 6 - Jan 18,01/18/2021,27.9
"Delayed Medical Care, Last 4 Weeks",By State,Alaska,Alaska,Jan 6 - Jan 18,01/18/2021,36.2
"Delayed Medical Care, Last 4 Weeks",By State,Arizona,Arizona,Jan 6 - Jan 18,01/18/2021,35.5
"Delayed Medical Care, Last 4 Weeks",By State,Arkansas,Arkansas,Jan 6 - Jan 18,01/18/2021,33.8
"Delayed Medical Care, Last 4 Weeks",By State,California,California,Jan 6 - Jan 18,01/18/2021,35.3
"Delayed Medical Care, Last 4 Weeks",By State,Colorado,Colorado,Jan 6 - Jan 18,01/18/2021,30
"Delayed Medical Care, Last 4 Weeks",By State,Connecticut,Connecticut,Jan 6 - Jan 18,01/18/2021,33.8
"Delayed Medical Care, Last 4 Weeks",By State,Delaware,Delaware,Jan 6 - Jan 18,01/18/2021,29.2
"Delayed Medical Care, Last 4 Weeks",By State,District of Columbia,District of Columbia,Jan 6 - Jan 18,01/18/2021,36.5
"Delayed Medical Care, Last 4 Weeks",By State,Florida,Florida,Jan 6 - Jan 18,01/18/2021,29.8
"Delayed Medical Care, Last 4 Weeks",By State,Georgia,Georgia,Jan 6 - Jan 18,01/18/2021,26.9
"Delayed Medical Care, Last 4 Weeks",By State,Hawaii,Hawaii,Jan 6 - Jan 18,01/18/2021,20
"Delayed Medical Care, Last 4 Weeks",By State,Idaho,Idaho,Jan 6 - Jan 18,01/18/2021,28.2
"Delayed Medical Care, Last 4 Weeks",By State,Illinois,Illinois,Jan 6 - Jan 18,01/18/2021,33.5
"Delayed Medical Care, Last 4 Weeks",By State,Indiana,Indiana,Jan 6 - Jan 18,01/18/2021,29.5
"Delayed Medical Care, Last 4 Weeks",By State,Iowa,Iowa,Jan 6 - Jan 18,01/18/2021,27.3
"Delayed Medical Care, Last 4 Weeks",By State,Kansas,Kansas,Jan 6 - Jan 18,01/18/2021,31.4
"Delayed Medical Care, Last 4 Weeks",By State,Kentucky,Kentucky,Jan 6 - Jan 18,01/18/2021,27.2
"Delayed Medical Care, Last 4 Weeks",By State,Louisiana,Louisiana,Jan 6 - Jan 18,01/18/2021,23.2
"Delayed Medical Care, Last 4 Weeks",By State,Maine,Maine,Jan 6 - Jan 18,01/18/2021,30.9
"Delayed Medical Care, Last 4 Weeks",By State,Maryland,Maryland,Jan 6 - Jan 18,01/18/2021,36.1
"Delayed Medical Care, Last 4 Weeks",By State,Massachusetts,Massachusetts,Jan 6 - Jan 18,01/18/2021,33.8
"Delayed Medical Care, Last 4 Weeks",By State,Michigan,Michigan,Jan 6 - Jan 18,01/18/2021,32
"Delayed Medical Care, Last 4 Weeks",By State,Minnesota,Minnesota,Jan 6 - Jan 18,01/18/2021,27.4
"Delayed Medical Care, Last 4 Weeks",By State,Mississippi,Mississippi,Jan 6 - Jan 18,01/18/2021,28.4
"Delayed Medical Care, Last 4 Weeks",By State,Missouri,Missouri,Jan 6 - Jan 18,01/18/2021,26.6
"Delayed Medical Care, Last 4 Weeks",By State,Montana,Montana,Jan 6 - Jan 18,01/18/2021,29.5
"Delayed Medical Care, Last 4 Weeks",By State,Nebraska,Nebraska,Jan 6 - Jan 18,01/18/2021,26.1
"Delayed Medical Care, Last 4 Weeks",By State,Nevada,Nevada,Jan 6 - Jan 18,01/18/2021,30.9
"Delayed Medical Care, Last 4 Weeks",By State,New Hampshire,New Hampshire,Jan 6 - Jan 18,01/18/2021,35.4
"Delayed Medical Care, Last 4 Weeks",By State,New Jersey,New Jersey,Jan 6 - Jan 18,01/18/2021,34.4
"Delayed Medical Care, Last 4 Weeks",By State,New Mexico,New Mexico,Jan 6 - Jan 18,01/18/2021,33.1
"Delayed Medical Care, Last 4 Weeks",By State,New York,New York,Jan 6 - Jan 18,01/18/2021,24.8
"Delayed Medical Care, Last 4 Weeks",By State,North Carolina,North Carolina,Jan 6 - Jan 18,01/18/2021,29.6
"Delayed Medical Care, Last 4 Weeks",By State,North Dakota,North Dakota,Jan 6 - Jan 18,01/18/2021,23.2
"Delayed Medical Care, Last 4 Weeks",By State,Ohio,Ohio,Jan 6 - Jan 18,01/18/2021,33.4
"Delayed Medical Care, Last 4 Weeks",By State,Oklahoma,Oklahoma,Jan 6 - Jan 18,01/18/2021,30
"Delayed Medical Care, Last 4 Weeks",By State,Oregon,Oregon,Jan 6 - Jan 18,01/18/2021,33.7
"Delayed Medical Care, Last 4 Weeks",By State,Pennsylvania,Pennsylvania,Jan 6 - Jan 18,01/18/2021,30.9
"Delayed Medical Care, Last 4 Weeks",By State,Rhode Island,Rhode Island,Jan 6 - Jan 18,01/18/2021,30.4
"Delayed Medical Care, Last 4 Weeks",By State,South Carolina,South Carolina,Jan 6 - Jan 18,01/18/2021,29.3
"Delayed Medical Care, Last 4 Weeks",By State,South Dakota,South Dakota,Jan 6 - Jan 18,01/18/2021,21.3
"Delayed Medical Care, Last 4 Weeks",By State,Tennessee,Tennessee,Jan 6 - Jan 18,01/18/2021,29.9
"Delayed Medical Care, Last 4 Weeks",By State,Texas,Texas,Jan 6 - Jan 18,01/18/2021,33.1
"Delayed Medical Care, Last 4 Weeks",By State,Utah,Utah,Jan 6 - Jan 18,01/18/2021,27.5
"Delayed Medical Care, Last 4 Weeks",By State,Vermont,Vermont,Jan 6 - Jan 18,01/18/2021,26.6
"Delayed Medical Care, Last 4 Weeks",By State,Virginia,Virginia,Jan 6 - Jan 18,01/18/2021,32.1
"Delayed Medical Care, Last 4 Weeks",By State,Washington,Washington,Jan 6 - Jan 18,01/18/2021,34.3
"Delayed Medical Care, Last 4 Weeks",By State,West Virginia,West Virginia,Jan 6 - Jan 18,01/18/2021,36.2
"Delayed Medical Care, Last 4 Weeks",By State,Wisconsin,Wisconsin,Jan 6 - Jan 18,01/18/2021,26.5
"Delayed Medical Care, Last 4 Weeks",By State,Wyoming,Wyoming,Jan 6 - Jan 18,01/18/2021,26.9
"Did Not Get Needed Care, Last 4 Weeks",By Age,United States,18 - 29 years,Dec 22 - Jan 5,01/05/2021,0
"Did Not Get Needed Care, Last 4 Weeks",By Age,United States,30 - 39 years,Dec 22 - Jan 5,01/05/2021,0
"Did Not Get Needed Care, Last 4 Weeks",By Age,United States,40 - 49 years,Dec 22 - Jan 5,01/05/2021,0
"Did Not Get Needed Care, Last 4 Weeks",By Age,United States,50 - 59 years,Dec 22 - Jan 5,01/05/2021,0
"Did Not Get Needed Care, Last 4 Weeks",By Age,United States,60 - 69 years,Dec 22 - Jan 5,01/05/2021,0
"Did Not Get Needed Care, Last 4 Weeks",By Age,United States,70 - 79 years,Dec 22 - Jan 5,01/05/2021,0
"Did Not Get Needed Care, Last 4 Weeks",By Age,United States,80 years and above,Dec 22 - Jan 5,01/05/2021,0
"Did Not Get Needed Care, Last 4 Weeks",By Age,United States,18 - 29 years,Jan 6 - Jan 18,01/18/2021,20.8
"Did Not Get Needed Care, Last 4 Weeks",By Age,United States,30 - 39 years,Jan 6 - Jan 18,01/18/2021,23.8
"Did Not Get Needed Care, Last 4 Weeks",By Age,United States,40 - 49 years,Jan 6 - Jan 18,01/18/2021,27.2
"Did Not Get Needed Care, Last 4 Weeks",By Age,United States,50 - 59 years,Jan 6 - Jan 18,01/18/2021,26.9
"Did Not Get Needed Care, Last 4 Weeks",By Age,United States,60 - 69 years,Jan 6 - Jan 18,01/18/2021,21.9
"Did Not Get Needed Care, Last 4 Weeks",By Age,United States,70 - 79 years,Jan 6 - Jan 18,01/18/2021,20.1
"Did Not Get Needed Care, Last 4 Weeks",By Age,United States,80 years and above,Jan 6 - Jan 18,01/18/2021,14.4
"Did Not Get Needed Care, Last 4 Weeks",By State,Alabama,Alabama,Jan 6 - Jan 18,01/18/2021,20.5
"Did Not Get Needed Care, Last 4 Weeks",By State,Alaska,Alaska,Jan 6 - Jan 18,01/18/2021,29.6
"Did Not Get Needed Care, Last 4 Weeks",By State,Arizona,Arizona,Jan 6 - Jan 18,01/18/2021,24.9
"Did Not Get Needed Care, Last 4 Weeks",By State,Arkansas,Arkansas,Jan 6 - Jan 18,01/18/2021,27.7
"Did Not Get Needed Care, Last 4 Weeks",By State,California,California,Jan 6 - Jan 18,01/18/2021,26.6
"Did Not Get Needed Care, Last 4 Weeks",By State,Colorado,Colorado,Jan 6 - Jan 18,01/18/2021,22.2
"Did Not Get Needed Care, Last 4 Weeks",By State,Connecticut,Connecticut,Jan 6 - Jan 18,01/18/2021,22
"Did Not Get Needed Care, Last 4 Weeks",By State,Delaware,Delaware,Jan 6 - Jan 18,01/18/2021,18.6
"Did Not Get Needed Care, Last 4 Weeks",By State,District of Columbia,District of Columbia,Jan 6 - Jan 18,01/18/2021,26.4
"Did Not Get Needed Care, Last 4 Weeks",By State,Florida,Florida,Jan 6 - Jan 18,01/18/2021,23.2
"Did Not Get Needed Care, Last 4 Weeks",By State,Georgia,Georgia,Jan 6 - Jan 18,01/18/2021,21.4
"Did Not Get Needed Care, Last 4 Weeks",By State,Hawaii,Hawaii,Jan 6 - Jan 18,01/18/2021,13.6
"Did Not Get Needed Care, Last 4 Weeks",By State,Idaho,Idaho,Jan 6 - Jan 18,01/18/2021,21.7
"Did Not Get Needed Care, Last 4 Weeks",By State,Illinois,Illinois,Jan 6 - Jan 18,01/18/2021,23.5
"Did Not Get Needed Care, Last 4 Weeks",By State,Indiana,Indiana,Jan 6 - Jan 18,01/18/2021,20.7
"Did Not Get Needed Care, Last 4 Weeks",By State,Iowa,Iowa,Jan 6 - Jan 18,01/18/2021,20.8
"Did Not Get Needed Care, Last 4 Weeks",By State,Kansas,Kansas,Jan 6 - Jan 18,01/18/2021,20.3
"Did Not Get Needed Care, Last 4 Weeks",By State,Kentucky,Kentucky,Jan 6 - Jan 18,01/18/2021,21.5
"Did Not Get Needed Care, Last 4 Weeks",By State,Louisiana,Louisiana,Jan 6 - Jan 18,01/18/2021,17.8
"Did Not Get Needed Care, Last 4 Weeks",By State,Maine,Maine,Jan 6 - Jan 18,01/18/2021,22.3
"Did Not Get Needed Care, Last 4 Weeks",By State,Maryland,Maryland,Jan 6 - Jan 18,01/18/2021,26.4
"Did Not Get Needed Care, Last 4 Weeks",By State,Massachusetts,Massachusetts,Jan 6 - Jan 18,01/18/2021,24
"Did Not Get Needed Care, Last 4 Weeks",By State,Michigan,Michigan,Jan 6 - Jan 18,01/18/2021,23.3
"Did Not Get Needed Care, Last 4 Weeks",By State,Minnesota,Minnesota,Jan 6 - Jan 18,01/18/2021,22.1
"Did Not Get Needed Care, Last 4 Weeks",By State,Mississippi,Mississippi,Jan 6 - Jan 18,01/18/2021,26.1
"Did Not Get Needed Care, Last 4 Weeks",By State,Missouri,Missouri,Jan 6 - Jan 18,01/18/2021,22.9
"Did Not Get Needed Care, Last 4 Weeks",By State,Montana,Montana,Jan 6 - Jan 18,01/18/2021,21.2
"Did Not Get Needed Care, Last 4 Weeks",By State,Nebraska,Nebraska,Jan 6 - Jan 18,01/18/2021,20
"Did Not Get Needed Care, Last 4 Weeks",By State,Nevada,Nevada,Jan 6 - Jan 18,01/18/2021,24.2
"Did Not Get Needed Care, Last 4 Weeks",By State,New Hampshire,New Hampshire,Jan 6 - Jan 18,01/18/2021,24.4
"Did Not Get Needed Care, Last 4 Weeks",By State,New Jersey,New Jersey,Jan 6 - Jan 18,01/18/2021,22.9
"Did Not Get Needed Care, Last 4 Weeks",By State,New Mexico,New Mexico,Jan 6 - Jan 18,01/18/2021,25
"Did Not Get Needed Care, Last 4 Weeks",By State,New York,New York,Jan 6 - Jan 18,01/18/2021,17.7
"Did Not Get Needed Care, Last 4 Weeks",By State,North Carolina,North Carolina,Jan 6 - Jan 18,01/18/2021,26.2
"Did Not Get Needed Care, Last 4 Weeks",By State,North Dakota,North Dakota,Jan 6 - Jan 18,01/18/2021,14.9
"Did Not Get Needed Care, Last 4 Weeks",By State,Ohio,Ohio,Jan 6 - Jan 18,01/18/2021,27.3
"Did Not Get Needed Care, Last 4 Weeks",By State,Oklahoma,Oklahoma,Jan 6 - Jan 18,01/18/2021,23.1
"Did Not Get Needed Care, Last 4 Weeks",By State,Oregon,Oregon,Jan 6 - Jan 18,01/18/2021,24.5
"Did Not Get Needed Care, Last 4 Weeks",By State,Pennsylvania,Pennsylvania,Jan 6 - Jan 18,01/18/2021,21.5
"Did Not Get Needed Care, Last 4 Weeks",By State,Rhode Island,Rhode Island,Jan 6 - Jan 18,01/18/2021,23.8
"Did Not Get Needed Care, Last 4 Weeks",By State,South Carolina,South Carolina,Jan 6 - Jan 18,01/18/2021,22.1
"Did Not Get Needed Care, Last 4 Weeks",By State,South Dakota,South Dakota,Jan 6 - Jan 18,01/18/2021,16.7
"Did Not Get Needed Care, Last 4 Weeks",By State,Tennessee,Tennessee,Jan 6 - Jan 18,01/18/2021,22.1
"Did Not Get Needed Care, Last 4 Weeks",By State,Texas,Texas,Jan 6 - Jan 18,01/18/2021,25.6
"Did Not Get Needed Care, Last 4 Weeks",By State,Utah,Utah,Jan 6 - Jan 18,01/18/2021,20.1
"Did Not Get Needed Care, Last 4 Weeks",By State,Vermont,Vermont,Jan 6 - Jan 18,01/18/2021,20.7
"Did Not Get Needed Care, Last 4 Weeks",By State,Virginia,Virginia,Jan 6 - Jan 18,01/18/2021,26.4
"Did Not Get Needed Care, Last 4 Weeks",By State,Washington,Washington,Jan 6 - Jan 18,01/18/2021,26.4
"Did Not Get Needed Care, Last 4 Weeks",By State,West Virginia,West Virginia,Jan 6 - Jan 18,01/18/2021,27.9
"Did Not Get Needed Care, Last 4 Weeks",By State,Wisconsin,Wisconsin,Jan 6 - Jan 18,01/18/2021,16.3
"Did Not Get Needed Care, Last 4 Weeks",By State,Wyoming,Wyoming,Jan 6 - Jan 18,01/18/2021,24.3
"Delayed Medical Care, Last 4 Weeks",By Age,United States,18 - 29 years,Jan 20 - Feb 1,02/01/2021,31.5
"Delayed Medical Care, Last 4 Weeks",By Age,United States,30 - 39 years,Jan 20 - Feb 1,02/01/2021,34.9
"Delayed Medical Care, Last 4 Weeks",By Age,United States,40 - 49 years,Jan 20 - Feb 1,02/01/2021,34.1
"Delayed Medical Care, Last 4 Weeks",By Age,United States,50 - 59 years,Jan 20 - Feb 1,02/01/2021,32.5
"Delayed Medical Care, Last 4 Weeks",By Age,United States,60 - 69 years,Jan 20 - Feb 1,02/01/2021,28.7
"Delayed Medical Care, Last 4 Weeks",By Age,United States,70 - 79 years,Jan 20 - Feb 1,02/01/2021,25.1
"Delayed Medical Care, Last 4 Weeks",By Age,United States,80 years and above,Jan 20 - Feb 1,02/01/2021,22.2
"Delayed Medical Care, Last 4 Weeks",By State,Alabama,Alabama,Jan 20 - Feb 1,02/01/2021,33.1
"Delayed Medical Care, Last 4 Weeks",By State,Alaska,Alaska,Jan 20 - Feb 1,02/01/2021,37.9
"Delayed Medical Care, Last 4 Weeks",By State,Arizona,Arizona,Jan 20 - Feb 1,02/01/2021,33.7
"Delayed Medical Care, Last 4 Weeks",By State,Arkansas,Arkansas,Jan 20 - Feb 1,02/01/2021,29.7
"Delayed Medical Care, Last 4 Weeks",By State,California,California,Jan 20 - Feb 1,02/01/2021,36.8
"Delayed Medical Care, Last 4 Weeks",By State,Colorado,Colorado,Jan 20 - Feb 1,02/01/2021,31.9
"Delayed Medical Care, Last 4 Weeks",By State,Connecticut,Connecticut,Jan 20 - Feb 1,02/01/2021,29.2
"Delayed Medical Care, Last 4 Weeks",By State,Delaware,Delaware,Jan 20 - Feb 1,02/01/2021,27.6
"Delayed Medical Care, Last 4 Weeks",By State,District of Columbia,District of Columbia,Jan 20 - Feb 1,02/01/2021,42.8
"Delayed Medical Care, Last 4 Weeks",By State,Florida,Florida,Jan 20 - Feb 1,02/01/2021,29.5
"Delayed Medical Care, Last 4 Weeks",By State,Georgia,Georgia,Jan 20 - Feb 1,02/01/2021,30.3
"Delayed Medical Care, Last 4 Weeks",By State,Hawaii,Hawaii,Jan 20 - Feb 1,02/01/2021,26.8
"Delayed Medical Care, Last 4 Weeks",By State,Idaho,Idaho,Jan 20 - Feb 1,02/01/2021,27.5
"Delayed Medical Care, Last 4 Weeks",By State,Illinois,Illinois,Jan 20 - Feb 1,02/01/2021,30.6
"Delayed Medical Care, Last 4 Weeks",By State,Indiana,Indiana,Jan 20 - Feb 1,02/01/2021,29.6
"Delayed Medical Care, Last 4 Weeks",By State,Iowa,Iowa,Jan 20 - Feb 1,02/01/2021,25.6
"Delayed Medical Care, Last 4 Weeks",By State,Kansas,Kansas,Jan 20 - Feb 1,02/01/2021,24.5
"Delayed Medical Care, Last 4 Weeks",By State,Kentucky,Kentucky,Jan 20 - Feb 1,02/01/2021,36.5
"Delayed Medical Care, Last 4 Weeks",By State,Louisiana,Louisiana,Jan 20 - Feb 1,02/01/2021,28
"Delayed Medical Care, Last 4 Weeks",By State,Maine,Maine,Jan 20 - Feb 1,02/01/2021,28.3
"Delayed Medical Care, Last 4 Weeks",By State,Maryland,Maryland,Jan 20 - Feb 1,02/01/2021,32.5
"Delayed Medical Care, Last 4 Weeks",By State,Massachusetts,Massachusetts,Jan 20 - Feb 1,02/01/2021,34
"Delayed Medical Care, Last 4 Weeks",By State,Michigan,Michigan,Jan 20 - Feb 1,02/01/2021,30.3
"Delayed Medical Care, Last 4 Weeks",By State,Minnesota,Minnesota,Jan 20 - Feb 1,02/01/2021,30.5
"Delayed Medical Care, Last 4 Weeks",By State,Mississippi,Mississippi,Jan 20 - Feb 1,02/01/2021,24.9
"Delayed Medical Care, Last 4 Weeks",By State,Missouri,Missouri,Jan 20 - Feb 1,02/01/2021,29.6
"Delayed Medical Care, Last 4 Weeks",By State,Montana,Montana,Jan 20 - Feb 1,02/01/2021,26
"Delayed Medical Care, Last 4 Weeks",By State,Nebraska,Nebraska,Jan 20 - Feb 1,02/01/2021,24.3
"Delayed Medical Care, Last 4 Weeks",By State,Nevada,Nevada,Jan 20 - Feb 1,02/01/2021,36
"Delayed Medical Care, Last 4 Weeks",By State,New Hampshire,New Hampshire,Jan 20 - Feb 1,02/01/2021,32.6
"Delayed Medical Care, Last 4 Weeks",By State,New Jersey,New Jersey,Jan 20 - Feb 1,02/01/2021,34.2
"Delayed Medical Care, Last 4 Weeks",By State,New Mexico,New Mexico,Jan 20 - Feb 1,02/01/2021,35.1
"Delayed Medical Care, Last 4 Weeks",By State,New York,New York,Jan 20 - Feb 1,02/01/2021,30.5
"Delayed Medical Care, Last 4 Weeks",By State,North Carolina,North Carolina,Jan 20 - Feb 1,02/01/2021,29.1
"Delayed Medical Care, Last 4 Weeks",By State,North Dakota,North Dakota,Jan 20 - Feb 1,02/01/2021,19
"Delayed Medical Care, Last 4 Weeks",By State,Ohio,Ohio,Jan 20 - Feb 1,02/01/2021,25.9
"Delayed Medical Care, Last 4 Weeks",By State,Oklahoma,Oklahoma,Jan 20 - Feb 1,02/01/2021,32.5
"Delayed Medical Care, Last 4 Weeks",By State,Oregon,Oregon,Jan 20 - Feb 1,02/01/2021,32.4
"Delayed Medical Care, Last 4 Weeks",By State,Pennsylvania,Pennsylvania,Jan 20 - Feb 1,02/01/2021,27.7
"Delayed Medical Care, Last 4 Weeks",By State,Rhode Island,Rhode Island,Jan 20 - Feb 1,02/01/2021,25.4
"Delayed Medical Care, Last 4 Weeks",By State,South Carolina,South Carolina,Jan 20 - Feb 1,02/01/2021,24.9
"Delayed Medical Care, Last 4 Weeks",By State,South Dakota,South Dakota,Jan 20 - Feb 1,02/01/2021,20.9
"Delayed Medical Care, Last 4 Weeks",By State,Tennessee,Tennessee,Jan 20 - Feb 1,02/01/2021,32
"Delayed Medical Care, Last 4 Weeks",By State,Texas,Texas,Jan 20 - Feb 1,02/01/2021,32.8
"Delayed Medical Care, Last 4 Weeks",By State,Utah,Utah,Jan 20 - Feb 1,02/01/2021,27.3
"Delayed Medical Care, Last 4 Weeks",By State,Vermont,Vermont,Jan 20 - Feb 1,02/01/2021,28.8
"Delayed Medical Care, Last 4 Weeks",By State,Virginia,Virginia,Jan 20 - Feb 1,02/01/2021,32.6
"Delayed Medical Care, Last 4 Weeks",By State,Washington,Washington,Jan 20 - Feb 1,02/01/2021,36.6
"Delayed Medical Care, Last 4 Weeks",By State,West Virginia,West Virginia,Jan 20 - Feb 1,02/01/2021,31.4
"Delayed Medical Care, Last 4 Weeks",By State,Wisconsin,Wisconsin,Jan 20 - Feb 1,02/01/2021,26.5
"Delayed Medical Care, Last 4 Weeks",By State,Wyoming,Wyoming,Jan 20 - Feb 1,02/01/2021,23.9
"Did Not Get Needed Care, Last 4 Weeks",By Age,United States,18 - 29 years,Jan 20 - Feb 1,02/01/2021,24.1
"Did Not Get Needed Care, Last 4 Weeks",By Age,United States,30 - 39 years,Jan 20 - Feb 1,02/01/2021,23.4
"Did Not Get Needed Care, Last 4 Weeks",By Age,United States,40 - 49 years,Jan 20 - Feb 1,02/01/2021,26
"Did Not Get Needed Care, Last 4 Weeks",By Age,United States,50 - 59 years,Jan 20 - Feb 1,02/01/2021,26.8
"Did Not Get Needed Care, Last 4 Weeks",By Age,United States,60 - 69 years,Jan 20 - Feb 1,02/01/2021,23.1
"Did Not Get Needed Care, Last 4 Weeks",By Age,United States,70 - 79 years,Jan 20 - Feb 1,02/01/2021,18.3
"Did Not Get Needed Care, Last 4 Weeks",By Age,United States,80 years and above,Jan 20 - Feb 1,02/01/2021,16.3
"Did Not Get Needed Care, Last 4 Weeks",By State,Alabama,Alabama,Jan 20 - Feb 1,02/01/2021,26.1
"Did Not Get Needed Care, Last 4 Weeks",By State,Alaska,Alaska,Jan 20 - Feb 1,02/01/2021,27.7
"Did Not Get Needed Care, Last 4 Weeks",By State,Arizona,Arizona,Jan 20 - Feb 1,02/01/2021,24.3
"Did Not Get Needed Care, Last 4 Weeks",By State,Arkansas,Arkansas,Jan 20 - Feb 1,02/01/2021,24.2
"Did Not Get Needed Care, Last 4 Weeks",By State,California,California,Jan 20 - Feb 1,02/01/2021,29.4
"Did Not Get Needed Care, Last 4 Weeks",By State,Colorado,Colorado,Jan 20 - Feb 1,02/01/2021,25.5
"Did Not Get Needed Care, Last 4 Weeks",By State,Connecticut,Connecticut,Jan 20 - Feb 1,02/01/2021,21.3
"Did Not Get Needed Care, Last 4 Weeks",By State,Delaware,Delaware,Jan 20 - Feb 1,02/01/2021,19.9
"Did Not Get Needed Care, Last 4 Weeks",By State,District of Columbia,District of Columbia,Jan 20 - Feb 1,02/01/2021,28.6
"Did Not Get Needed Care, Last 4 Weeks",By State,Florida,Florida,Jan 20 - Feb 1,02/01/2021,21.8
"Did Not Get Needed Care, Last 4 Weeks",By State,Georgia,Georgia,Jan 20 - Feb 1,02/01/2021,24
"Did Not Get Needed Care, Last 4 Weeks",By State,Hawaii,Hawaii,Jan 20 - Feb 1,02/01/2021,21.3
"Did Not Get Needed Care, Last 4 Weeks",By State,Idaho,Idaho,Jan 20 - Feb 1,02/01/2021,19.9
"Did Not Get Needed Care, Last 4 Weeks",By State,Illinois,Illinois,Jan 20 - Feb 1,02/01/2021,24.9
"Did Not Get Needed Care, Last 4 Weeks",By State,Indiana,Indiana,Jan 20 - Feb 1,02/01/2021,23.6
"Did Not Get Needed Care, Last 4 Weeks",By State,Iowa,Iowa,Jan 20 - Feb 1,02/01/2021,19.1
"Did Not Get Needed Care, Last 4 Weeks",By State,Kansas,Kansas,Jan 20 - Feb 1,02/01/2021,21.6
"Did Not Get Needed Care, Last 4 Weeks",By State,Kentucky,Kentucky,Jan 20 - Feb 1,02/01/2021,31.3
"Did Not Get Needed Care, Last 4 Weeks",By State,Louisiana,Louisiana,Jan 20 - Feb 1,02/01/2021,21.2
"Did Not Get Needed Care, Last 4 Weeks",By State,Maine,Maine,Jan 20 - Feb 1,02/01/2021,18.3
"Did Not Get Needed Care, Last 4 Weeks",By State,Maryland,Maryland,Jan 20 - Feb 1,02/01/2021,23.7
"Did Not Get Needed Care, Last 4 Weeks",By State,Massachusetts,Massachusetts,Jan 20 - Feb 1,02/01/2021,22.1
"Did Not Get Needed Care, Last 4 Weeks",By State,Michigan,Michigan,Jan 20 - Feb 1,02/01/2021,22.9
"Did Not Get Needed Care, Last 4 Weeks",By State,Minnesota,Minnesota,Jan 20 - Feb 1,02/01/2021,18.3
"Did Not Get Needed Care, Last 4 Weeks",By State,Mississippi,Mississippi,Jan 20 - Feb 1,02/01/2021,19.8
"Did Not Get Needed Care, Last 4 Weeks",By State,Missouri,Missouri,Jan 20 - Feb 1,02/01/2021,21
"Did Not Get Needed Care, Last 4 Weeks",By State,Montana,Montana,Jan 20 - Feb 1,02/01/2021,21.9
"Did Not Get Needed Care, Last 4 Weeks",By State,Nebraska,Nebraska,Jan 20 - Feb 1,02/01/2021,21.2
"Did Not Get Needed Care, Last 4 Weeks",By State,Nevada,Nevada,Jan 20 - Feb 1,02/01/2021,30.4
"Did Not Get Needed Care, Last 4 Weeks",By State,New Hampshire,New Hampshire,Jan 20 - Feb 1,02/01/2021,19.3
"Did Not Get Needed Care, Last 4 Weeks",By State,New Jersey,New Jersey,Jan 20 - Feb 1,02/01/2021,23.4
"Did Not Get Needed Care, Last 4 Weeks",By State,New Mexico,New Mexico,Jan 20 - Feb 1,02/01/2021,26.6
"Did Not Get Needed Care, Last 4 Weeks",By State,New York,New York,Jan 20 - Feb 1,02/01/2021,20.7
"Did Not Get Needed Care, Last 4 Weeks",By State,North Carolina,North Carolina,Jan 20 - Feb 1,02/01/2021,23.8
"Did Not Get Needed Care, Last 4 Weeks",By State,North Dakota,North Dakota,Jan 20 - Feb 1,02/01/2021,14.7
"Did Not Get Needed Care, Last 4 Weeks",By State,Ohio,Ohio,Jan 20 - Feb 1,02/01/2021,21.6
"Did Not Get Needed Care, Last 4 Weeks",By State,Oklahoma,Oklahoma,Jan 20 - Feb 1,02/01/2021,23.7
"Did Not Get Needed Care, Last 4 Weeks",By State,Oregon,Oregon,Jan 20 - Feb 1,02/01/2021,25
"Did Not Get Needed Care, Last 4 Weeks",By State,Pennsylvania,Pennsylvania,Jan 20 - Feb 1,02/01/2021,22.9
"Did Not Get Needed Care, Last 4 Weeks",By State,Rhode Island,Rhode Island,Jan 20 - Feb 1,02/01/2021,19.9
"Did Not Get Needed Care, Last 4 Weeks",By State,South Carolina,South Carolina,Jan 20 - Feb 1,02/01/2021,17.8
"Did Not Get Needed Care, Last 4 Weeks",By State,South Dakota,South Dakota,Jan 20 - Feb 1,02/01/2021,15.5
"Did Not Get Needed Care, Last 4 Weeks",By State,Tennessee,Tennessee,Jan 20 - Feb 1,02/01/2021,25.7
"Did Not Get Needed Care, Last 4 Weeks",By State,Texas,Texas,Jan 20 - Feb 1,02/01/2021,23.4
"Did Not Get Needed Care, Last 4 Weeks",By State,Utah,Utah,Jan 20 - Feb 1,02/01/2021,21.2
"Did Not Get Needed Care, Last 4 Weeks",By State,Vermont,Vermont,Jan 20 - Feb 1,02/01/2021,19.1
"Did Not Get Needed Care, Last 4 Weeks",By State,Virginia,Virginia,Jan 20 - Feb 1,02/01/2021,26.7
"Did Not Get Needed Care, Last 4 Weeks",By State,Washington,Washington,Jan 20 - Feb 1,02/01/2021,26
"Did Not Get Needed Care, Last 4 Weeks",By State,West Virginia,West Virginia,Jan 20 - Feb 1,02/01/2021,26.9
"Did Not Get Needed Care, Last 4 Weeks",By State,Wisconsin,Wisconsin,Jan 20 - Feb 1,02/01/2021,17.7
"Did Not Get Needed Care, Last 4 Weeks",By State,Wyoming,Wyoming,Jan 20 - Feb 1,02/01/2021,22.4
"Delayed Medical Care, Last 4 Weeks",By Age,United States,18 - 29 years,Feb 3 - Feb 15,02/15/2021,32.2
"Delayed Medical Care, Last 4 Weeks",By Age,United States,30 - 39 years,Feb 3 - Feb 15,02/15/2021,32.9
"Delayed Medical Care, Last 4 Weeks",By Age,United States,40 - 49 years,Feb 3 - Feb 15,02/15/2021,31.4
"Delayed Medical Care, Last 4 Weeks",By Age,United States,50 - 59 years,Feb 3 - Feb 15,02/15/2021,31.5
"Delayed Medical Care, Last 4 Weeks",By Age,United States,60 - 69 years,Feb 3 - Feb 15,02/15/2021,27.8
"Delayed Medical Care, Last 4 Weeks",By Age,United States,70 - 79 years,Feb 3 - Feb 15,02/15/2021,22.3
"Delayed Medical Care, Last 4 Weeks",By Age,United States,80 years and above,Feb 3 - Feb 15,02/15/2021,20.3
"Delayed Medical Care, Last 4 Weeks",By State,Alabama,Alabama,Feb 3 - Feb 15,02/15/2021,31
"Delayed Medical Care, Last 4 Weeks",By State,Alaska,Alaska,Feb 3 - Feb 15,02/15/2021,31.8
"Delayed Medical Care, Last 4 Weeks",By State,Arizona,Arizona,Feb 3 - Feb 15,02/15/2021,32.7
"Delayed Medical Care, Last 4 Weeks",By State,Arkansas,Arkansas,Feb 3 - Feb 15,02/15/2021,27.1
"Delayed Medical Care, Last 4 Weeks",By State,California,California,Feb 3 - Feb 15,02/15/2021,36.8
"Delayed Medical Care, Last 4 Weeks",By State,Colorado,Colorado,Feb 3 - Feb 15,02/15/2021,28
"Delayed Medical Care, Last 4 Weeks",By State,Connecticut,Connecticut,Feb 3 - Feb 15,02/15/2021,31.5
"Delayed Medical Care, Last 4 Weeks",By State,Delaware,Delaware,Feb 3 - Feb 15,02/15/2021,26.8
"Delayed Medical Care, Last 4 Weeks",By State,District of Columbia,District of Columbia,Feb 3 - Feb 15,02/15/2021,42.2
"Delayed Medical Care, Last 4 Weeks",By State,Florida,Florida,Feb 3 - Feb 15,02/15/2021,27.9
"Delayed Medical Care, Last 4 Weeks",By State,Georgia,Georgia,Feb 3 - Feb 15,02/15/2021,24.3
"Delayed Medical Care, Last 4 Weeks",By State,Hawaii,Hawaii,Feb 3 - Feb 15,02/15/2021,24.1
"Delayed Medical Care, Last 4 Weeks",By State,Idaho,Idaho,Feb 3 - Feb 15,02/15/2021,29.8
"Delayed Medical Care, Last 4 Weeks",By State,Illinois,Illinois,Feb 3 - Feb 15,02/15/2021,28.2
"Delayed Medical Care, Last 4 Weeks",By State,Indiana,Indiana,Feb 3 - Feb 15,02/15/2021,30.4
"Delayed Medical Care, Last 4 Weeks",By State,Iowa,Iowa,Feb 3 - Feb 15,02/15/2021,22.9
"Delayed Medical Care, Last 4 Weeks",By State,Kansas,Kansas,Feb 3 - Feb 15,02/15/2021,24.2
"Delayed Medical Care, Last 4 Weeks",By State,Kentucky,Kentucky,Feb 3 - Feb 15,02/15/2021,28.3
"Delayed Medical Care, Last 4 Weeks",By State,Louisiana,Louisiana,Feb 3 - Feb 15,02/15/2021,28
"Delayed Medical Care, Last 4 Weeks",By State,Maine,Maine,Feb 3 - Feb 15,02/15/2021,25.3
"Delayed Medical Care, Last 4 Weeks",By State,Maryland,Maryland,Feb 3 - Feb 15,02/15/2021,30.3
"Delayed Medical Care, Last 4 Weeks",By State,Massachusetts,Massachusetts,Feb 3 - Feb 15,02/15/2021,29.4
"Delayed Medical Care, Last 4 Weeks",By State,Michigan,Michigan,Feb 3 - Feb 15,02/15/2021,25.5
"Delayed Medical Care, Last 4 Weeks",By State,Minnesota,Minnesota,Feb 3 - Feb 15,02/15/2021,25.4
"Delayed Medical Care, Last 4 Weeks",By State,Mississippi,Mississippi,Feb 3 - Feb 15,02/15/2021,29.6
"Delayed Medical Care, Last 4 Weeks",By State,Missouri,Missouri,Feb 3 - Feb 15,02/15/2021,25
"Delayed Medical Care, Last 4 Weeks",By State,Montana,Montana,Feb 3 - Feb 15,02/15/2021,22.4
"Delayed Medical Care, Last 4 Weeks",By State,Nebraska,Nebraska,Feb 3 - Feb 15,02/15/2021,19.8
"Delayed Medical Care, Last 4 Weeks",By State,Nevada,Nevada,Feb 3 - Feb 15,02/15/2021,33.1
"Delayed Medical Care, Last 4 Weeks",By State,New Hampshire,New Hampshire,Feb 3 - Feb 15,02/15/2021,25.8
"Delayed Medical Care, Last 4 Weeks",By State,New Jersey,New Jersey,Feb 3 - Feb 15,02/15/2021,31.7
"Delayed Medical Care, Last 4 Weeks",By State,New Mexico,New Mexico,Feb 3 - Feb 15,02/15/2021,40.3
"Delayed Medical Care, Last 4 Weeks",By State,New York,New York,Feb 3 - Feb 15,02/15/2021,30.6
"Delayed Medical Care, Last 4 Weeks",By State,North Carolina,North Carolina,Feb 3 - Feb 15,02/15/2021,26.5
"Delayed Medical Care, Last 4 Weeks",By State,North Dakota,North Dakota,Feb 3 - Feb 15,02/15/2021,21.8
"Delayed Medical Care, Last 4 Weeks",By State,Ohio,Ohio,Feb 3 - Feb 15,02/15/2021,30
"Delayed Medical Care, Last 4 Weeks",By State,Oklahoma,Oklahoma,Feb 3 - Feb 15,02/15/2021,30.6
"Delayed Medical Care, Last 4 Weeks",By State,Oregon,Oregon,Feb 3 - Feb 15,02/15/2021,37.7
"Delayed Medical Care, Last 4 Weeks",By State,Pennsylvania,Pennsylvania,Feb 3 - Feb 15,02/15/2021,28.7
"Delayed Medical Care, Last 4 Weeks",By State,Rhode Island,Rhode Island,Feb 3 - Feb 15,02/15/2021,24.8
"Delayed Medical Care, Last 4 Weeks",By State,South Carolina,South Carolina,Feb 3 - Feb 15,02/15/2021,30.4
"Delayed Medical Care, Last 4 Weeks",By State,South Dakota,South Dakota,Feb 3 - Feb 15,02/15/2021,22.8
"Delayed Medical Care, Last 4 Weeks",By State,Tennessee,Tennessee,Feb 3 - Feb 15,02/15/2021,28.3
"Delayed Medical Care, Last 4 Weeks",By State,Texas,Texas,Feb 3 - Feb 15,02/15/2021,30
"Delayed Medical Care, Last 4 Weeks",By State,Utah,Utah,Feb 3 - Feb 15,02/15/2021,25.6
"Delayed Medical Care, Last 4 Weeks",By State,Vermont,Vermont,Feb 3 - Feb 15,02/15/2021,28.2
"Delayed Medical Care, Last 4 Weeks",By State,Virginia,Virginia,Feb 3 - Feb 15,02/15/2021,30.8
"Delayed Medical Care, Last 4 Weeks",By State,Washington,Washington,Feb 3 - Feb 15,02/15/2021,35.2
"Delayed Medical Care, Last 4 Weeks",By State,West Virginia,West Virginia,Feb 3 - Feb 15,02/15/2021,33.7
"Delayed Medical Care, Last 4 Weeks",By State,Wisconsin,Wisconsin,Feb 3 - Feb 15,02/15/2021,23.3
"Delayed Medical Care, Last 4 Weeks",By State,Wyoming,Wyoming,Feb 3 - Feb 15,02/15/2021,23.9
"Did Not Get Needed Care, Last 4 Weeks",By Age,United States,18 - 29 years,Feb 3 - Feb 15,02/15/2021,21.6
"Did Not Get Needed Care, Last 4 Weeks",By Age,United States,30 - 39 years,Feb 3 - Feb 15,02/15/2021,23.1
"Did Not Get Needed Care, Last 4 Weeks",By Age,United States,40 - 49 years,Feb 3 - Feb 15,02/15/2021,24.8
"Did Not Get Needed Care, Last 4 Weeks",By Age,United States,50 - 59 years,Feb 3 - Feb 15,02/15/2021,25.1
"Did Not Get Needed Care, Last 4 Weeks",By Age,United States,60 - 69 years,Feb 3 - Feb 15,02/15/2021,21.6
"Did Not Get Needed Care, Last 4 Weeks",By Age,United States,70 - 79 years,Feb 3 - Feb 15,02/15/2021,17.2
"Did Not Get Needed Care, Last 4 Weeks",By Age,United States,80 years and above,Feb 3 - Feb 15,02/15/2021,16
"Did Not Get Needed Care, Last 4 Weeks",By State,Alabama,Alabama,Feb 3 - Feb 15,02/15/2021,22.6
"Did Not Get Needed Care, Last 4 Weeks",By State,Alaska,Alaska,Feb 3 - Feb 15,02/15/2021,23
"Did Not Get Needed Care, Last 4 Weeks",By State,Arizona,Arizona,Feb 3 - Feb 15,02/15/2021,25.8
"Did Not Get Needed Care, Last 4 Weeks",By State,Arkansas,Arkansas,Feb 3 - Feb 15,02/15/2021,22.3
"Did Not Get Needed Care, Last 4 Weeks",By State,California,California,Feb 3 - Feb 15,02/15/2021,24.8
"Did Not Get Needed Care, Last 4 Weeks",By State,Colorado,Colorado,Feb 3 - Feb 15,02/15/2021,21
"Did Not Get Needed Care, Last 4 Weeks",By State,Connecticut,Connecticut,Feb 3 - Feb 15,02/15/2021,19.7
"Did Not Get Needed Care, Last 4 Weeks",By State,Delaware,Delaware,Feb 3 - Feb 15,02/15/2021,19.4
"Did Not Get Needed Care, Last 4 Weeks",By State,District of Columbia,District of Columbia,Feb 3 - Feb 15,02/15/2021,27.8
"Did Not Get Needed Care, Last 4 Weeks",By State,Florida,Florida,Feb 3 - Feb 15,02/15/2021,23.5
"Did Not Get Needed Care, Last 4 Weeks",By State,Georgia,Georgia,Feb 3 - Feb 15,02/15/2021,22
"Did Not Get Needed Care, Last 4 Weeks",By State,Hawaii,Hawaii,Feb 3 - Feb 15,02/15/2021,15.7
"Did Not Get Needed Care, Last 4 Weeks",By State,Idaho,Idaho,Feb 3 - Feb 15,02/15/2021,25.1
"Did Not Get Needed Care, Last 4 Weeks",By State,Illinois,Illinois,Feb 3 - Feb 15,02/15/2021,19.8
"Did Not Get Needed Care, Last 4 Weeks",By State,Indiana,Indiana,Feb 3 - Feb 15,02/15/2021,22.1
"Did Not Get Needed Care, Last 4 Weeks",By State,Iowa,Iowa,Feb 3 - Feb 15,02/15/2021,17.4
"Did Not Get Needed Care, Last 4 Weeks",By State,Kansas,Kansas,Feb 3 - Feb 15,02/15/2021,21.9
"Did Not Get Needed Care, Last 4 Weeks",By State,Kentucky,Kentucky,Feb 3 - Feb 15,02/15/2021,21
"Did Not Get Needed Care, Last 4 Weeks",By State,Louisiana,Louisiana,Feb 3 - Feb 15,02/15/2021,20.2
"Did Not Get Needed Care, Last 4 Weeks",By State,Maine,Maine,Feb 3 - Feb 15,02/15/2021,21.2
"Did Not Get Needed Care, Last 4 Weeks",By State,Maryland,Maryland,Feb 3 - Feb 15,02/15/2021,21.5
"Did Not Get Needed Care, Last 4 Weeks",By State,Massachusetts,Massachusetts,Feb 3 - Feb 15,02/15/2021,22.6
"Did Not Get Needed Care, Last 4 Weeks",By State,Michigan,Michigan,Feb 3 - Feb 15,02/15/2021,20.7
"Did Not Get Needed Care, Last 4 Weeks",By State,Minnesota,Minnesota,Feb 3 - Feb 15,02/15/2021,16.9
"Did Not Get Needed Care, Last 4 Weeks",By State,Mississippi,Mississippi,Feb 3 - Feb 15,02/15/2021,22.5
"Did Not Get Needed Care, Last 4 Weeks",By State,Missouri,Missouri,Feb 3 - Feb 15,02/15/2021,17.4
"Did Not Get Needed Care, Last 4 Weeks",By State,Montana,Montana,Feb 3 - Feb 15,02/15/2021,16.8
"Did Not Get Needed Care, Last 4 Weeks",By State,Nebraska,Nebraska,Feb 3 - Feb 15,02/15/2021,15.3
"Did Not Get Needed Care, Last 4 Weeks",By State,Nevada,Nevada,Feb 3 - Feb 15,02/15/2021,29.9
"Did Not Get Needed Care, Last 4 Weeks",By State,New Hampshire,New Hampshire,Feb 3 - Feb 15,02/15/2021,17.7
"Did Not Get Needed Care, Last 4 Weeks",By State,New Jersey,New Jersey,Feb 3 - Feb 15,02/15/2021,21.3
"Did Not Get Needed Care, Last 4 Weeks",By State,New Mexico,New Mexico,Feb 3 - Feb 15,02/15/2021,30.9
"Did Not Get Needed Care, Last 4 Weeks",By State,New York,New York,Feb 3 - Feb 15,02/15/2021,23.6
"Did Not Get Needed Care, Last 4 Weeks",By State,North Carolina,North Carolina,Feb 3 - Feb 15,02/15/2021,21.3
"Did Not Get Needed Care, Last 4 Weeks",By State,North Dakota,North Dakota,Feb 3 - Feb 15,02/15/2021,17.7
"Did Not Get Needed Care, Last 4 Weeks",By State,Ohio,Ohio,Feb 3 - Feb 15,02/15/2021,21.6
"Did Not Get Needed Care, Last 4 Weeks",By State,Oklahoma,Oklahoma,Feb 3 - Feb 15,02/15/2021,25.8
"Did Not Get Needed Care, Last 4 Weeks",By State,Oregon,Oregon,Feb 3 - Feb 15,02/15/2021,24.3
"Did Not Get Needed Care, Last 4 Weeks",By State,Pennsylvania,Pennsylvania,Feb 3 - Feb 15,02/15/2021,19.6
"Did Not Get Needed Care, Last 4 Weeks",By State,Rhode Island,Rhode Island,Feb 3 - Feb 15,02/15/2021,20.5
"Did Not Get Needed Care, Last 4 Weeks",By State,South Carolina,South Carolina,Feb 3 - Feb 15,02/15/2021,21.2
"Did Not Get Needed Care, Last 4 Weeks",By State,South Dakota,South Dakota,Feb 3 - Feb 15,02/15/2021,19.6
"Did Not Get Needed Care, Last 4 Weeks",By State,Tennessee,Tennessee,Feb 3 - Feb 15,02/15/2021,23.5
"Did Not Get Needed Care, Last 4 Weeks",By State,Texas,Texas,Feb 3 - Feb 15,02/15/2021,24
"Did Not Get Needed Care, Last 4 Weeks",By State,Utah,Utah,Feb 3 - Feb 15,02/15/2021,18.6
"Did Not Get Needed Care, Last 4 Weeks",By State,Vermont,Vermont,Feb 3 - Feb 15,02/15/2021,20.9
"Did Not Get Needed Care, Last 4 Weeks",By State,Virginia,Virginia,Feb 3 - Feb 15,02/15/2021,22.3
"Did Not Get Needed Care, Last 4 Weeks",By State,Washington,Washington,Feb 3 - Feb 15,02/15/2021,27
"Did Not Get Needed Care, Last 4 Weeks",By State,West Virginia,West Virginia,Feb 3 - Feb 15,02/15/2021,27.6
"Did Not Get Needed Care, Last 4 Weeks",By State,Wisconsin,Wisconsin,Feb 3 - Feb 15,02/15/2021,18.6
"Did Not Get Needed Care, Last 4 Weeks",By State,Wyoming,Wyoming,Feb 3 - Feb 15,02/15/2021,22.3
"Delayed Medical Care, Last 4 Weeks",By Age,United States,18 - 29 years,Feb 17 - Mar 1,03/01/2021,28
"Delayed Medical Care, Last 4 Weeks",By Age,United States,30 - 39 years,Feb 17 - Mar 1,03/01/2021,29.3
"Delayed Medical Care, Last 4 Weeks",By Age,United States,40 - 49 years,Feb 17 - Mar 1,03/01/2021,29.4
"Delayed Medical Care, Last 4 Weeks",By Age,United States,50 - 59 years,Feb 17 - Mar 1,03/01/2021,29.5
"Delayed Medical Care, Last 4 Weeks",By Age,United States,60 - 69 years,Feb 17 - Mar 1,03/01/2021,27.3
"Delayed Medical Care, Last 4 Weeks",By Age,United States,70 - 79 years,Feb 17 - Mar 1,03/01/2021,21.6
"Delayed Medical Care, Last 4 Weeks",By Age,United States,80 years and above,Feb 17 - Mar 1,03/01/2021,19.8
"Delayed Medical Care, Last 4 Weeks",By State,Alabama,Alabama,Feb 17 - Mar 1,03/01/2021,24.3
"Delayed Medical Care, Last 4 Weeks",By State,Alaska,Alaska,Feb 17 - Mar 1,03/01/2021,31.1
"Delayed Medical Care, Last 4 Weeks",By State,Arizona,Arizona,Feb 17 - Mar 1,03/01/2021,31.3
"Delayed Medical Care, Last 4 Weeks",By State,Arkansas,Arkansas,Feb 17 - Mar 1,03/01/2021,28.3
"Delayed Medical Care, Last 4 Weeks",By State,California,California,Feb 17 - Mar 1,03/01/2021,32.9
"Delayed Medical Care, Last 4 Weeks",By State,Colorado,Colorado,Feb 17 - Mar 1,03/01/2021,28
"Delayed Medical Care, Last 4 Weeks",By State,Connecticut,Connecticut,Feb 17 - Mar 1,03/01/2021,28.7
"Delayed Medical Care, Last 4 Weeks",By State,Delaware,Delaware,Feb 17 - Mar 1,03/01/2021,21.6
"Delayed Medical Care, Last 4 Weeks",By State,District of Columbia,District of Columbia,Feb 17 - Mar 1,03/01/2021,29.1
"Delayed Medical Care, Last 4 Weeks",By State,Florida,Florida,Feb 17 - Mar 1,03/01/2021,27.5
"Delayed Medical Care, Last 4 Weeks",By State,Georgia,Georgia,Feb 17 - Mar 1,03/01/2021,23.8
"Delayed Medical Care, Last 4 Weeks",By State,Hawaii,Hawaii,Feb 17 - Mar 1,03/01/2021,23.6
"Delayed Medical Care, Last 4 Weeks",By State,Idaho,Idaho,Feb 17 - Mar 1,03/01/2021,23.6
"Delayed Medical Care, Last 4 Weeks",By State,Illinois,Illinois,Feb 17 - Mar 1,03/01/2021,28.5
"Delayed Medical Care, Last 4 Weeks",By State,Indiana,Indiana,Feb 17 - Mar 1,03/01/2021,26.1
"Delayed Medical Care, Last 4 Weeks",By State,Iowa,Iowa,Feb 17 - Mar 1,03/01/2021,21.6
"Delayed Medical Care, Last 4 Weeks",By State,Kansas,Kansas,Feb 17 - Mar 1,03/01/2021,23
"Delayed Medical Care, Last 4 Weeks",By State,Kentucky,Kentucky,Feb 17 - Mar 1,03/01/2021,25.3
"Delayed Medical Care, Last 4 Weeks",By State,Louisiana,Louisiana,Feb 17 - Mar 1,03/01/2021,23.6
"Delayed Medical Care, Last 4 Weeks",By State,Maine,Maine,Feb 17 - Mar 1,03/01/2021,31.1
"Delayed Medical Care, Last 4 Weeks",By State,Maryland,Maryland,Feb 17 - Mar 1,03/01/2021,28.5
"Delayed Medical Care, Last 4 Weeks",By State,Massachusetts,Massachusetts,Feb 17 - Mar 1,03/01/2021,30.3
"Delayed Medical Care, Last 4 Weeks",By State,Michigan,Michigan,Feb 17 - Mar 1,03/01/2021,28.7
"Delayed Medical Care, Last 4 Weeks",By State,Minnesota,Minnesota,Feb 17 - Mar 1,03/01/2021,25
"Delayed Medical Care, Last 4 Weeks",By State,Mississippi,Mississippi,Feb 17 - Mar 1,03/01/2021,26.5
"Delayed Medical Care, Last 4 Weeks",By State,Missouri,Missouri,Feb 17 - Mar 1,03/01/2021,24.6
"Delayed Medical Care, Last 4 Weeks",By State,Montana,Montana,Feb 17 - Mar 1,03/01/2021,19.9
"Delayed Medical Care, Last 4 Weeks",By State,Nebraska,Nebraska,Feb 17 - Mar 1,03/01/2021,22.4
"Delayed Medical Care, Last 4 Weeks",By State,Nevada,Nevada,Feb 17 - Mar 1,03/01/2021,26.8
"Delayed Medical Care, Last 4 Weeks",By State,New Hampshire,New Hampshire,Feb 17 - Mar 1,03/01/2021,24
"Delayed Medical Care, Last 4 Weeks",By State,New Jersey,New Jersey,Feb 17 - Mar 1,03/01/2021,26.5
"Delayed Medical Care, Last 4 Weeks",By State,New Mexico,New Mexico,Feb 17 - Mar 1,03/01/2021,35.2
"Delayed Medical Care, Last 4 Weeks",By State,New York,New York,Feb 17 - Mar 1,03/01/2021,28.5
"Delayed Medical Care, Last 4 Weeks",By State,North Carolina,North Carolina,Feb 17 - Mar 1,03/01/2021,27.9
"Delayed Medical Care, Last 4 Weeks",By State,North Dakota,North Dakota,Feb 17 - Mar 1,03/01/2021,17.3
"Delayed Medical Care, Last 4 Weeks",By State,Ohio,Ohio,Feb 17 - Mar 1,03/01/2021,24.2
"Delayed Medical Care, Last 4 Weeks",By State,Oklahoma,Oklahoma,Feb 17 - Mar 1,03/01/2021,32.1
"Delayed Medical Care, Last 4 Weeks",By State,Oregon,Oregon,Feb 17 - Mar 1,03/01/2021,31.8
"Delayed Medical Care, Last 4 Weeks",By State,Pennsylvania,Pennsylvania,Feb 17 - Mar 1,03/01/2021,25.8
"Delayed Medical Care, Last 4 Weeks",By State,Rhode Island,Rhode Island,Feb 17 - Mar 1,03/01/2021,25
"Delayed Medical Care, Last 4 Weeks",By State,South Carolina,South Carolina,Feb 17 - Mar 1,03/01/2021,22.4
"Delayed Medical Care, Last 4 Weeks",By State,South Dakota,South Dakota,Feb 17 - Mar 1,03/01/2021,22.5
"Delayed Medical Care, Last 4 Weeks",By State,Tennessee,Tennessee,Feb 17 - Mar 1,03/01/2021,28.7
"Delayed Medical Care, Last 4 Weeks",By State,Texas,Texas,Feb 17 - Mar 1,03/01/2021,29.1
"Delayed Medical Care, Last 4 Weeks",By State,Utah,Utah,Feb 17 - Mar 1,03/01/2021,24.7
"Delayed Medical Care, Last 4 Weeks",By State,Vermont,Vermont,Feb 17 - Mar 1,03/01/2021,25.2
"Delayed Medical Care, Last 4 Weeks",By State,Virginia,Virginia,Feb 17 - Mar 1,03/01/2021,25.7
"Delayed Medical Care, Last 4 Weeks",By State,Washington,Washington,Feb 17 - Mar 1,03/01/2021,28.4
"Delayed Medical Care, Last 4 Weeks",By State,West Virginia,West Virginia,Feb 17 - Mar 1,03/01/2021,28.7
"Delayed Medical Care, Last 4 Weeks",By State,Wisconsin,Wisconsin,Feb 17 - Mar 1,03/01/2021,20.4
"Delayed Medical Care, Last 4 Weeks",By State,Wyoming,Wyoming,Feb 17 - Mar 1,03/01/2021,20.5
"Did Not Get Needed Care, Last 4 Weeks",By Age,United States,18 - 29 years,Feb 17 - Mar 1,03/01/2021,18.6
"Did Not Get Needed Care, Last 4 Weeks",By Age,United States,30 - 39 years,Feb 17 - Mar 1,03/01/2021,23
"Did Not Get Needed Care, Last 4 Weeks",By Age,United States,40 - 49 years,Feb 17 - Mar 1,03/01/2021,24.3
"Did Not Get Needed Care, Last 4 Weeks",By Age,United States,50 - 59 years,Feb 17 - Mar 1,03/01/2021,24.4
"Did Not Get Needed Care, Last 4 Weeks",By Age,United States,60 - 69 years,Feb 17 - Mar 1,03/01/2021,20.9
"Did Not Get Needed Care, Last 4 Weeks",By Age,United States,70 - 79 years,Feb 17 - Mar 1,03/01/2021,15.1
"Did Not Get Needed Care, Last 4 Weeks",By Age,United States,80 years and above,Feb 17 - Mar 1,03/01/2021,13
"Did Not Get Needed Care, Last 4 Weeks",By State,Alabama,Alabama,Feb 17 - Mar 1,03/01/2021,18.4
"Did Not Get Needed Care, Last 4 Weeks",By State,Alaska,Alaska,Feb 17 - Mar 1,03/01/2021,21.4
"Did Not Get Needed Care, Last 4 Weeks",By State,Arizona,Arizona,Feb 17 - Mar 1,03/01/2021,24.4
"Did Not Get Needed Care, Last 4 Weeks",By State,Arkansas,Arkansas,Feb 17 - Mar 1,03/01/2021,22.3
"Did Not Get Needed Care, Last 4 Weeks",By State,California,California,Feb 17 - Mar 1,03/01/2021,25
"Did Not Get Needed Care, Last 4 Weeks",By State,Colorado,Colorado,Feb 17 - Mar 1,03/01/2021,18.7
"Did Not Get Needed Care, Last 4 Weeks",By State,Connecticut,Connecticut,Feb 17 - Mar 1,03/01/2021,22.6
"Did Not Get Needed Care, Last 4 Weeks",By State,Delaware,Delaware,Feb 17 - Mar 1,03/01/2021,17.6
"Did Not Get Needed Care, Last 4 Weeks",By State,District of Columbia,District of Columbia,Feb 17 - Mar 1,03/01/2021,18.6
"Did Not Get Needed Care, Last 4 Weeks",By State,Florida,Florida,Feb 17 - Mar 1,03/01/2021,19.4
"Did Not Get Needed Care, Last 4 Weeks",By State,Georgia,Georgia,Feb 17 - Mar 1,03/01/2021,21
"Did Not Get Needed Care, Last 4 Weeks",By State,Hawaii,Hawaii,Feb 17 - Mar 1,03/01/2021,18.9
"Did Not Get Needed Care, Last 4 Weeks",By State,Idaho,Idaho,Feb 17 - Mar 1,03/01/2021,17.2
"Did Not Get Needed Care, Last 4 Weeks",By State,Illinois,Illinois,Feb 17 - Mar 1,03/01/2021,20.9
"Did Not Get Needed Care, Last 4 Weeks",By State,Indiana,Indiana,Feb 17 - Mar 1,03/01/2021,20.2
"Did Not Get Needed Care, Last 4 Weeks",By State,Iowa,Iowa,Feb 17 - Mar 1,03/01/2021,16.8
"Did Not Get Needed Care, Last 4 Weeks",By State,Kansas,Kansas,Feb 17 - Mar 1,03/01/2021,17
"Did Not Get Needed Care, Last 4 Weeks",By State,Kentucky,Kentucky,Feb 17 - Mar 1,03/01/2021,19.8
"Did Not Get Needed Care, Last 4 Weeks",By State,Louisiana,Louisiana,Feb 17 - Mar 1,03/01/2021,23.2
"Did Not Get Needed Care, Last 4 Weeks",By State,Maine,Maine,Feb 17 - Mar 1,03/01/2021,21.7
"Did Not Get Needed Care, Last 4 Weeks",By State,Maryland,Maryland,Feb 17 - Mar 1,03/01/2021,19.4
"Did Not Get Needed Care, Last 4 Weeks",By State,Massachusetts,Massachusetts,Feb 17 - Mar 1,03/01/2021,20.8
"Did Not Get Needed Care, Last 4 Weeks",By State,Michigan,Michigan,Feb 17 - Mar 1,03/01/2021,21.8
"Did Not Get Needed Care, Last 4 Weeks",By State,Minnesota,Minnesota,Feb 17 - Mar 1,03/01/2021,18.4
"Did Not Get Needed Care, Last 4 Weeks",By State,Mississippi,Mississippi,Feb 17 - Mar 1,03/01/2021,24
"Did Not Get Needed Care, Last 4 Weeks",By State,Missouri,Missouri,Feb 17 - Mar 1,03/01/2021,19.6
"Did Not Get Needed Care, Last 4 Weeks",By State,Montana,Montana,Feb 17 - Mar 1,03/01/2021,14.3
"Did Not Get Needed Care, Last 4 Weeks",By State,Nebraska,Nebraska,Feb 17 - Mar 1,03/01/2021,14.8
"Did Not Get Needed Care, Last 4 Weeks",By State,Nevada,Nevada,Feb 17 - Mar 1,03/01/2021,21.7
"Did Not Get Needed Care, Last 4 Weeks",By State,New Hampshire,New Hampshire,Feb 17 - Mar 1,03/01/2021,18.1
"Did Not Get Needed Care, Last 4 Weeks",By State,New Jersey,New Jersey,Feb 17 - Mar 1,03/01/2021,19.4
"Did Not Get Needed Care, Last 4 Weeks",By State,New Mexico,New Mexico,Feb 17 - Mar 1,03/01/2021,27.8
"Did Not Get Needed Care, Last 4 Weeks",By State,New York,New York,Feb 17 - Mar 1,03/01/2021,22.3
"Did Not Get Needed Care, Last 4 Weeks",By State,North Carolina,North Carolina,Feb 17 - Mar 1,03/01/2021,24.4
"Did Not Get Needed Care, Last 4 Weeks",By State,North Dakota,North Dakota,Feb 17 - Mar 1,03/01/2021,12.9
"Did Not Get Needed Care, Last 4 Weeks",By State,Ohio,Ohio,Feb 17 - Mar 1,03/01/2021,18.2
"Did Not Get Needed Care, Last 4 Weeks",By State,Oklahoma,Oklahoma,Feb 17 - Mar 1,03/01/2021,26.2
"Did Not Get Needed Care, Last 4 Weeks",By State,Oregon,Oregon,Feb 17 - Mar 1,03/01/2021,24.9
"Did Not Get Needed Care, Last 4 Weeks",By State,Pennsylvania,Pennsylvania,Feb 17 - Mar 1,03/01/2021,21
"Did Not Get Needed Care, Last 4 Weeks",By State,Rhode Island,Rhode Island,Feb 17 - Mar 1,03/01/2021,18.8
"Did Not Get Needed Care, Last 4 Weeks",By State,South Carolina,South Carolina,Feb 17 - Mar 1,03/01/2021,19.5
"Did Not Get Needed Care, Last 4 Weeks",By State,South Dakota,South Dakota,Feb 17 - Mar 1,03/01/2021,17.2
"Did Not Get Needed Care, Last 4 Weeks",By State,Tennessee,Tennessee,Feb 17 - Mar 1,03/01/2021,22.9
"Did Not Get Needed Care, Last 4 Weeks",By State,Texas,Texas,Feb 17 - Mar 1,03/01/2021,23
"Did Not Get Needed Care, Last 4 Weeks",By State,Utah,Utah,Feb 17 - Mar 1,03/01/2021,17.3
"Did Not Get Needed Care, Last 4 Weeks",By State,Vermont,Vermont,Feb 17 - Mar 1,03/01/2021,17.5
"Did Not Get Needed Care, Last 4 Weeks",By State,Virginia,Virginia,Feb 17 - Mar 1,03/01/2021,20.2
"Did Not Get Needed Care, Last 4 Weeks",By State,Washington,Washington,Feb 17 - Mar 1,03/01/2021,19.4
"Did Not Get Needed Care, Last 4 Weeks",By State,West Virginia,West Virginia,Feb 17 - Mar 1,03/01/2021,21.7
"Did Not Get Needed Care, Last 4 Weeks",By State,Wisconsin,Wisconsin,Feb 17 - Mar 1,03/01/2021,16.7
"Did Not Get Needed Care, Last 4 Weeks",By State,Wyoming,Wyoming,Feb 17 - Mar 1,03/01/2021,16.9
"Delayed Medical Care, Last 4 Weeks",By State,New Mexico,New Mexico,Jun 9 - Jun 21,06/21/2021,22.3
"Delayed Medical Care, Last 4 Weeks",By Age,United States,18 - 29 years,Mar 3 - Mar 15,03/15/2021,26.9
"Delayed Medical Care, Last 4 Weeks",By Age,United States,30 - 39 years,Mar 3 - Mar 15,03/15/2021,30.4
"Delayed Medical Care, Last 4 Weeks",By Age,United States,40 - 49 years,Mar 3 - Mar 15,03/15/2021,28.5
"Delayed Medical Care, Last 4 Weeks",By Age,United States,50 - 59 years,Mar 3 - Mar 15,03/15/2021,28.3
"Delayed Medical Care, Last 4 Weeks",By Age,United States,60 - 69 years,Mar 3 - Mar 15,03/15/2021,25.1
"Delayed Medical Care, Last 4 Weeks",By Age,United States,70 - 79 years,Mar 3 - Mar 15,03/15/2021,20.6
"Delayed Medical Care, Last 4 Weeks",By Age,United States,80 years and above,Mar 3 - Mar 15,03/15/2021,17.9
"Delayed Medical Care, Last 4 Weeks",By State,Alabama,Alabama,Mar 3 - Mar 15,03/15/2021,26.1
"Delayed Medical Care, Last 4 Weeks",By State,Alaska,Alaska,Mar 3 - Mar 15,03/15/2021,27.9
"Delayed Medical Care, Last 4 Weeks",By State,Arizona,Arizona,Mar 3 - Mar 15,03/15/2021,28.7
"Delayed Medical Care, Last 4 Weeks",By State,Arkansas,Arkansas,Mar 3 - Mar 15,03/15/2021,27.3
"Delayed Medical Care, Last 4 Weeks",By State,California,California,Mar 3 - Mar 15,03/15/2021,33.4
"Delayed Medical Care, Last 4 Weeks",By State,Colorado,Colorado,Mar 3 - Mar 15,03/15/2021,27.1
"Delayed Medical Care, Last 4 Weeks",By State,Connecticut,Connecticut,Mar 3 - Mar 15,03/15/2021,28.8
"Delayed Medical Care, Last 4 Weeks",By State,Delaware,Delaware,Mar 3 - Mar 15,03/15/2021,24.1
"Delayed Medical Care, Last 4 Weeks",By State,District of Columbia,District of Columbia,Mar 3 - Mar 15,03/15/2021,35.6
"Delayed Medical Care, Last 4 Weeks",By State,Florida,Florida,Mar 3 - Mar 15,03/15/2021,24.4
"Delayed Medical Care, Last 4 Weeks",By State,Georgia,Georgia,Mar 3 - Mar 15,03/15/2021,21.6
"Delayed Medical Care, Last 4 Weeks",By State,Hawaii,Hawaii,Mar 3 - Mar 15,03/15/2021,24.8
"Delayed Medical Care, Last 4 Weeks",By State,Idaho,Idaho,Mar 3 - Mar 15,03/15/2021,23.8
"Delayed Medical Care, Last 4 Weeks",By State,Illinois,Illinois,Mar 3 - Mar 15,03/15/2021,26.9
"Delayed Medical Care, Last 4 Weeks",By State,Indiana,Indiana,Mar 3 - Mar 15,03/15/2021,21.5
"Delayed Medical Care, Last 4 Weeks",By State,Iowa,Iowa,Mar 3 - Mar 15,03/15/2021,20.3
"Delayed Medical Care, Last 4 Weeks",By State,Kansas,Kansas,Mar 3 - Mar 15,03/15/2021,23.5
"Delayed Medical Care, Last 4 Weeks",By State,Kentucky,Kentucky,Mar 3 - Mar 15,03/15/2021,25
"Delayed Medical Care, Last 4 Weeks",By State,Louisiana,Louisiana,Mar 3 - Mar 15,03/15/2021,26.3
"Delayed Medical Care, Last 4 Weeks",By State,Maine,Maine,Mar 3 - Mar 15,03/15/2021,24.8
"Delayed Medical Care, Last 4 Weeks",By State,Maryland,Maryland,Mar 3 - Mar 15,03/15/2021,30.5
"Delayed Medical Care, Last 4 Weeks",By State,Massachusetts,Massachusetts,Mar 3 - Mar 15,03/15/2021,27.9
"Delayed Medical Care, Last 4 Weeks",By State,Michigan,Michigan,Mar 3 - Mar 15,03/15/2021,25.2
"Delayed Medical Care, Last 4 Weeks",By State,Minnesota,Minnesota,Mar 3 - Mar 15,03/15/2021,23.9
"Delayed Medical Care, Last 4 Weeks",By State,Mississippi,Mississippi,Mar 3 - Mar 15,03/15/2021,24.4
"Delayed Medical Care, Last 4 Weeks",By State,Missouri,Missouri,Mar 3 - Mar 15,03/15/2021,25.9
"Delayed Medical Care, Last 4 Weeks",By State,Montana,Montana,Mar 3 - Mar 15,03/15/2021,22.7
"Delayed Medical Care, Last 4 Weeks",By State,Nebraska,Nebraska,Mar 3 - Mar 15,03/15/2021,19.4
"Delayed Medical Care, Last 4 Weeks",By State,Nevada,Nevada,Mar 3 - Mar 15,03/15/2021,25.6
"Delayed Medical Care, Last 4 Weeks",By State,New Hampshire,New Hampshire,Mar 3 - Mar 15,03/15/2021,23
"Delayed Medical Care, Last 4 Weeks",By State,New Jersey,New Jersey,Mar 3 - Mar 15,03/15/2021,26.3
"Delayed Medical Care, Last 4 Weeks",By State,New Mexico,New Mexico,Mar 3 - Mar 15,03/15/2021,37.5
"Delayed Medical Care, Last 4 Weeks",By State,New York,New York,Mar 3 - Mar 15,03/15/2021,28
"Delayed Medical Care, Last 4 Weeks",By State,North Carolina,North Carolina,Mar 3 - Mar 15,03/15/2021,22.5
"Delayed Medical Care, Last 4 Weeks",By State,North Dakota,North Dakota,Mar 3 - Mar 15,03/15/2021,16.6
"Delayed Medical Care, Last 4 Weeks",By State,Ohio,Ohio,Mar 3 - Mar 15,03/15/2021,27.4
"Delayed Medical Care, Last 4 Weeks",By State,Oklahoma,Oklahoma,Mar 3 - Mar 15,03/15/2021,27.6
"Delayed Medical Care, Last 4 Weeks",By State,Oregon,Oregon,Mar 3 - Mar 15,03/15/2021,32.1
"Delayed Medical Care, Last 4 Weeks",By State,Pennsylvania,Pennsylvania,Mar 3 - Mar 15,03/15/2021,24.6
"Delayed Medical Care, Last 4 Weeks",By State,Rhode Island,Rhode Island,Mar 3 - Mar 15,03/15/2021,28.9
"Delayed Medical Care, Last 4 Weeks",By State,South Carolina,South Carolina,Mar 3 - Mar 15,03/15/2021,23.6
"Delayed Medical Care, Last 4 Weeks",By State,South Dakota,South Dakota,Mar 3 - Mar 15,03/15/2021,19.7
"Delayed Medical Care, Last 4 Weeks",By State,Tennessee,Tennessee,Mar 3 - Mar 15,03/15/2021,25
"Delayed Medical Care, Last 4 Weeks",By State,Texas,Texas,Mar 3 - Mar 15,03/15/2021,27
"Delayed Medical Care, Last 4 Weeks",By State,Utah,Utah,Mar 3 - Mar 15,03/15/2021,22.2
"Delayed Medical Care, Last 4 Weeks",By State,Vermont,Vermont,Mar 3 - Mar 15,03/15/2021,23.9
"Delayed Medical Care, Last 4 Weeks",By State,Virginia,Virginia,Mar 3 - Mar 15,03/15/2021,26.5
"Delayed Medical Care, Last 4 Weeks",By State,Washington,Washington,Mar 3 - Mar 15,03/15/2021,28.3
"Delayed Medical Care, Last 4 Weeks",By State,West Virginia,West Virginia,Mar 3 - Mar 15,03/15/2021,26.7
"Delayed Medical Care, Last 4 Weeks",By State,Wisconsin,Wisconsin,Mar 3 - Mar 15,03/15/2021,23.4
"Delayed Medical Care, Last 4 Weeks",By State,Wyoming,Wyoming,Mar 3 - Mar 15,03/15/2021,22.4
"Did Not Get Needed Care, Last 4 Weeks",By Age,United States,18 - 29 years,Mar 3 - Mar 15,03/15/2021,19.3
"Did Not Get Needed Care, Last 4 Weeks",By Age,United States,30 - 39 years,Mar 3 - Mar 15,03/15/2021,21.1
"Did Not Get Needed Care, Last 4 Weeks",By Age,United States,40 - 49 years,Mar 3 - Mar 15,03/15/2021,21.5
"Did Not Get Needed Care, Last 4 Weeks",By Age,United States,50 - 59 years,Mar 3 - Mar 15,03/15/2021,21.9
"Did Not Get Needed Care, Last 4 Weeks",By Age,United States,60 - 69 years,Mar 3 - Mar 15,03/15/2021,18.8
"Did Not Get Needed Care, Last 4 Weeks",By Age,United States,70 - 79 years,Mar 3 - Mar 15,03/15/2021,15
"Did Not Get Needed Care, Last 4 Weeks",By Age,United States,80 years and above,Mar 3 - Mar 15,03/15/2021,18.7
"Did Not Get Needed Care, Last 4 Weeks",By State,Alabama,Alabama,Mar 3 - Mar 15,03/15/2021,23.7
"Did Not Get Needed Care, Last 4 Weeks",By State,Alaska,Alaska,Mar 3 - Mar 15,03/15/2021,22.7
"Did Not Get Needed Care, Last 4 Weeks",By State,Arizona,Arizona,Mar 3 - Mar 15,03/15/2021,23.1
"Did Not Get Needed Care, Last 4 Weeks",By State,Arkansas,Arkansas,Mar 3 - Mar 15,03/15/2021,20.4
"Did Not Get Needed Care, Last 4 Weeks",By State,California,California,Mar 3 - Mar 15,03/15/2021,25
"Did Not Get Needed Care, Last 4 Weeks",By State,Colorado,Colorado,Mar 3 - Mar 15,03/15/2021,19.1
"Did Not Get Needed Care, Last 4 Weeks",By State,Connecticut,Connecticut,Mar 3 - Mar 15,03/15/2021,22.4
"Did Not Get Needed Care, Last 4 Weeks",By State,Delaware,Delaware,Mar 3 - Mar 15,03/15/2021,15
"Did Not Get Needed Care, Last 4 Weeks",By State,District of Columbia,District of Columbia,Mar 3 - Mar 15,03/15/2021,26
"Did Not Get Needed Care, Last 4 Weeks",By State,Florida,Florida,Mar 3 - Mar 15,03/15/2021,16.6
"Did Not Get Needed Care, Last 4 Weeks",By State,Georgia,Georgia,Mar 3 - Mar 15,03/15/2021,17.7
"Did Not Get Needed Care, Last 4 Weeks",By State,Hawaii,Hawaii,Mar 3 - Mar 15,03/15/2021,16.9
"Did Not Get Needed Care, Last 4 Weeks",By State,Idaho,Idaho,Mar 3 - Mar 15,03/15/2021,17.1
"Did Not Get Needed Care, Last 4 Weeks",By State,Illinois,Illinois,Mar 3 - Mar 15,03/15/2021,18.1
"Did Not Get Needed Care, Last 4 Weeks",By State,Indiana,Indiana,Mar 3 - Mar 15,03/15/2021,18.3
"Did Not Get Needed Care, Last 4 Weeks",By State,Iowa,Iowa,Mar 3 - Mar 15,03/15/2021,16.1
"Did Not Get Needed Care, Last 4 Weeks",By State,Kansas,Kansas,Mar 3 - Mar 15,03/15/2021,18.5
"Did Not Get Needed Care, Last 4 Weeks",By State,Kentucky,Kentucky,Mar 3 - Mar 15,03/15/2021,17.9
"Did Not Get Needed Care, Last 4 Weeks",By State,Louisiana,Louisiana,Mar 3 - Mar 15,03/15/2021,20
"Did Not Get Needed Care, Last 4 Weeks",By State,Maine,Maine,Mar 3 - Mar 15,03/15/2021,16.3
"Did Not Get Needed Care, Last 4 Weeks",By State,Maryland,Maryland,Mar 3 - Mar 15,03/15/2021,24
"Did Not Get Needed Care, Last 4 Weeks",By State,Massachusetts,Massachusetts,Mar 3 - Mar 15,03/15/2021,19.8
"Did Not Get Needed Care, Last 4 Weeks",By State,Michigan,Michigan,Mar 3 - Mar 15,03/15/2021,20.4
"Did Not Get Needed Care, Last 4 Weeks",By State,Minnesota,Minnesota,Mar 3 - Mar 15,03/15/2021,15.6
"Did Not Get Needed Care, Last 4 Weeks",By State,Mississippi,Mississippi,Mar 3 - Mar 15,03/15/2021,21.3
"Did Not Get Needed Care, Last 4 Weeks",By State,Missouri,Missouri,Mar 3 - Mar 15,03/15/2021,20.3
"Did Not Get Needed Care, Last 4 Weeks",By State,Montana,Montana,Mar 3 - Mar 15,03/15/2021,17.8
"Did Not Get Needed Care, Last 4 Weeks",By State,Nebraska,Nebraska,Mar 3 - Mar 15,03/15/2021,16
"Did Not Get Needed Care, Last 4 Weeks",By State,Nevada,Nevada,Mar 3 - Mar 15,03/15/2021,21.7
"Did Not Get Needed Care, Last 4 Weeks",By State,New Hampshire,New Hampshire,Mar 3 - Mar 15,03/15/2021,16
"Did Not Get Needed Care, Last 4 Weeks",By State,New Jersey,New Jersey,Mar 3 - Mar 15,03/15/2021,18.5
"Did Not Get Needed Care, Last 4 Weeks",By State,New Mexico,New Mexico,Mar 3 - Mar 15,03/15/2021,26.4
"Did Not Get Needed Care, Last 4 Weeks",By State,New York,New York,Mar 3 - Mar 15,03/15/2021,18.6
"Did Not Get Needed Care, Last 4 Weeks",By State,North Carolina,North Carolina,Mar 3 - Mar 15,03/15/2021,16.1
"Did Not Get Needed Care, Last 4 Weeks",By State,North Dakota,North Dakota,Mar 3 - Mar 15,03/15/2021,11.2
"Did Not Get Needed Care, Last 4 Weeks",By State,Ohio,Ohio,Mar 3 - Mar 15,03/15/2021,20
"Did Not Get Needed Care, Last 4 Weeks",By State,Oklahoma,Oklahoma,Mar 3 - Mar 15,03/15/2021,22.6
"Did Not Get Needed Care, Last 4 Weeks",By State,Oregon,Oregon,Mar 3 - Mar 15,03/15/2021,23.3
"Did Not Get Needed Care, Last 4 Weeks",By State,Pennsylvania,Pennsylvania,Mar 3 - Mar 15,03/15/2021,16.5
"Did Not Get Needed Care, Last 4 Weeks",By State,Rhode Island,Rhode Island,Mar 3 - Mar 15,03/15/2021,18.6
"Did Not Get Needed Care, Last 4 Weeks",By State,South Carolina,South Carolina,Mar 3 - Mar 15,03/15/2021,17.9
"Did Not Get Needed Care, Last 4 Weeks",By State,South Dakota,South Dakota,Mar 3 - Mar 15,03/15/2021,15.7
"Did Not Get Needed Care, Last 4 Weeks",By State,Tennessee,Tennessee,Mar 3 - Mar 15,03/15/2021,19.5
"Did Not Get Needed Care, Last 4 Weeks",By State,Texas,Texas,Mar 3 - Mar 15,03/15/2021,21.3
"Did Not Get Needed Care, Last 4 Weeks",By State,Utah,Utah,Mar 3 - Mar 15,03/15/2021,14.9
"Did Not Get Needed Care, Last 4 Weeks",By State,Vermont,Vermont,Mar 3 - Mar 15,03/15/2021,18.4
"Did Not Get Needed Care, Last 4 Weeks",By State,Virginia,Virginia,Mar 3 - Mar 15,03/15/2021,21
"Did Not Get Needed Care, Last 4 Weeks",By State,Washington,Washington,Mar 3 - Mar 15,03/15/2021,20.1
"Did Not Get Needed Care, Last 4 Weeks",By State,West Virginia,West Virginia,Mar 3 - Mar 15,03/15/2021,21.2
"Did Not Get Needed Care, Last 4 Weeks",By State,Wisconsin,Wisconsin,Mar 3 - Mar 15,03/15/2021,16.8
"Did Not Get Needed Care, Last 4 Weeks",By State,Wyoming,Wyoming,Mar 3 - Mar 15,03/15/2021,17.6
"Delayed Medical Care, Last 4 Weeks",By Age,United States,18 - 29 years,Mar 17 - Mar 29,03/29/2021,26.8
"Delayed Medical Care, Last 4 Weeks",By Age,United States,30 - 39 years,Mar 17 - Mar 29,03/29/2021,27.6
"Delayed Medical Care, Last 4 Weeks",By Age,United States,40 - 49 years,Mar 17 - Mar 29,03/29/2021,28.4
"Delayed Medical Care, Last 4 Weeks",By Age,United States,50 - 59 years,Mar 17 - Mar 29,03/29/2021,25.8
"Delayed Medical Care, Last 4 Weeks",By Age,United States,60 - 69 years,Mar 17 - Mar 29,03/29/2021,22.7
"Delayed Medical Care, Last 4 Weeks",By Age,United States,70 - 79 years,Mar 17 - Mar 29,03/29/2021,17.6
"Delayed Medical Care, Last 4 Weeks",By Age,United States,80 years and above,Mar 17 - Mar 29,03/29/2021,17.1
"Delayed Medical Care, Last 4 Weeks",By State,Alabama,Alabama,Mar 17 - Mar 29,03/29/2021,20.5
"Delayed Medical Care, Last 4 Weeks",By State,Alaska,Alaska,Mar 17 - Mar 29,03/29/2021,26.2
"Delayed Medical Care, Last 4 Weeks",By State,Arizona,Arizona,Mar 17 - Mar 29,03/29/2021,27.2
"Delayed Medical Care, Last 4 Weeks",By State,Arkansas,Arkansas,Mar 17 - Mar 29,03/29/2021,23.4
"Delayed Medical Care, Last 4 Weeks",By State,California,California,Mar 17 - Mar 29,03/29/2021,30.6
"Delayed Medical Care, Last 4 Weeks",By State,Colorado,Colorado,Mar 17 - Mar 29,03/29/2021,23
"Delayed Medical Care, Last 4 Weeks",By State,Connecticut,Connecticut,Mar 17 - Mar 29,03/29/2021,27.2
"Delayed Medical Care, Last 4 Weeks",By State,Delaware,Delaware,Mar 17 - Mar 29,03/29/2021,20.3
"Delayed Medical Care, Last 4 Weeks",By State,District of Columbia,District of Columbia,Mar 17 - Mar 29,03/29/2021,28.2
"Delayed Medical Care, Last 4 Weeks",By State,Florida,Florida,Mar 17 - Mar 29,03/29/2021,24.1
"Delayed Medical Care, Last 4 Weeks",By State,Georgia,Georgia,Mar 17 - Mar 29,03/29/2021,25.8
"Delayed Medical Care, Last 4 Weeks",By State,Hawaii,Hawaii,Mar 17 - Mar 29,03/29/2021,27
"Delayed Medical Care, Last 4 Weeks",By State,Idaho,Idaho,Mar 17 - Mar 29,03/29/2021,20.2
"Delayed Medical Care, Last 4 Weeks",By State,Illinois,Illinois,Mar 17 - Mar 29,03/29/2021,26.2
"Delayed Medical Care, Last 4 Weeks",By State,Indiana,Indiana,Mar 17 - Mar 29,03/29/2021,20.1
"Delayed Medical Care, Last 4 Weeks",By State,Iowa,Iowa,Mar 17 - Mar 29,03/29/2021,16.8
"Delayed Medical Care, Last 4 Weeks",By State,Kansas,Kansas,Mar 17 - Mar 29,03/29/2021,22
"Delayed Medical Care, Last 4 Weeks",By State,Kentucky,Kentucky,Mar 17 - Mar 29,03/29/2021,24.7
"Delayed Medical Care, Last 4 Weeks",By State,Louisiana,Louisiana,Mar 17 - Mar 29,03/29/2021,24.9
"Delayed Medical Care, Last 4 Weeks",By State,Maine,Maine,Mar 17 - Mar 29,03/29/2021,26.9
"Delayed Medical Care, Last 4 Weeks",By State,Maryland,Maryland,Mar 17 - Mar 29,03/29/2021,24.5
"Delayed Medical Care, Last 4 Weeks",By State,Massachusetts,Massachusetts,Mar 17 - Mar 29,03/29/2021,25.3
"Delayed Medical Care, Last 4 Weeks",By State,Michigan,Michigan,Mar 17 - Mar 29,03/29/2021,21
"Delayed Medical Care, Last 4 Weeks",By State,Minnesota,Minnesota,Mar 17 - Mar 29,03/29/2021,20.7
"Delayed Medical Care, Last 4 Weeks",By State,Mississippi,Mississippi,Mar 17 - Mar 29,03/29/2021,22
"Delayed Medical Care, Last 4 Weeks",By State,Missouri,Missouri,Mar 17 - Mar 29,03/29/2021,19.7
"Delayed Medical Care, Last 4 Weeks",By State,Montana,Montana,Mar 17 - Mar 29,03/29/2021,19.8
"Delayed Medical Care, Last 4 Weeks",By State,Nebraska,Nebraska,Mar 17 - Mar 29,03/29/2021,17.9
"Delayed Medical Care, Last 4 Weeks",By State,Nevada,Nevada,Mar 17 - Mar 29,03/29/2021,26.2
"Delayed Medical Care, Last 4 Weeks",By State,New Hampshire,New Hampshire,Mar 17 - Mar 29,03/29/2021,18.8
"Delayed Medical Care, Last 4 Weeks",By State,New Jersey,New Jersey,Mar 17 - Mar 29,03/29/2021,26.1
"Delayed Medical Care, Last 4 Weeks",By State,New Mexico,New Mexico,Mar 17 - Mar 29,03/29/2021,33.5
"Delayed Medical Care, Last 4 Weeks",By State,New York,New York,Mar 17 - Mar 29,03/29/2021,24.6
"Delayed Medical Care, Last 4 Weeks",By State,North Carolina,North Carolina,Mar 17 - Mar 29,03/29/2021,27.1
"Delayed Medical Care, Last 4 Weeks",By State,North Dakota,North Dakota,Mar 17 - Mar 29,03/29/2021,13.7
"Delayed Medical Care, Last 4 Weeks",By State,Ohio,Ohio,Mar 17 - Mar 29,03/29/2021,23.6
"Delayed Medical Care, Last 4 Weeks",By State,Oklahoma,Oklahoma,Mar 17 - Mar 29,03/29/2021,32.2
"Delayed Medical Care, Last 4 Weeks",By State,Oregon,Oregon,Mar 17 - Mar 29,03/29/2021,27.4
"Delayed Medical Care, Last 4 Weeks",By State,Pennsylvania,Pennsylvania,Mar 17 - Mar 29,03/29/2021,25.6
"Delayed Medical Care, Last 4 Weeks",By State,Rhode Island,Rhode Island,Mar 17 - Mar 29,03/29/2021,24.1
"Delayed Medical Care, Last 4 Weeks",By State,South Carolina,South Carolina,Mar 17 - Mar 29,03/29/2021,20.2
"Delayed Medical Care, Last 4 Weeks",By State,South Dakota,South Dakota,Mar 17 - Mar 29,03/29/2021,18.5
"Delayed Medical Care, Last 4 Weeks",By State,Tennessee,Tennessee,Mar 17 - Mar 29,03/29/2021,24.4
"Delayed Medical Care, Last 4 Weeks",By State,Texas,Texas,Mar 17 - Mar 29,03/29/2021,25.7
"Delayed Medical Care, Last 4 Weeks",By State,Utah,Utah,Mar 17 - Mar 29,03/29/2021,19.5
"Delayed Medical Care, Last 4 Weeks",By State,Vermont,Vermont,Mar 17 - Mar 29,03/29/2021,24.3
"Delayed Medical Care, Last 4 Weeks",By State,Virginia,Virginia,Mar 17 - Mar 29,03/29/2021,23.6
"Delayed Medical Care, Last 4 Weeks",By State,Washington,Washington,Mar 17 - Mar 29,03/29/2021,27.7
"Delayed Medical Care, Last 4 Weeks",By State,West Virginia,West Virginia,Mar 17 - Mar 29,03/29/2021,28.4
"Delayed Medical Care, Last 4 Weeks",By State,Wisconsin,Wisconsin,Mar 17 - Mar 29,03/29/2021,18.2
"Delayed Medical Care, Last 4 Weeks",By State,Wyoming,Wyoming,Mar 17 - Mar 29,03/29/2021,24.7
"Did Not Get Needed Care, Last 4 Weeks",By Age,United States,18 - 29 years,Mar 17 - Mar 29,03/29/2021,18.2
"Did Not Get Needed Care, Last 4 Weeks",By Age,United States,30 - 39 years,Mar 17 - Mar 29,03/29/2021,21.4
"Did Not Get Needed Care, Last 4 Weeks",By Age,United States,40 - 49 years,Mar 17 - Mar 29,03/29/2021,22.7
"Did Not Get Needed Care, Last 4 Weeks",By Age,United States,50 - 59 years,Mar 17 - Mar 29,03/29/2021,20.5
"Did Not Get Needed Care, Last 4 Weeks",By Age,United States,60 - 69 years,Mar 17 - Mar 29,03/29/2021,17.9
"Did Not Get Needed Care, Last 4 Weeks",By Age,United States,70 - 79 years,Mar 17 - Mar 29,03/29/2021,13.7
"Did Not Get Needed Care, Last 4 Weeks",By Age,United States,80 years and above,Mar 17 - Mar 29,03/29/2021,12.7
"Did Not Get Needed Care, Last 4 Weeks",By State,Alabama,Alabama,Mar 17 - Mar 29,03/29/2021,16.7
"Did Not Get Needed Care, Last 4 Weeks",By State,Alaska,Alaska,Mar 17 - Mar 29,03/29/2021,20.8
"Did Not Get Needed Care, Last 4 Weeks",By State,Arizona,Arizona,Mar 17 - Mar 29,03/29/2021,20.9
"Did Not Get Needed Care, Last 4 Weeks",By State,Arkansas,Arkansas,Mar 17 - Mar 29,03/29/2021,18.9
"Did Not Get Needed Care, Last 4 Weeks",By State,California,California,Mar 17 - Mar 29,03/29/2021,23.5
"Did Not Get Needed Care, Last 4 Weeks",By State,Colorado,Colorado,Mar 17 - Mar 29,03/29/2021,15.7
"Did Not Get Needed Care, Last 4 Weeks",By State,Connecticut,Connecticut,Mar 17 - Mar 29,03/29/2021,18.8
"Did Not Get Needed Care, Last 4 Weeks",By State,Delaware,Delaware,Mar 17 - Mar 29,03/29/2021,14.7
"Did Not Get Needed Care, Last 4 Weeks",By State,District of Columbia,District of Columbia,Mar 17 - Mar 29,03/29/2021,18.3
"Did Not Get Needed Care, Last 4 Weeks",By State,Florida,Florida,Mar 17 - Mar 29,03/29/2021,17.7
"Did Not Get Needed Care, Last 4 Weeks",By State,Georgia,Georgia,Mar 17 - Mar 29,03/29/2021,21.9
"Did Not Get Needed Care, Last 4 Weeks",By State,Hawaii,Hawaii,Mar 17 - Mar 29,03/29/2021,18.6
"Did Not Get Needed Care, Last 4 Weeks",By State,Idaho,Idaho,Mar 17 - Mar 29,03/29/2021,15.2
"Did Not Get Needed Care, Last 4 Weeks",By State,Illinois,Illinois,Mar 17 - Mar 29,03/29/2021,19.6
"Did Not Get Needed Care, Last 4 Weeks",By State,Indiana,Indiana,Mar 17 - Mar 29,03/29/2021,16.8
"Did Not Get Needed Care, Last 4 Weeks",By State,Iowa,Iowa,Mar 17 - Mar 29,03/29/2021,11.8
"Did Not Get Needed Care, Last 4 Weeks",By State,Kansas,Kansas,Mar 17 - Mar 29,03/29/2021,16.2
"Did Not Get Needed Care, Last 4 Weeks",By State,Kentucky,Kentucky,Mar 17 - Mar 29,03/29/2021,17.5
"Did Not Get Needed Care, Last 4 Weeks",By State,Louisiana,Louisiana,Mar 17 - Mar 29,03/29/2021,19.5
"Did Not Get Needed Care, Last 4 Weeks",By State,Maine,Maine,Mar 17 - Mar 29,03/29/2021,22.9
"Did Not Get Needed Care, Last 4 Weeks",By State,Maryland,Maryland,Mar 17 - Mar 29,03/29/2021,17.8
"Did Not Get Needed Care, Last 4 Weeks",By State,Massachusetts,Massachusetts,Mar 17 - Mar 29,03/29/2021,17.5
"Did Not Get Needed Care, Last 4 Weeks",By State,Michigan,Michigan,Mar 17 - Mar 29,03/29/2021,18
"Did Not Get Needed Care, Last 4 Weeks",By State,Minnesota,Minnesota,Mar 17 - Mar 29,03/29/2021,16.6
"Did Not Get Needed Care, Last 4 Weeks",By State,Mississippi,Mississippi,Mar 17 - Mar 29,03/29/2021,21.3
"Did Not Get Needed Care, Last 4 Weeks",By State,Missouri,Missouri,Mar 17 - Mar 29,03/29/2021,15.6
"Did Not Get Needed Care, Last 4 Weeks",By State,Montana,Montana,Mar 17 - Mar 29,03/29/2021,14.8
"Did Not Get Needed Care, Last 4 Weeks",By State,Nebraska,Nebraska,Mar 17 - Mar 29,03/29/2021,14.7
"Did Not Get Needed Care, Last 4 Weeks",By State,Nevada,Nevada,Mar 17 - Mar 29,03/29/2021,24.4
"Did Not Get Needed Care, Last 4 Weeks",By State,New Hampshire,New Hampshire,Mar 17 - Mar 29,03/29/2021,13
"Did Not Get Needed Care, Last 4 Weeks",By State,New Jersey,New Jersey,Mar 17 - Mar 29,03/29/2021,20.1
"Did Not Get Needed Care, Last 4 Weeks",By State,New Mexico,New Mexico,Mar 17 - Mar 29,03/29/2021,26.5
"Did Not Get Needed Care, Last 4 Weeks",By State,New York,New York,Mar 17 - Mar 29,03/29/2021,16.6
"Did Not Get Needed Care, Last 4 Weeks",By State,North Carolina,North Carolina,Mar 17 - Mar 29,03/29/2021,19.8
"Did Not Get Needed Care, Last 4 Weeks",By State,North Dakota,North Dakota,Mar 17 - Mar 29,03/29/2021,10.6
"Did Not Get Needed Care, Last 4 Weeks",By State,Ohio,Ohio,Mar 17 - Mar 29,03/29/2021,21
"Did Not Get Needed Care, Last 4 Weeks",By State,Oklahoma,Oklahoma,Mar 17 - Mar 29,03/29/2021,27
"Did Not Get Needed Care, Last 4 Weeks",By State,Oregon,Oregon,Mar 17 - Mar 29,03/29/2021,21
"Did Not Get Needed Care, Last 4 Weeks",By State,Pennsylvania,Pennsylvania,Mar 17 - Mar 29,03/29/2021,20.3
"Did Not Get Needed Care, Last 4 Weeks",By State,Rhode Island,Rhode Island,Mar 17 - Mar 29,03/29/2021,14.7
"Did Not Get Needed Care, Last 4 Weeks",By State,South Carolina,South Carolina,Mar 17 - Mar 29,03/29/2021,16.7
"Did Not Get Needed Care, Last 4 Weeks",By State,South Dakota,South Dakota,Mar 17 - Mar 29,03/29/2021,15.8
"Did Not Get Needed Care, Last 4 Weeks",By State,Tennessee,Tennessee,Mar 17 - Mar 29,03/29/2021,17.7
"Did Not Get Needed Care, Last 4 Weeks",By State,Texas,Texas,Mar 17 - Mar 29,03/29/2021,20.8
"Did Not Get Needed Care, Last 4 Weeks",By State,Utah,Utah,Mar 17 - Mar 29,03/29/2021,15.6
"Did Not Get Needed Care, Last 4 Weeks",By State,Vermont,Vermont,Mar 17 - Mar 29,03/29/2021,17.9
"Did Not Get Needed Care, Last 4 Weeks",By State,Virginia,Virginia,Mar 17 - Mar 29,03/29/2021,17.3
"Did Not Get Needed Care, Last 4 Weeks",By State,Washington,Washington,Mar 17 - Mar 29,03/29/2021,21.4
"Did Not Get Needed Care, Last 4 Weeks",By State,West Virginia,West Virginia,Mar 17 - Mar 29,03/29/2021,24
"Did Not Get Needed Care, Last 4 Weeks",By State,Wisconsin,Wisconsin,Mar 17 - Mar 29,03/29/2021,13.2
"Did Not Get Needed Care, Last 4 Weeks",By State,Wyoming,Wyoming,Mar 17 - Mar 29,03/29/2021,16.4
"Delayed Medical Care, Last 4 Weeks",By Age,United States,18 - 29 years,Mar 30 - Apr 13,04/13/2021,0
"Delayed Medical Care, Last 4 Weeks",By Age,United States,30 - 39 years,Mar 30 - Apr 13,04/13/2021,0
"Delayed Medical Care, Last 4 Weeks",By Age,United States,40 - 49 years,Mar 30 - Apr 13,04/13/2021,0
"Delayed Medical Care, Last 4 Weeks",By Age,United States,50 - 59 years,Mar 30 - Apr 13,04/13/2021,0
"Delayed Medical Care, Last 4 Weeks",By Age,United States,60 - 69 years,Mar 30 - Apr 13,04/13/2021,0
"Delayed Medical Care, Last 4 Weeks",By Age,United States,70 - 79 years,Mar 30 - Apr 13,04/13/2021,0
"Delayed Medical Care, Last 4 Weeks",By Age,United States,80 years and above,Mar 30 - Apr 13,04/13/2021,0
"Delayed Medical Care, Last 4 Weeks",By Age,United States,18 - 29 years,Apr 14 - Apr 26,04/26/2021,23.8
"Delayed Medical Care, Last 4 Weeks",By Age,United States,30 - 39 years,Apr 14 - Apr 26,04/26/2021,23.4
"Delayed Medical Care, Last 4 Weeks",By Age,United States,40 - 49 years,Apr 14 - Apr 26,04/26/2021,22.5
"Delayed Medical Care, Last 4 Weeks",By Age,United States,50 - 59 years,Apr 14 - Apr 26,04/26/2021,21.4
"Delayed Medical Care, Last 4 Weeks",By Age,United States,60 - 69 years,Apr 14 - Apr 26,04/26/2021,17.3
"Delayed Medical Care, Last 4 Weeks",By Age,United States,70 - 79 years,Apr 14 - Apr 26,04/26/2021,14.4
"Delayed Medical Care, Last 4 Weeks",By Age,United States,80 years and above,Apr 14 - Apr 26,04/26/2021,11.2
"Delayed Medical Care, Last 4 Weeks",By State,Alabama,Alabama,Apr 14 - Apr 26,04/26/2021,19.1
"Delayed Medical Care, Last 4 Weeks",By State,Alaska,Alaska,Apr 14 - Apr 26,04/26/2021,22
"Delayed Medical Care, Last 4 Weeks",By State,Arizona,Arizona,Apr 14 - Apr 26,04/26/2021,20.6
"Delayed Medical Care, Last 4 Weeks",By State,Arkansas,Arkansas,Apr 14 - Apr 26,04/26/2021,13.5
"Delayed Medical Care, Last 4 Weeks",By State,California,California,Apr 14 - Apr 26,04/26/2021,26.6
"Delayed Medical Care, Last 4 Weeks",By State,Colorado,Colorado,Apr 14 - Apr 26,04/26/2021,17.9
"Delayed Medical Care, Last 4 Weeks",By State,Connecticut,Connecticut,Apr 14 - Apr 26,04/26/2021,18.5
"Delayed Medical Care, Last 4 Weeks",By State,Delaware,Delaware,Apr 14 - Apr 26,04/26/2021,28
"Delayed Medical Care, Last 4 Weeks",By State,District of Columbia,District of Columbia,Apr 14 - Apr 26,04/26/2021,27.3
"Delayed Medical Care, Last 4 Weeks",By State,Florida,Florida,Apr 14 - Apr 26,04/26/2021,18.8
"Delayed Medical Care, Last 4 Weeks",By State,Georgia,Georgia,Apr 14 - Apr 26,04/26/2021,19.8
"Delayed Medical Care, Last 4 Weeks",By State,Hawaii,Hawaii,Apr 14 - Apr 26,04/26/2021,17.1
"Delayed Medical Care, Last 4 Weeks",By State,Idaho,Idaho,Apr 14 - Apr 26,04/26/2021,16.4
"Delayed Medical Care, Last 4 Weeks",By State,Illinois,Illinois,Apr 14 - Apr 26,04/26/2021,19.7
"Delayed Medical Care, Last 4 Weeks",By State,Indiana,Indiana,Apr 14 - Apr 26,04/26/2021,16
"Delayed Medical Care, Last 4 Weeks",By State,Iowa,Iowa,Apr 14 - Apr 26,04/26/2021,15.1
"Delayed Medical Care, Last 4 Weeks",By State,Kansas,Kansas,Apr 14 - Apr 26,04/26/2021,16.4
"Delayed Medical Care, Last 4 Weeks",By State,Kentucky,Kentucky,Apr 14 - Apr 26,04/26/2021,23.4
"Delayed Medical Care, Last 4 Weeks",By State,Louisiana,Louisiana,Apr 14 - Apr 26,04/26/2021,19.8
"Delayed Medical Care, Last 4 Weeks",By State,Maine,Maine,Apr 14 - Apr 26,04/26/2021,19.9
"Delayed Medical Care, Last 4 Weeks",By State,Maryland,Maryland,Apr 14 - Apr 26,04/26/2021,20.6
"Delayed Medical Care, Last 4 Weeks",By State,Massachusetts,Massachusetts,Apr 14 - Apr 26,04/26/2021,24.2
"Delayed Medical Care, Last 4 Weeks",By State,Michigan,Michigan,Apr 14 - Apr 26,04/26/2021,24.4
"Delayed Medical Care, Last 4 Weeks",By State,Minnesota,Minnesota,Apr 14 - Apr 26,04/26/2021,18.5
"Delayed Medical Care, Last 4 Weeks",By State,Mississippi,Mississippi,Apr 14 - Apr 26,04/26/2021,14.1
"Delayed Medical Care, Last 4 Weeks",By State,Missouri,Missouri,Apr 14 - Apr 26,04/26/2021,19
"Delayed Medical Care, Last 4 Weeks",By State,Montana,Montana,Apr 14 - Apr 26,04/26/2021,19.9
"Delayed Medical Care, Last 4 Weeks",By State,Nebraska,Nebraska,Apr 14 - Apr 26,04/26/2021,17.5
"Delayed Medical Care, Last 4 Weeks",By State,Nevada,Nevada,Apr 14 - Apr 26,04/26/2021,20.7
"Delayed Medical Care, Last 4 Weeks",By State,New Hampshire,New Hampshire,Apr 14 - Apr 26,04/26/2021,14.1
"Delayed Medical Care, Last 4 Weeks",By State,New Jersey,New Jersey,Apr 14 - Apr 26,04/26/2021,22.3
"Delayed Medical Care, Last 4 Weeks",By State,New Mexico,New Mexico,Apr 14 - Apr 26,04/26/2021,24.9
"Delayed Medical Care, Last 4 Weeks",By State,New York,New York,Apr 14 - Apr 26,04/26/2021,20.1
"Delayed Medical Care, Last 4 Weeks",By State,North Carolina,North Carolina,Apr 14 - Apr 26,04/26/2021,18.2
"Delayed Medical Care, Last 4 Weeks",By State,North Dakota,North Dakota,Apr 14 - Apr 26,04/26/2021,16.5
"Delayed Medical Care, Last 4 Weeks",By State,Ohio,Ohio,Apr 14 - Apr 26,04/26/2021,16.4
"Delayed Medical Care, Last 4 Weeks",By State,Oklahoma,Oklahoma,Apr 14 - Apr 26,04/26/2021,16.4
"Delayed Medical Care, Last 4 Weeks",By State,Oregon,Oregon,Apr 14 - Apr 26,04/26/2021,24.2
"Delayed Medical Care, Last 4 Weeks",By State,Pennsylvania,Pennsylvania,Apr 14 - Apr 26,04/26/2021,19.8
"Delayed Medical Care, Last 4 Weeks",By State,Rhode Island,Rhode Island,Apr 14 - Apr 26,04/26/2021,24.3
"Delayed Medical Care, Last 4 Weeks",By State,South Carolina,South Carolina,Apr 14 - Apr 26,04/26/2021,10.7
"Delayed Medical Care, Last 4 Weeks",By State,South Dakota,South Dakota,Apr 14 - Apr 26,04/26/2021,13.9
"Delayed Medical Care, Last 4 Weeks",By State,Tennessee,Tennessee,Apr 14 - Apr 26,04/26/2021,18.8
"Delayed Medical Care, Last 4 Weeks",By State,Texas,Texas,Apr 14 - Apr 26,04/26/2021,22
"Delayed Medical Care, Last 4 Weeks",By State,Utah,Utah,Apr 14 - Apr 26,04/26/2021,12.4
"Delayed Medical Care, Last 4 Weeks",By State,Vermont,Vermont,Apr 14 - Apr 26,04/26/2021,21.2
"Delayed Medical Care, Last 4 Weeks",By State,Virginia,Virginia,Apr 14 - Apr 26,04/26/2021,18.9
"Delayed Medical Care, Last 4 Weeks",By State,Washington,Washington,Apr 14 - Apr 26,04/26/2021,21.7
"Delayed Medical Care, Last 4 Weeks",By State,West Virginia,West Virginia,Apr 14 - Apr 26,04/26/2021,21.3
"Delayed Medical Care, Last 4 Weeks",By State,Wisconsin,Wisconsin,Apr 14 - Apr 26,04/26/2021,18.9
"Delayed Medical Care, Last 4 Weeks",By State,Wyoming,Wyoming,Apr 14 - Apr 26,04/26/2021,16.1
"Did Not Get Needed Care, Last 4 Weeks",By Age,United States,18 - 29 years,Apr 14 - Apr 26,04/26/2021,16.3
"Did Not Get Needed Care, Last 4 Weeks",By Age,United States,30 - 39 years,Apr 14 - Apr 26,04/26/2021,18.4
"Did Not Get Needed Care, Last 4 Weeks",By Age,United States,40 - 49 years,Apr 14 - Apr 26,04/26/2021,18.6
"Did Not Get Needed Care, Last 4 Weeks",By Age,United States,50 - 59 years,Apr 14 - Apr 26,04/26/2021,17.5
"Did Not Get Needed Care, Last 4 Weeks",By Age,United States,60 - 69 years,Apr 14 - Apr 26,04/26/2021,14.7
"Did Not Get Needed Care, Last 4 Weeks",By Age,United States,70 - 79 years,Apr 14 - Apr 26,04/26/2021,13
"Did Not Get Needed Care, Last 4 Weeks",By Age,United States,80 years and above,Apr 14 - Apr 26,04/26/2021,10.4
"Did Not Get Needed Care, Last 4 Weeks",By State,Alabama,Alabama,Apr 14 - Apr 26,04/26/2021,14.1
"Did Not Get Needed Care, Last 4 Weeks",By State,Alaska,Alaska,Apr 14 - Apr 26,04/26/2021,19
"Did Not Get Needed Care, Last 4 Weeks",By State,Arizona,Arizona,Apr 14 - Apr 26,04/26/2021,17.6
"Did Not Get Needed Care, Last 4 Weeks",By State,Arkansas,Arkansas,Apr 14 - Apr 26,04/26/2021,16.8
"Did Not Get Needed Care, Last 4 Weeks",By State,California,California,Apr 14 - Apr 26,04/26/2021,22.6
"Did Not Get Needed Care, Last 4 Weeks",By State,Colorado,Colorado,Apr 14 - Apr 26,04/26/2021,13
"Did Not Get Needed Care, Last 4 Weeks",By State,Connecticut,Connecticut,Apr 14 - Apr 26,04/26/2021,14.4
"Did Not Get Needed Care, Last 4 Weeks",By State,Delaware,Delaware,Apr 14 - Apr 26,04/26/2021,18.7
"Did Not Get Needed Care, Last 4 Weeks",By State,District of Columbia,District of Columbia,Apr 14 - Apr 26,04/26/2021,18.6
"Did Not Get Needed Care, Last 4 Weeks",By State,Florida,Florida,Apr 14 - Apr 26,04/26/2021,15.6
"Did Not Get Needed Care, Last 4 Weeks",By State,Georgia,Georgia,Apr 14 - Apr 26,04/26/2021,18.1
"Did Not Get Needed Care, Last 4 Weeks",By State,Hawaii,Hawaii,Apr 14 - Apr 26,04/26/2021,14.1
"Did Not Get Needed Care, Last 4 Weeks",By State,Idaho,Idaho,Apr 14 - Apr 26,04/26/2021,13.3
"Did Not Get Needed Care, Last 4 Weeks",By State,Illinois,Illinois,Apr 14 - Apr 26,04/26/2021,13.9
"Did Not Get Needed Care, Last 4 Weeks",By State,Indiana,Indiana,Apr 14 - Apr 26,04/26/2021,14.7
"Did Not Get Needed Care, Last 4 Weeks",By State,Iowa,Iowa,Apr 14 - Apr 26,04/26/2021,10.7
"Did Not Get Needed Care, Last 4 Weeks",By State,Kansas,Kansas,Apr 14 - Apr 26,04/26/2021,18.2
"Did Not Get Needed Care, Last 4 Weeks",By State,Kentucky,Kentucky,Apr 14 - Apr 26,04/26/2021,23.1
"Did Not Get Needed Care, Last 4 Weeks",By State,Louisiana,Louisiana,Apr 14 - Apr 26,04/26/2021,14.5
"Did Not Get Needed Care, Last 4 Weeks",By State,Maine,Maine,Apr 14 - Apr 26,04/26/2021,12.4
"Did Not Get Needed Care, Last 4 Weeks",By State,Maryland,Maryland,Apr 14 - Apr 26,04/26/2021,16.8
"Did Not Get Needed Care, Last 4 Weeks",By State,Massachusetts,Massachusetts,Apr 14 - Apr 26,04/26/2021,17.7
"Did Not Get Needed Care, Last 4 Weeks",By State,Michigan,Michigan,Apr 14 - Apr 26,04/26/2021,18.3
"Did Not Get Needed Care, Last 4 Weeks",By State,Minnesota,Minnesota,Apr 14 - Apr 26,04/26/2021,12.5
"Did Not Get Needed Care, Last 4 Weeks",By State,Mississippi,Mississippi,Apr 14 - Apr 26,04/26/2021,13.2
"Did Not Get Needed Care, Last 4 Weeks",By State,Missouri,Missouri,Apr 14 - Apr 26,04/26/2021,16.2
"Did Not Get Needed Care, Last 4 Weeks",By State,Montana,Montana,Apr 14 - Apr 26,04/26/2021,16
"Did Not Get Needed Care, Last 4 Weeks",By State,Nebraska,Nebraska,Apr 14 - Apr 26,04/26/2021,15.5
"Did Not Get Needed Care, Last 4 Weeks",By State,Nevada,Nevada,Apr 14 - Apr 26,04/26/2021,17.1
"Did Not Get Needed Care, Last 4 Weeks",By State,New Hampshire,New Hampshire,Apr 14 - Apr 26,04/26/2021,13.7
"Did Not Get Needed Care, Last 4 Weeks",By State,New Jersey,New Jersey,Apr 14 - Apr 26,04/26/2021,16.6
"Did Not Get Needed Care, Last 4 Weeks",By State,New Mexico,New Mexico,Apr 14 - Apr 26,04/26/2021,21.5
"Did Not Get Needed Care, Last 4 Weeks",By State,New York,New York,Apr 14 - Apr 26,04/26/2021,17.2
"Did Not Get Needed Care, Last 4 Weeks",By State,North Carolina,North Carolina,Apr 14 - Apr 26,04/26/2021,14.1
"Did Not Get Needed Care, Last 4 Weeks",By State,North Dakota,North Dakota,Apr 14 - Apr 26,04/26/2021,10.8
"Did Not Get Needed Care, Last 4 Weeks",By State,Ohio,Ohio,Apr 14 - Apr 26,04/26/2021,12.9
"Did Not Get Needed Care, Last 4 Weeks",By State,Oklahoma,Oklahoma,Apr 14 - Apr 26,04/26/2021,14
"Did Not Get Needed Care, Last 4 Weeks",By State,Oregon,Oregon,Apr 14 - Apr 26,04/26/2021,17.3
"Did Not Get Needed Care, Last 4 Weeks",By State,Pennsylvania,Pennsylvania,Apr 14 - Apr 26,04/26/2021,14
"Did Not Get Needed Care, Last 4 Weeks",By State,Rhode Island,Rhode Island,Apr 14 - Apr 26,04/26/2021,18.3
"Did Not Get Needed Care, Last 4 Weeks",By State,South Carolina,South Carolina,Apr 14 - Apr 26,04/26/2021,8.4
"Did Not Get Needed Care, Last 4 Weeks",By State,South Dakota,South Dakota,Apr 14 - Apr 26,04/26/2021,11.5
"Did Not Get Needed Care, Last 4 Weeks",By State,Tennessee,Tennessee,Apr 14 - Apr 26,04/26/2021,16.1
"Did Not Get Needed Care, Last 4 Weeks",By State,Texas,Texas,Apr 14 - Apr 26,04/26/2021,17.6
"Did Not Get Needed Care, Last 4 Weeks",By State,Utah,Utah,Apr 14 - Apr 26,04/26/2021,11
"Did Not Get Needed Care, Last 4 Weeks",By State,Vermont,Vermont,Apr 14 - Apr 26,04/26/2021,15
"Did Not Get Needed Care, Last 4 Weeks",By State,Virginia,Virginia,Apr 14 - Apr 26,04/26/2021,13.8
"Did Not Get Needed Care, Last 4 Weeks",By State,Washington,Washington,Apr 14 - Apr 26,04/26/2021,16.2
"Did Not Get Needed Care, Last 4 Weeks",By State,West Virginia,West Virginia,Apr 14 - Apr 26,04/26/2021,19.8
"Did Not Get Needed Care, Last 4 Weeks",By State,Wisconsin,Wisconsin,Apr 14 - Apr 26,04/26/2021,13
"Did Not Get Needed Care, Last 4 Weeks",By State,Wyoming,Wyoming,Apr 14 - Apr 26,04/26/2021,11.9
"Delayed Medical Care, Last 4 Weeks",By Age,United States,18 - 29 years,Apr 28 - May 10,05/10/2021,21.1
"Delayed Medical Care, Last 4 Weeks",By Age,United States,30 - 39 years,Apr 28 - May 10,05/10/2021,21.6
"Delayed Medical Care, Last 4 Weeks",By Age,United States,40 - 49 years,Apr 28 - May 10,05/10/2021,20.5
"Delayed Medical Care, Last 4 Weeks",By Age,United States,50 - 59 years,Apr 28 - May 10,05/10/2021,21.5
"Delayed Medical Care, Last 4 Weeks",By Age,United States,60 - 69 years,Apr 28 - May 10,05/10/2021,17.2
"Delayed Medical Care, Last 4 Weeks",By Age,United States,70 - 79 years,Apr 28 - May 10,05/10/2021,12
"Delayed Medical Care, Last 4 Weeks",By Age,United States,80 years and above,Apr 28 - May 10,05/10/2021,11.2
"Delayed Medical Care, Last 4 Weeks",By State,Alabama,Alabama,Apr 28 - May 10,05/10/2021,18.1
"Delayed Medical Care, Last 4 Weeks",By State,Alaska,Alaska,Apr 28 - May 10,05/10/2021,24.8
"Delayed Medical Care, Last 4 Weeks",By State,Arizona,Arizona,Apr 28 - May 10,05/10/2021,21.5
"Delayed Medical Care, Last 4 Weeks",By State,Arkansas,Arkansas,Apr 28 - May 10,05/10/2021,14.4
"Delayed Medical Care, Last 4 Weeks",By State,California,California,Apr 28 - May 10,05/10/2021,25.7
"Delayed Medical Care, Last 4 Weeks",By State,Colorado,Colorado,Apr 28 - May 10,05/10/2021,20.1
"Delayed Medical Care, Last 4 Weeks",By State,Connecticut,Connecticut,Apr 28 - May 10,05/10/2021,15.5
"Delayed Medical Care, Last 4 Weeks",By State,Delaware,Delaware,Apr 28 - May 10,05/10/2021,20.3
"Delayed Medical Care, Last 4 Weeks",By State,District of Columbia,District of Columbia,Apr 28 - May 10,05/10/2021,24.5
"Delayed Medical Care, Last 4 Weeks",By State,Florida,Florida,Apr 28 - May 10,05/10/2021,18.9
"Delayed Medical Care, Last 4 Weeks",By State,Georgia,Georgia,Apr 28 - May 10,05/10/2021,17.8
"Delayed Medical Care, Last 4 Weeks",By State,Hawaii,Hawaii,Apr 28 - May 10,05/10/2021,19.3
"Delayed Medical Care, Last 4 Weeks",By State,Idaho,Idaho,Apr 28 - May 10,05/10/2021,14.8
"Delayed Medical Care, Last 4 Weeks",By State,Illinois,Illinois,Apr 28 - May 10,05/10/2021,15.4
"Delayed Medical Care, Last 4 Weeks",By State,Indiana,Indiana,Apr 28 - May 10,05/10/2021,12.5
"Delayed Medical Care, Last 4 Weeks",By State,Iowa,Iowa,Apr 28 - May 10,05/10/2021,11.4
"Delayed Medical Care, Last 4 Weeks",By State,Kansas,Kansas,Apr 28 - May 10,05/10/2021,15.9
"Delayed Medical Care, Last 4 Weeks",By State,Kentucky,Kentucky,Apr 28 - May 10,05/10/2021,18
"Delayed Medical Care, Last 4 Weeks",By State,Louisiana,Louisiana,Apr 28 - May 10,05/10/2021,21.3
"Delayed Medical Care, Last 4 Weeks",By State,Maine,Maine,Apr 28 - May 10,05/10/2021,16.9
"Delayed Medical Care, Last 4 Weeks",By State,Maryland,Maryland,Apr 28 - May 10,05/10/2021,20.5
"Delayed Medical Care, Last 4 Weeks",By State,Massachusetts,Massachusetts,Apr 28 - May 10,05/10/2021,18.5
"Delayed Medical Care, Last 4 Weeks",By State,Michigan,Michigan,Apr 28 - May 10,05/10/2021,19.8
"Delayed Medical Care, Last 4 Weeks",By State,Minnesota,Minnesota,Apr 28 - May 10,05/10/2021,15.2
"Delayed Medical Care, Last 4 Weeks",By State,Mississippi,Mississippi,Apr 28 - May 10,05/10/2021,14.9
"Delayed Medical Care, Last 4 Weeks",By State,Missouri,Missouri,Apr 28 - May 10,05/10/2021,13.3
"Delayed Medical Care, Last 4 Weeks",By State,Montana,Montana,Apr 28 - May 10,05/10/2021,15.1
"Delayed Medical Care, Last 4 Weeks",By State,Nebraska,Nebraska,Apr 28 - May 10,05/10/2021,16.5
"Delayed Medical Care, Last 4 Weeks",By State,Nevada,Nevada,Apr 28 - May 10,05/10/2021,20.6
"Delayed Medical Care, Last 4 Weeks",By State,New Hampshire,New Hampshire,Apr 28 - May 10,05/10/2021,15.7
"Delayed Medical Care, Last 4 Weeks",By State,New Jersey,New Jersey,Apr 28 - May 10,05/10/2021,18.5
"Delayed Medical Care, Last 4 Weeks",By State,New Mexico,New Mexico,Apr 28 - May 10,05/10/2021,24
"Delayed Medical Care, Last 4 Weeks",By State,New York,New York,Apr 28 - May 10,05/10/2021,18.3
"Delayed Medical Care, Last 4 Weeks",By State,North Carolina,North Carolina,Apr 28 - May 10,05/10/2021,18.1
"Delayed Medical Care, Last 4 Weeks",By State,North Dakota,North Dakota,Apr 28 - May 10,05/10/2021,16.1
"Delayed Medical Care, Last 4 Weeks",By State,Ohio,Ohio,Apr 28 - May 10,05/10/2021,16.4
"Delayed Medical Care, Last 4 Weeks",By State,Oklahoma,Oklahoma,Apr 28 - May 10,05/10/2021,20.4
"Delayed Medical Care, Last 4 Weeks",By State,Oregon,Oregon,Apr 28 - May 10,05/10/2021,24
"Delayed Medical Care, Last 4 Weeks",By State,Pennsylvania,Pennsylvania,Apr 28 - May 10,05/10/2021,19.3
"Delayed Medical Care, Last 4 Weeks",By State,Rhode Island,Rhode Island,Apr 28 - May 10,05/10/2021,19.3
"Delayed Medical Care, Last 4 Weeks",By State,South Carolina,South Carolina,Apr 28 - May 10,05/10/2021,14.3
"Delayed Medical Care, Last 4 Weeks",By State,South Dakota,South Dakota,Apr 28 - May 10,05/10/2021,18.5
"Delayed Medical Care, Last 4 Weeks",By State,Tennessee,Tennessee,Apr 28 - May 10,05/10/2021,18.5
"Delayed Medical Care, Last 4 Weeks",By State,Texas,Texas,Apr 28 - May 10,05/10/2021,21.4
"Delayed Medical Care, Last 4 Weeks",By State,Utah,Utah,Apr 28 - May 10,05/10/2021,15
"Delayed Medical Care, Last 4 Weeks",By State,Vermont,Vermont,Apr 28 - May 10,05/10/2021,19.6
"Delayed Medical Care, Last 4 Weeks",By State,Virginia,Virginia,Apr 28 - May 10,05/10/2021,17.6
"Delayed Medical Care, Last 4 Weeks",By State,Washington,Washington,Apr 28 - May 10,05/10/2021,20.5
"Delayed Medical Care, Last 4 Weeks",By State,West Virginia,West Virginia,Apr 28 - May 10,05/10/2021,15.9
"Delayed Medical Care, Last 4 Weeks",By State,Wisconsin,Wisconsin,Apr 28 - May 10,05/10/2021,13.7
"Delayed Medical Care, Last 4 Weeks",By State,Wyoming,Wyoming,Apr 28 - May 10,05/10/2021,10.7
"Did Not Get Needed Care, Last 4 Weeks",By Age,United States,18 - 29 years,Apr 28 - May 10,05/10/2021,14.5
"Did Not Get Needed Care, Last 4 Weeks",By Age,United States,30 - 39 years,Apr 28 - May 10,05/10/2021,16.8
"Did Not Get Needed Care, Last 4 Weeks",By Age,United States,40 - 49 years,Apr 28 - May 10,05/10/2021,16.4
"Did Not Get Needed Care, Last 4 Weeks",By Age,United States,50 - 59 years,Apr 28 - May 10,05/10/2021,17.4
"Did Not Get Needed Care, Last 4 Weeks",By Age,United States,60 - 69 years,Apr 28 - May 10,05/10/2021,13.8
"Did Not Get Needed Care, Last 4 Weeks",By Age,United States,70 - 79 years,Apr 28 - May 10,05/10/2021,10.4
"Did Not Get Needed Care, Last 4 Weeks",By Age,United States,80 years and above,Apr 28 - May 10,05/10/2021,11.3
"Did Not Get Needed Care, Last 4 Weeks",By State,Alabama,Alabama,Apr 28 - May 10,05/10/2021,16.6
"Did Not Get Needed Care, Last 4 Weeks",By State,Alaska,Alaska,Apr 28 - May 10,05/10/2021,17.3
"Did Not Get Needed Care, Last 4 Weeks",By State,Arizona,Arizona,Apr 28 - May 10,05/10/2021,16.1
"Did Not Get Needed Care, Last 4 Weeks",By State,Arkansas,Arkansas,Apr 28 - May 10,05/10/2021,16.8
"Did Not Get Needed Care, Last 4 Weeks",By State,California,California,Apr 28 - May 10,05/10/2021,18.6
"Did Not Get Needed Care, Last 4 Weeks",By State,Colorado,Colorado,Apr 28 - May 10,05/10/2021,15.9
"Did Not Get Needed Care, Last 4 Weeks",By State,Connecticut,Connecticut,Apr 28 - May 10,05/10/2021,10.5
"Did Not Get Needed Care, Last 4 Weeks",By State,Delaware,Delaware,Apr 28 - May 10,05/10/2021,18.2
"Did Not Get Needed Care, Last 4 Weeks",By State,District of Columbia,District of Columbia,Apr 28 - May 10,05/10/2021,19.2
"Did Not Get Needed Care, Last 4 Weeks",By State,Florida,Florida,Apr 28 - May 10,05/10/2021,14.3
"Did Not Get Needed Care, Last 4 Weeks",By State,Georgia,Georgia,Apr 28 - May 10,05/10/2021,13.8
"Did Not Get Needed Care, Last 4 Weeks",By State,Hawaii,Hawaii,Apr 28 - May 10,05/10/2021,16.7
"Did Not Get Needed Care, Last 4 Weeks",By State,Idaho,Idaho,Apr 28 - May 10,05/10/2021,11.4
"Did Not Get Needed Care, Last 4 Weeks",By State,Illinois,Illinois,Apr 28 - May 10,05/10/2021,12.7
"Did Not Get Needed Care, Last 4 Weeks",By State,Indiana,Indiana,Apr 28 - May 10,05/10/2021,10.1
"Did Not Get Needed Care, Last 4 Weeks",By State,Iowa,Iowa,Apr 28 - May 10,05/10/2021,10.9
"Did Not Get Needed Care, Last 4 Weeks",By State,Kansas,Kansas,Apr 28 - May 10,05/10/2021,12.8
"Did Not Get Needed Care, Last 4 Weeks",By State,Kentucky,Kentucky,Apr 28 - May 10,05/10/2021,13.4
"Did Not Get Needed Care, Last 4 Weeks",By State,Louisiana,Louisiana,Apr 28 - May 10,05/10/2021,19.1
"Did Not Get Needed Care, Last 4 Weeks",By State,Maine,Maine,Apr 28 - May 10,05/10/2021,12.2
"Did Not Get Needed Care, Last 4 Weeks",By State,Maryland,Maryland,Apr 28 - May 10,05/10/2021,13.8
"Did Not Get Needed Care, Last 4 Weeks",By State,Massachusetts,Massachusetts,Apr 28 - May 10,05/10/2021,13.8
"Did Not Get Needed Care, Last 4 Weeks",By State,Michigan,Michigan,Apr 28 - May 10,05/10/2021,16.3
"Did Not Get Needed Care, Last 4 Weeks",By State,Minnesota,Minnesota,Apr 28 - May 10,05/10/2021,10.2
"Did Not Get Needed Care, Last 4 Weeks",By State,Mississippi,Mississippi,Apr 28 - May 10,05/10/2021,12.8
"Did Not Get Needed Care, Last 4 Weeks",By State,Missouri,Missouri,Apr 28 - May 10,05/10/2021,13.2
"Did Not Get Needed Care, Last 4 Weeks",By State,Montana,Montana,Apr 28 - May 10,05/10/2021,10.7
"Did Not Get Needed Care, Last 4 Weeks",By State,Nebraska,Nebraska,Apr 28 - May 10,05/10/2021,11.9
"Did Not Get Needed Care, Last 4 Weeks",By State,Nevada,Nevada,Apr 28 - May 10,05/10/2021,17.2
"Did Not Get Needed Care, Last 4 Weeks",By State,New Hampshire,New Hampshire,Apr 28 - May 10,05/10/2021,11.8
"Did Not Get Needed Care, Last 4 Weeks",By State,New Jersey,New Jersey,Apr 28 - May 10,05/10/2021,15.1
"Did Not Get Needed Care, Last 4 Weeks",By State,New Mexico,New Mexico,Apr 28 - May 10,05/10/2021,20.1
"Did Not Get Needed Care, Last 4 Weeks",By State,New York,New York,Apr 28 - May 10,05/10/2021,15.2
"Did Not Get Needed Care, Last 4 Weeks",By State,North Carolina,North Carolina,Apr 28 - May 10,05/10/2021,15.8
"Did Not Get Needed Care, Last 4 Weeks",By State,North Dakota,North Dakota,Apr 28 - May 10,05/10/2021,13.3
"Did Not Get Needed Care, Last 4 Weeks",By State,Ohio,Ohio,Apr 28 - May 10,05/10/2021,14.2
"Did Not Get Needed Care, Last 4 Weeks",By State,Oklahoma,Oklahoma,Apr 28 - May 10,05/10/2021,17
"Did Not Get Needed Care, Last 4 Weeks",By State,Oregon,Oregon,Apr 28 - May 10,05/10/2021,19.9
"Did Not Get Needed Care, Last 4 Weeks",By State,Pennsylvania,Pennsylvania,Apr 28 - May 10,05/10/2021,14.7
"Did Not Get Needed Care, Last 4 Weeks",By State,Rhode Island,Rhode Island,Apr 28 - May 10,05/10/2021,12.3
"Did Not Get Needed Care, Last 4 Weeks",By State,South Carolina,South Carolina,Apr 28 - May 10,05/10/2021,12.3
"Did Not Get Needed Care, Last 4 Weeks",By State,South Dakota,South Dakota,Apr 28 - May 10,05/10/2021,14.1
"Did Not Get Needed Care, Last 4 Weeks",By State,Tennessee,Tennessee,Apr 28 - May 10,05/10/2021,17.4
"Did Not Get Needed Care, Last 4 Weeks",By State,Texas,Texas,Apr 28 - May 10,05/10/2021,16.1
"Did Not Get Needed Care, Last 4 Weeks",By State,Utah,Utah,Apr 28 - May 10,05/10/2021,11.9
"Did Not Get Needed Care, Last 4 Weeks",By State,Vermont,Vermont,Apr 28 - May 10,05/10/2021,16.3
"Did Not Get Needed Care, Last 4 Weeks",By State,Virginia,Virginia,Apr 28 - May 10,05/10/2021,12.9
"Did Not Get Needed Care, Last 4 Weeks",By State,Washington,Washington,Apr 28 - May 10,05/10/2021,16
"Did Not Get Needed Care, Last 4 Weeks",By State,West Virginia,West Virginia,Apr 28 - May 10,05/10/2021,15
"Did Not Get Needed Care, Last 4 Weeks",By State,Wisconsin,Wisconsin,Apr 28 - May 10,05/10/2021,11.1
"Did Not Get Needed Care, Last 4 Weeks",By State,Wyoming,Wyoming,Apr 28 - May 10,05/10/2021,10.2
"Delayed Medical Care, Last 4 Weeks",By Age,United States,18 - 29 years,May 12 - May 24,05/24/2021,21.7
"Delayed Medical Care, Last 4 Weeks",By Age,United States,30 - 39 years,May 12 - May 24,05/24/2021,22.2
"Delayed Medical Care, Last 4 Weeks",By Age,United States,40 - 49 years,May 12 - May 24,05/24/2021,18.2
"Delayed Medical Care, Last 4 Weeks",By Age,United States,50 - 59 years,May 12 - May 24,05/24/2021,18.7
"Delayed Medical Care, Last 4 Weeks",By Age,United States,60 - 69 years,May 12 - May 24,05/24/2021,15.1
"Delayed Medical Care, Last 4 Weeks",By Age,United States,70 - 79 years,May 12 - May 24,05/24/2021,12.3
"Delayed Medical Care, Last 4 Weeks",By Age,United States,80 years and above,May 12 - May 24,05/24/2021,11.4
"Delayed Medical Care, Last 4 Weeks",By State,Alabama,Alabama,May 12 - May 24,05/24/2021,19.1
"Delayed Medical Care, Last 4 Weeks",By State,Alaska,Alaska,May 12 - May 24,05/24/2021,20.6
"Delayed Medical Care, Last 4 Weeks",By State,Arizona,Arizona,May 12 - May 24,05/24/2021,18.6
"Delayed Medical Care, Last 4 Weeks",By State,Arkansas,Arkansas,May 12 - May 24,05/24/2021,15.5
"Delayed Medical Care, Last 4 Weeks",By State,California,California,May 12 - May 24,05/24/2021,23.8
"Delayed Medical Care, Last 4 Weeks",By State,Colorado,Colorado,May 12 - May 24,05/24/2021,16
"Delayed Medical Care, Last 4 Weeks",By State,Connecticut,Connecticut,May 12 - May 24,05/24/2021,20.2
"Delayed Medical Care, Last 4 Weeks",By State,Delaware,Delaware,May 12 - May 24,05/24/2021,16.7
"Delayed Medical Care, Last 4 Weeks",By State,District of Columbia,District of Columbia,May 12 - May 24,05/24/2021,21.3
"Delayed Medical Care, Last 4 Weeks",By State,Florida,Florida,May 12 - May 24,05/24/2021,18.5
"Delayed Medical Care, Last 4 Weeks",By State,Georgia,Georgia,May 12 - May 24,05/24/2021,15.8
"Delayed Medical Care, Last 4 Weeks",By State,Hawaii,Hawaii,May 12 - May 24,05/24/2021,15.2
"Delayed Medical Care, Last 4 Weeks",By State,Idaho,Idaho,May 12 - May 24,05/24/2021,15.1
"Delayed Medical Care, Last 4 Weeks",By State,Illinois,Illinois,May 12 - May 24,05/24/2021,15.2
"Delayed Medical Care, Last 4 Weeks",By State,Indiana,Indiana,May 12 - May 24,05/24/2021,12.9
"Delayed Medical Care, Last 4 Weeks",By State,Iowa,Iowa,May 12 - May 24,05/24/2021,14.8
"Delayed Medical Care, Last 4 Weeks",By State,Kansas,Kansas,May 12 - May 24,05/24/2021,11.9
"Delayed Medical Care, Last 4 Weeks",By State,Kentucky,Kentucky,May 12 - May 24,05/24/2021,18.5
"Delayed Medical Care, Last 4 Weeks",By State,Louisiana,Louisiana,May 12 - May 24,05/24/2021,12.8
"Delayed Medical Care, Last 4 Weeks",By State,Maine,Maine,May 12 - May 24,05/24/2021,16.4
"Delayed Medical Care, Last 4 Weeks",By State,Maryland,Maryland,May 12 - May 24,05/24/2021,20.1
"Delayed Medical Care, Last 4 Weeks",By State,Massachusetts,Massachusetts,May 12 - May 24,05/24/2021,20.5
"Delayed Medical Care, Last 4 Weeks",By State,Michigan,Michigan,May 12 - May 24,05/24/2021,19.4
"Delayed Medical Care, Last 4 Weeks",By State,Minnesota,Minnesota,May 12 - May 24,05/24/2021,15.8
"Delayed Medical Care, Last 4 Weeks",By State,Mississippi,Mississippi,May 12 - May 24,05/24/2021,14.2
"Delayed Medical Care, Last 4 Weeks",By State,Missouri,Missouri,May 12 - May 24,05/24/2021,10.1
"Delayed Medical Care, Last 4 Weeks",By State,Montana,Montana,May 12 - May 24,05/24/2021,20.4
"Delayed Medical Care, Last 4 Weeks",By State,Nebraska,Nebraska,May 12 - May 24,05/24/2021,13.1
"Delayed Medical Care, Last 4 Weeks",By State,Nevada,Nevada,May 12 - May 24,05/24/2021,14.3
"Delayed Medical Care, Last 4 Weeks",By State,New Hampshire,New Hampshire,May 12 - May 24,05/24/2021,11.4
"Delayed Medical Care, Last 4 Weeks",By State,New Jersey,New Jersey,May 12 - May 24,05/24/2021,21.9
"Delayed Medical Care, Last 4 Weeks",By State,New Mexico,New Mexico,May 12 - May 24,05/24/2021,23.5
"Delayed Medical Care, Last 4 Weeks",By State,New York,New York,May 12 - May 24,05/24/2021,21.8
"Delayed Medical Care, Last 4 Weeks",By State,North Carolina,North Carolina,May 12 - May 24,05/24/2021,14.9
"Delayed Medical Care, Last 4 Weeks",By State,North Dakota,North Dakota,May 12 - May 24,05/24/2021,12.4
"Delayed Medical Care, Last 4 Weeks",By State,Ohio,Ohio,May 12 - May 24,05/24/2021,19
"Delayed Medical Care, Last 4 Weeks",By State,Oklahoma,Oklahoma,May 12 - May 24,05/24/2021,16.7
"Delayed Medical Care, Last 4 Weeks",By State,Oregon,Oregon,May 12 - May 24,05/24/2021,22.8
"Delayed Medical Care, Last 4 Weeks",By State,Pennsylvania,Pennsylvania,May 12 - May 24,05/24/2021,16.7
"Delayed Medical Care, Last 4 Weeks",By State,Rhode Island,Rhode Island,May 12 - May 24,05/24/2021,14.1
"Delayed Medical Care, Last 4 Weeks",By State,South Carolina,South Carolina,May 12 - May 24,05/24/2021,15.9
"Delayed Medical Care, Last 4 Weeks",By State,South Dakota,South Dakota,May 12 - May 24,05/24/2021,11.2
"Delayed Medical Care, Last 4 Weeks",By State,Tennessee,Tennessee,May 12 - May 24,05/24/2021,13.6
"Delayed Medical Care, Last 4 Weeks",By State,Texas,Texas,May 12 - May 24,05/24/2021,17.6
"Delayed Medical Care, Last 4 Weeks",By State,Utah,Utah,May 12 - May 24,05/24/2021,13.6
"Delayed Medical Care, Last 4 Weeks",By State,Vermont,Vermont,May 12 - May 24,05/24/2021,13.8
"Delayed Medical Care, Last 4 Weeks",By State,Virginia,Virginia,May 12 - May 24,05/24/2021,20.8
"Delayed Medical Care, Last 4 Weeks",By State,Washington,Washington,May 12 - May 24,05/24/2021,19
"Delayed Medical Care, Last 4 Weeks",By State,West Virginia,West Virginia,May 12 - May 24,05/24/2021,14.5
"Delayed Medical Care, Last 4 Weeks",By State,Wisconsin,Wisconsin,May 12 - May 24,05/24/2021,12.1
"Delayed Medical Care, Last 4 Weeks",By State,Wyoming,Wyoming,May 12 - May 24,05/24/2021,11
"Did Not Get Needed Care, Last 4 Weeks",By Age,United States,18 - 29 years,May 12 - May 24,05/24/2021,14.8
"Did Not Get Needed Care, Last 4 Weeks",By Age,United States,30 - 39 years,May 12 - May 24,05/24/2021,16.5
"Did Not Get Needed Care, Last 4 Weeks",By Age,United States,40 - 49 years,May 12 - May 24,05/24/2021,16.2
"Did Not Get Needed Care, Last 4 Weeks",By Age,United States,50 - 59 years,May 12 - May 24,05/24/2021,16.4
"Did Not Get Needed Care, Last 4 Weeks",By Age,United States,60 - 69 years,May 12 - May 24,05/24/2021,12.2
"Did Not Get Needed Care, Last 4 Weeks",By Age,United States,70 - 79 years,May 12 - May 24,05/24/2021,11.3
"Did Not Get Needed Care, Last 4 Weeks",By Age,United States,80 years and above,May 12 - May 24,05/24/2021,10.2
"Did Not Get Needed Care, Last 4 Weeks",By State,Alabama,Alabama,May 12 - May 24,05/24/2021,15.7
"Did Not Get Needed Care, Last 4 Weeks",By State,Alaska,Alaska,May 12 - May 24,05/24/2021,16.8
"Did Not Get Needed Care, Last 4 Weeks",By State,Arizona,Arizona,May 12 - May 24,05/24/2021,14.5
"Did Not Get Needed Care, Last 4 Weeks",By State,Arkansas,Arkansas,May 12 - May 24,05/24/2021,12.2
"Did Not Get Needed Care, Last 4 Weeks",By State,California,California,May 12 - May 24,05/24/2021,18.8
"Did Not Get Needed Care, Last 4 Weeks",By State,Colorado,Colorado,May 12 - May 24,05/24/2021,13.5
"Did Not Get Needed Care, Last 4 Weeks",By State,Connecticut,Connecticut,May 12 - May 24,05/24/2021,16.5
"Did Not Get Needed Care, Last 4 Weeks",By State,Delaware,Delaware,May 12 - May 24,05/24/2021,14.1
"Did Not Get Needed Care, Last 4 Weeks",By State,District of Columbia,District of Columbia,May 12 - May 24,05/24/2021,15
"Did Not Get Needed Care, Last 4 Weeks",By State,Florida,Florida,May 12 - May 24,05/24/2021,16.4
"Did Not Get Needed Care, Last 4 Weeks",By State,Georgia,Georgia,May 12 - May 24,05/24/2021,14
"Did Not Get Needed Care, Last 4 Weeks",By State,Hawaii,Hawaii,May 12 - May 24,05/24/2021,11
"Did Not Get Needed Care, Last 4 Weeks",By State,Idaho,Idaho,May 12 - May 24,05/24/2021,9.2
"Did Not Get Needed Care, Last 4 Weeks",By State,Illinois,Illinois,May 12 - May 24,05/24/2021,12.3
"Did Not Get Needed Care, Last 4 Weeks",By State,Indiana,Indiana,May 12 - May 24,05/24/2021,13.8
"Did Not Get Needed Care, Last 4 Weeks",By State,Iowa,Iowa,May 12 - May 24,05/24/2021,12.5
"Did Not Get Needed Care, Last 4 Weeks",By State,Kansas,Kansas,May 12 - May 24,05/24/2021,11
"Did Not Get Needed Care, Last 4 Weeks",By State,Kentucky,Kentucky,May 12 - May 24,05/24/2021,17.3
"Did Not Get Needed Care, Last 4 Weeks",By State,Louisiana,Louisiana,May 12 - May 24,05/24/2021,13.5
"Did Not Get Needed Care, Last 4 Weeks",By State,Maine,Maine,May 12 - May 24,05/24/2021,9.1
"Did Not Get Needed Care, Last 4 Weeks",By State,Maryland,Maryland,May 12 - May 24,05/24/2021,12.4
"Did Not Get Needed Care, Last 4 Weeks",By State,Massachusetts,Massachusetts,May 12 - May 24,05/24/2021,13.7
"Did Not Get Needed Care, Last 4 Weeks",By State,Michigan,Michigan,May 12 - May 24,05/24/2021,15
"Did Not Get Needed Care, Last 4 Weeks",By State,Minnesota,Minnesota,May 12 - May 24,05/24/2021,10.9
"Did Not Get Needed Care, Last 4 Weeks",By State,Mississippi,Mississippi,May 12 - May 24,05/24/2021,14.9
"Did Not Get Needed Care, Last 4 Weeks",By State,Missouri,Missouri,May 12 - May 24,05/24/2021,11.4
"Did Not Get Needed Care, Last 4 Weeks",By State,Montana,Montana,May 12 - May 24,05/24/2021,16.1
"Did Not Get Needed Care, Last 4 Weeks",By State,Nebraska,Nebraska,May 12 - May 24,05/24/2021,10.7
"Did Not Get Needed Care, Last 4 Weeks",By State,Nevada,Nevada,May 12 - May 24,05/24/2021,13.1
"Did Not Get Needed Care, Last 4 Weeks",By State,New Hampshire,New Hampshire,May 12 - May 24,05/24/2021,8
"Did Not Get Needed Care, Last 4 Weeks",By State,New Jersey,New Jersey,May 12 - May 24,05/24/2021,16
"Did Not Get Needed Care, Last 4 Weeks",By State,New Mexico,New Mexico,May 12 - May 24,05/24/2021,18.9
"Did Not Get Needed Care, Last 4 Weeks",By State,New York,New York,May 12 - May 24,05/24/2021,15.6
"Did Not Get Needed Care, Last 4 Weeks",By State,North Carolina,North Carolina,May 12 - May 24,05/24/2021,13.4
"Did Not Get Needed Care, Last 4 Weeks",By State,North Dakota,North Dakota,May 12 - May 24,05/24/2021,8.7
"Did Not Get Needed Care, Last 4 Weeks",By State,Ohio,Ohio,May 12 - May 24,05/24/2021,13.6
"Did Not Get Needed Care, Last 4 Weeks",By State,Oklahoma,Oklahoma,May 12 - May 24,05/24/2021,16.2
"Did Not Get Needed Care, Last 4 Weeks",By State,Oregon,Oregon,May 12 - May 24,05/24/2021,18.3
"Did Not Get Needed Care, Last 4 Weeks",By State,Pennsylvania,Pennsylvania,May 12 - May 24,05/24/2021,14.9
"Did Not Get Needed Care, Last 4 Weeks",By State,Rhode Island,Rhode Island,May 12 - May 24,05/24/2021,12.5
"Did Not Get Needed Care, Last 4 Weeks",By State,South Carolina,South Carolina,May 12 - May 24,05/24/2021,12
"Did Not Get Needed Care, Last 4 Weeks",By State,South Dakota,South Dakota,May 12 - May 24,05/24/2021,11.5
"Did Not Get Needed Care, Last 4 Weeks",By State,Tennessee,Tennessee,May 12 - May 24,05/24/2021,13.5
"Did Not Get Needed Care, Last 4 Weeks",By State,Texas,Texas,May 12 - May 24,05/24/2021,14.2
"Did Not Get Needed Care, Last 4 Weeks",By State,Utah,Utah,May 12 - May 24,05/24/2021,10.4
"Did Not Get Needed Care, Last 4 Weeks",By State,Vermont,Vermont,May 12 - May 24,05/24/2021,8.9
"Did Not Get Needed Care, Last 4 Weeks",By State,Virginia,Virginia,May 12 - May 24,05/24/2021,14.7
"Did Not Get Needed Care, Last 4 Weeks",By State,Washington,Washington,May 12 - May 24,05/24/2021,14.5
"Did Not Get Needed Care, Last 4 Weeks",By State,West Virginia,West Virginia,May 12 - May 24,05/24/2021,13.6
"Did Not Get Needed Care, Last 4 Weeks",By State,Wisconsin,Wisconsin,May 12 - May 24,05/24/2021,11
"Did Not Get Needed Care, Last 4 Weeks",By State,Wyoming,Wyoming,May 12 - May 24,05/24/2021,9.9
"Delayed Medical Care, Last 4 Weeks",By Age,United States,18 - 29 years,May 26 - Jun 7,06/07/2021,18
"Delayed Medical Care, Last 4 Weeks",By Age,United States,30 - 39 years,May 26 - Jun 7,06/07/2021,20.9
"Delayed Medical Care, Last 4 Weeks",By Age,United States,40 - 49 years,May 26 - Jun 7,06/07/2021,17
"Delayed Medical Care, Last 4 Weeks",By Age,United States,50 - 59 years,May 26 - Jun 7,06/07/2021,18.6
"Delayed Medical Care, Last 4 Weeks",By Age,United States,60 - 69 years,May 26 - Jun 7,06/07/2021,14.6
"Delayed Medical Care, Last 4 Weeks",By Age,United States,70 - 79 years,May 26 - Jun 7,06/07/2021,10.1
"Delayed Medical Care, Last 4 Weeks",By Age,United States,80 years and above,May 26 - Jun 7,06/07/2021,9
"Delayed Medical Care, Last 4 Weeks",By State,Alabama,Alabama,May 26 - Jun 7,06/07/2021,16.2
"Delayed Medical Care, Last 4 Weeks",By State,Alaska,Alaska,May 26 - Jun 7,06/07/2021,16.9
"Delayed Medical Care, Last 4 Weeks",By State,Arizona,Arizona,May 26 - Jun 7,06/07/2021,15.5
"Delayed Medical Care, Last 4 Weeks",By State,Arkansas,Arkansas,May 26 - Jun 7,06/07/2021,12.9
"Delayed Medical Care, Last 4 Weeks",By State,California,California,May 26 - Jun 7,06/07/2021,21.6
"Delayed Medical Care, Last 4 Weeks",By State,Colorado,Colorado,May 26 - Jun 7,06/07/2021,15.5
"Delayed Medical Care, Last 4 Weeks",By State,Connecticut,Connecticut,May 26 - Jun 7,06/07/2021,13.9
"Delayed Medical Care, Last 4 Weeks",By State,Delaware,Delaware,May 26 - Jun 7,06/07/2021,19.8
"Delayed Medical Care, Last 4 Weeks",By State,District of Columbia,District of Columbia,May 26 - Jun 7,06/07/2021,23.1
"Delayed Medical Care, Last 4 Weeks",By State,Florida,Florida,May 26 - Jun 7,06/07/2021,14.5
"Delayed Medical Care, Last 4 Weeks",By State,Georgia,Georgia,May 26 - Jun 7,06/07/2021,16.6
"Delayed Medical Care, Last 4 Weeks",By State,Hawaii,Hawaii,May 26 - Jun 7,06/07/2021,18.3
"Delayed Medical Care, Last 4 Weeks",By State,Idaho,Idaho,May 26 - Jun 7,06/07/2021,10.5
"Delayed Medical Care, Last 4 Weeks",By State,Illinois,Illinois,May 26 - Jun 7,06/07/2021,18.5
"Delayed Medical Care, Last 4 Weeks",By State,Indiana,Indiana,May 26 - Jun 7,06/07/2021,13.9
"Delayed Medical Care, Last 4 Weeks",By State,Iowa,Iowa,May 26 - Jun 7,06/07/2021,9
"Delayed Medical Care, Last 4 Weeks",By State,Kansas,Kansas,May 26 - Jun 7,06/07/2021,14.5
"Delayed Medical Care, Last 4 Weeks",By State,Kentucky,Kentucky,May 26 - Jun 7,06/07/2021,13.8
"Delayed Medical Care, Last 4 Weeks",By State,Louisiana,Louisiana,May 26 - Jun 7,06/07/2021,13.7
"Delayed Medical Care, Last 4 Weeks",By State,Maine,Maine,May 26 - Jun 7,06/07/2021,16.4
"Delayed Medical Care, Last 4 Weeks",By State,Maryland,Maryland,May 26 - Jun 7,06/07/2021,16.7
"Delayed Medical Care, Last 4 Weeks",By State,Massachusetts,Massachusetts,May 26 - Jun 7,06/07/2021,20.7
"Delayed Medical Care, Last 4 Weeks",By State,Michigan,Michigan,May 26 - Jun 7,06/07/2021,14
"Delayed Medical Care, Last 4 Weeks",By State,Minnesota,Minnesota,May 26 - Jun 7,06/07/2021,16.2
"Delayed Medical Care, Last 4 Weeks",By State,Mississippi,Mississippi,May 26 - Jun 7,06/07/2021,14
"Delayed Medical Care, Last 4 Weeks",By State,Missouri,Missouri,May 26 - Jun 7,06/07/2021,13
"Delayed Medical Care, Last 4 Weeks",By State,Montana,Montana,May 26 - Jun 7,06/07/2021,13
"Delayed Medical Care, Last 4 Weeks",By State,Nebraska,Nebraska,May 26 - Jun 7,06/07/2021,14.3
"Delayed Medical Care, Last 4 Weeks",By State,Nevada,Nevada,May 26 - Jun 7,06/07/2021,17.9
"Delayed Medical Care, Last 4 Weeks",By State,New Hampshire,New Hampshire,May 26 - Jun 7,06/07/2021,14.5
"Delayed Medical Care, Last 4 Weeks",By State,New Jersey,New Jersey,May 26 - Jun 7,06/07/2021,20.3
"Delayed Medical Care, Last 4 Weeks",By State,New Mexico,New Mexico,May 26 - Jun 7,06/07/2021,20.3
"Delayed Medical Care, Last 4 Weeks",By State,New York,New York,May 26 - Jun 7,06/07/2021,17.1
"Delayed Medical Care, Last 4 Weeks",By State,North Carolina,North Carolina,May 26 - Jun 7,06/07/2021,14.1
"Delayed Medical Care, Last 4 Weeks",By State,North Dakota,North Dakota,May 26 - Jun 7,06/07/2021,11.2
"Delayed Medical Care, Last 4 Weeks",By State,Ohio,Ohio,May 26 - Jun 7,06/07/2021,12.1
"Delayed Medical Care, Last 4 Weeks",By State,Oklahoma,Oklahoma,May 26 - Jun 7,06/07/2021,17.4
"Delayed Medical Care, Last 4 Weeks",By State,Oregon,Oregon,May 26 - Jun 7,06/07/2021,19.6
"Delayed Medical Care, Last 4 Weeks",By State,Pennsylvania,Pennsylvania,May 26 - Jun 7,06/07/2021,12.1
"Delayed Medical Care, Last 4 Weeks",By State,Rhode Island,Rhode Island,May 26 - Jun 7,06/07/2021,20.7
"Delayed Medical Care, Last 4 Weeks",By State,South Carolina,South Carolina,May 26 - Jun 7,06/07/2021,12.9
"Delayed Medical Care, Last 4 Weeks",By State,South Dakota,South Dakota,May 26 - Jun 7,06/07/2021,10
"Delayed Medical Care, Last 4 Weeks",By State,Tennessee,Tennessee,May 26 - Jun 7,06/07/2021,13
"Delayed Medical Care, Last 4 Weeks",By State,Texas,Texas,May 26 - Jun 7,06/07/2021,19.7
"Delayed Medical Care, Last 4 Weeks",By State,Utah,Utah,May 26 - Jun 7,06/07/2021,12.1
"Delayed Medical Care, Last 4 Weeks",By State,Vermont,Vermont,May 26 - Jun 7,06/07/2021,17.8
"Delayed Medical Care, Last 4 Weeks",By State,Virginia,Virginia,May 26 - Jun 7,06/07/2021,18.6
"Delayed Medical Care, Last 4 Weeks",By State,Washington,Washington,May 26 - Jun 7,06/07/2021,23.3
"Delayed Medical Care, Last 4 Weeks",By State,West Virginia,West Virginia,May 26 - Jun 7,06/07/2021,15
"Delayed Medical Care, Last 4 Weeks",By State,Wisconsin,Wisconsin,May 26 - Jun 7,06/07/2021,13.1
"Delayed Medical Care, Last 4 Weeks",By State,Wyoming,Wyoming,May 26 - Jun 7,06/07/2021,11.9
"Did Not Get Needed Care, Last 4 Weeks",By Age,United States,18 - 29 years,May 26 - Jun 7,06/07/2021,14.1
"Did Not Get Needed Care, Last 4 Weeks",By Age,United States,30 - 39 years,May 26 - Jun 7,06/07/2021,16.3
"Did Not Get Needed Care, Last 4 Weeks",By Age,United States,40 - 49 years,May 26 - Jun 7,06/07/2021,14.6
"Did Not Get Needed Care, Last 4 Weeks",By Age,United States,50 - 59 years,May 26 - Jun 7,06/07/2021,14.8
"Did Not Get Needed Care, Last 4 Weeks",By Age,United States,60 - 69 years,May 26 - Jun 7,06/07/2021,13
"Did Not Get Needed Care, Last 4 Weeks",By Age,United States,70 - 79 years,May 26 - Jun 7,06/07/2021,8.5
"Did Not Get Needed Care, Last 4 Weeks",By Age,United States,80 years and above,May 26 - Jun 7,06/07/2021,7.8
"Did Not Get Needed Care, Last 4 Weeks",By State,Alabama,Alabama,May 26 - Jun 7,06/07/2021,18.2
"Did Not Get Needed Care, Last 4 Weeks",By State,Alaska,Alaska,May 26 - Jun 7,06/07/2021,11.6
"Did Not Get Needed Care, Last 4 Weeks",By State,Arizona,Arizona,May 26 - Jun 7,06/07/2021,14.1
"Did Not Get Needed Care, Last 4 Weeks",By State,Arkansas,Arkansas,May 26 - Jun 7,06/07/2021,10.9
"Did Not Get Needed Care, Last 4 Weeks",By State,California,California,May 26 - Jun 7,06/07/2021,15.9
"Did Not Get Needed Care, Last 4 Weeks",By State,Colorado,Colorado,May 26 - Jun 7,06/07/2021,13.9
"Did Not Get Needed Care, Last 4 Weeks",By State,Connecticut,Connecticut,May 26 - Jun 7,06/07/2021,9.7
"Did Not Get Needed Care, Last 4 Weeks",By State,Delaware,Delaware,May 26 - Jun 7,06/07/2021,14.8
"Did Not Get Needed Care, Last 4 Weeks",By State,District of Columbia,District of Columbia,May 26 - Jun 7,06/07/2021,14.3
"Did Not Get Needed Care, Last 4 Weeks",By State,Florida,Florida,May 26 - Jun 7,06/07/2021,12.8
"Did Not Get Needed Care, Last 4 Weeks",By State,Georgia,Georgia,May 26 - Jun 7,06/07/2021,13.1
"Did Not Get Needed Care, Last 4 Weeks",By State,Hawaii,Hawaii,May 26 - Jun 7,06/07/2021,14.4
"Did Not Get Needed Care, Last 4 Weeks",By State,Idaho,Idaho,May 26 - Jun 7,06/07/2021,11.6
"Did Not Get Needed Care, Last 4 Weeks",By State,Illinois,Illinois,May 26 - Jun 7,06/07/2021,17.8
"Did Not Get Needed Care, Last 4 Weeks",By State,Indiana,Indiana,May 26 - Jun 7,06/07/2021,13.4
"Did Not Get Needed Care, Last 4 Weeks",By State,Iowa,Iowa,May 26 - Jun 7,06/07/2021,10.3
"Did Not Get Needed Care, Last 4 Weeks",By State,Kansas,Kansas,May 26 - Jun 7,06/07/2021,11.9
"Did Not Get Needed Care, Last 4 Weeks",By State,Kentucky,Kentucky,May 26 - Jun 7,06/07/2021,13
"Did Not Get Needed Care, Last 4 Weeks",By State,Louisiana,Louisiana,May 26 - Jun 7,06/07/2021,13.1
"Did Not Get Needed Care, Last 4 Weeks",By State,Maine,Maine,May 26 - Jun 7,06/07/2021,14.4
"Did Not Get Needed Care, Last 4 Weeks",By State,Maryland,Maryland,May 26 - Jun 7,06/07/2021,13.1
"Did Not Get Needed Care, Last 4 Weeks",By State,Massachusetts,Massachusetts,May 26 - Jun 7,06/07/2021,13.9
"Did Not Get Needed Care, Last 4 Weeks",By State,Michigan,Michigan,May 26 - Jun 7,06/07/2021,11.8
"Did Not Get Needed Care, Last 4 Weeks",By State,Minnesota,Minnesota,May 26 - Jun 7,06/07/2021,13.3
"Did Not Get Needed Care, Last 4 Weeks",By State,Mississippi,Mississippi,May 26 - Jun 7,06/07/2021,13.6
"Did Not Get Needed Care, Last 4 Weeks",By State,Missouri,Missouri,May 26 - Jun 7,06/07/2021,11
"Did Not Get Needed Care, Last 4 Weeks",By State,Montana,Montana,May 26 - Jun 7,06/07/2021,11.5
"Did Not Get Needed Care, Last 4 Weeks",By State,Nebraska,Nebraska,May 26 - Jun 7,06/07/2021,10.7
"Did Not Get Needed Care, Last 4 Weeks",By State,Nevada,Nevada,May 26 - Jun 7,06/07/2021,16.1
"Did Not Get Needed Care, Last 4 Weeks",By State,New Hampshire,New Hampshire,May 26 - Jun 7,06/07/2021,13.8
"Did Not Get Needed Care, Last 4 Weeks",By State,New Jersey,New Jersey,May 26 - Jun 7,06/07/2021,12.9
"Did Not Get Needed Care, Last 4 Weeks",By State,New Mexico,New Mexico,May 26 - Jun 7,06/07/2021,12.8
"Did Not Get Needed Care, Last 4 Weeks",By State,New York,New York,May 26 - Jun 7,06/07/2021,11.8
"Did Not Get Needed Care, Last 4 Weeks",By State,North Carolina,North Carolina,May 26 - Jun 7,06/07/2021,14.1
"Did Not Get Needed Care, Last 4 Weeks",By State,North Dakota,North Dakota,May 26 - Jun 7,06/07/2021,9.5
"Did Not Get Needed Care, Last 4 Weeks",By State,Ohio,Ohio,May 26 - Jun 7,06/07/2021,11
"Did Not Get Needed Care, Last 4 Weeks",By State,Oklahoma,Oklahoma,May 26 - Jun 7,06/07/2021,15.7
"Did Not Get Needed Care, Last 4 Weeks",By State,Oregon,Oregon,May 26 - Jun 7,06/07/2021,15.2
"Did Not Get Needed Care, Last 4 Weeks",By State,Pennsylvania,Pennsylvania,May 26 - Jun 7,06/07/2021,8.7
"Did Not Get Needed Care, Last 4 Weeks",By State,Rhode Island,Rhode Island,May 26 - Jun 7,06/07/2021,9.5
"Did Not Get Needed Care, Last 4 Weeks",By State,South Carolina,South Carolina,May 26 - Jun 7,06/07/2021,12.9
"Did Not Get Needed Care, Last 4 Weeks",By State,South Dakota,South Dakota,May 26 - Jun 7,06/07/2021,8.9
"Did Not Get Needed Care, Last 4 Weeks",By State,Tennessee,Tennessee,May 26 - Jun 7,06/07/2021,12
"Did Not Get Needed Care, Last 4 Weeks",By State,Texas,Texas,May 26 - Jun 7,06/07/2021,17.1
"Did Not Get Needed Care, Last 4 Weeks",By State,Utah,Utah,May 26 - Jun 7,06/07/2021,10.9
"Did Not Get Needed Care, Last 4 Weeks",By State,Vermont,Vermont,May 26 - Jun 7,06/07/2021,13.1
"Did Not Get Needed Care, Last 4 Weeks",By State,Virginia,Virginia,May 26 - Jun 7,06/07/2021,13.3
"Did Not Get Needed Care, Last 4 Weeks",By State,Washington,Washington,May 26 - Jun 7,06/07/2021,18.5
"Did Not Get Needed Care, Last 4 Weeks",By State,West Virginia,West Virginia,May 26 - Jun 7,06/07/2021,13.6
"Did Not Get Needed Care, Last 4 Weeks",By State,Wisconsin,Wisconsin,May 26 - Jun 7,06/07/2021,10.2
"Did Not Get Needed Care, Last 4 Weeks",By State,Wyoming,Wyoming,May 26 - Jun 7,06/07/2021,11.6
"Delayed Medical Care, Last 4 Weeks",By Age,United States,18 - 29 years,Jun 9 - Jun 21,06/21/2021,20.5
"Delayed Medical Care, Last 4 Weeks",By Age,United States,30 - 39 years,Jun 9 - Jun 21,06/21/2021,19.7
"Delayed Medical Care, Last 4 Weeks",By Age,United States,40 - 49 years,Jun 9 - Jun 21,06/21/2021,18.8
"Delayed Medical Care, Last 4 Weeks",By Age,United States,50 - 59 years,Jun 9 - Jun 21,06/21/2021,16.3
"Delayed Medical Care, Last 4 Weeks",By Age,United States,60 - 69 years,Jun 9 - Jun 21,06/21/2021,12.5
"Delayed Medical Care, Last 4 Weeks",By Age,United States,70 - 79 years,Jun 9 - Jun 21,06/21/2021,8.5
"Delayed Medical Care, Last 4 Weeks",By Age,United States,80 years and above,Jun 9 - Jun 21,06/21/2021,7.1
"Delayed Medical Care, Last 4 Weeks",By State,Alabama,Alabama,Jun 9 - Jun 21,06/21/2021,18.9
"Delayed Medical Care, Last 4 Weeks",By State,Alaska,Alaska,Jun 9 - Jun 21,06/21/2021,19.8
"Delayed Medical Care, Last 4 Weeks",By State,Arizona,Arizona,Jun 9 - Jun 21,06/21/2021,18.9
"Delayed Medical Care, Last 4 Weeks",By State,Arkansas,Arkansas,Jun 9 - Jun 21,06/21/2021,10.3
"Delayed Medical Care, Last 4 Weeks",By State,California,California,Jun 9 - Jun 21,06/21/2021,21.1
"Delayed Medical Care, Last 4 Weeks",By State,Colorado,Colorado,Jun 9 - Jun 21,06/21/2021,17
"Delayed Medical Care, Last 4 Weeks",By State,Connecticut,Connecticut,Jun 9 - Jun 21,06/21/2021,14.2
"Delayed Medical Care, Last 4 Weeks",By State,Delaware,Delaware,Jun 9 - Jun 21,06/21/2021,18.1
"Delayed Medical Care, Last 4 Weeks",By State,District of Columbia,District of Columbia,Jun 9 - Jun 21,06/21/2021,18.1
"Delayed Medical Care, Last 4 Weeks",By State,Florida,Florida,Jun 9 - Jun 21,06/21/2021,15
"Delayed Medical Care, Last 4 Weeks",By State,Georgia,Georgia,Jun 9 - Jun 21,06/21/2021,15.3
"Delayed Medical Care, Last 4 Weeks",By State,Hawaii,Hawaii,Jun 9 - Jun 21,06/21/2021,12.7
"Delayed Medical Care, Last 4 Weeks",By State,Idaho,Idaho,Jun 9 - Jun 21,06/21/2021,12.6
"Delayed Medical Care, Last 4 Weeks",By State,Illinois,Illinois,Jun 9 - Jun 21,06/21/2021,15.5
"Delayed Medical Care, Last 4 Weeks",By State,Indiana,Indiana,Jun 9 - Jun 21,06/21/2021,13.2
"Delayed Medical Care, Last 4 Weeks",By State,Iowa,Iowa,Jun 9 - Jun 21,06/21/2021,10.7
"Delayed Medical Care, Last 4 Weeks",By State,Kansas,Kansas,Jun 9 - Jun 21,06/21/2021,14.8
"Delayed Medical Care, Last 4 Weeks",By State,Kentucky,Kentucky,Jun 9 - Jun 21,06/21/2021,16.2
"Delayed Medical Care, Last 4 Weeks",By State,Louisiana,Louisiana,Jun 9 - Jun 21,06/21/2021,10.5
"Delayed Medical Care, Last 4 Weeks",By State,Maine,Maine,Jun 9 - Jun 21,06/21/2021,15.5
"Delayed Medical Care, Last 4 Weeks",By State,Maryland,Maryland,Jun 9 - Jun 21,06/21/2021,15.7
"Delayed Medical Care, Last 4 Weeks",By State,Massachusetts,Massachusetts,Jun 9 - Jun 21,06/21/2021,14.2
"Delayed Medical Care, Last 4 Weeks",By State,Michigan,Michigan,Jun 9 - Jun 21,06/21/2021,13.9
"Delayed Medical Care, Last 4 Weeks",By State,Minnesota,Minnesota,Jun 9 - Jun 21,06/21/2021,16
"Delayed Medical Care, Last 4 Weeks",By State,Mississippi,Mississippi,Jun 9 - Jun 21,06/21/2021,13.4
"Delayed Medical Care, Last 4 Weeks",By State,Missouri,Missouri,Jun 9 - Jun 21,06/21/2021,15.9
"Delayed Medical Care, Last 4 Weeks",By State,New York,New York,Jun 9 - Jun 21,06/21/2021,19.2
"Delayed Medical Care, Last 4 Weeks",By State,North Carolina,North Carolina,Jun 9 - Jun 21,06/21/2021,17.5
"Delayed Medical Care, Last 4 Weeks",By State,North Dakota,North Dakota,Jun 9 - Jun 21,06/21/2021,17.5
"Delayed Medical Care, Last 4 Weeks",By State,Ohio,Ohio,Jun 9 - Jun 21,06/21/2021,12.5
"Delayed Medical Care, Last 4 Weeks",By State,Oklahoma,Oklahoma,Jun 9 - Jun 21,06/21/2021,17.4
"Delayed Medical Care, Last 4 Weeks",By State,Oregon,Oregon,Jun 9 - Jun 21,06/21/2021,18.6
"Delayed Medical Care, Last 4 Weeks",By State,Pennsylvania,Pennsylvania,Jun 9 - Jun 21,06/21/2021,13
"Delayed Medical Care, Last 4 Weeks",By State,Rhode Island,Rhode Island,Jun 9 - Jun 21,06/21/2021,21
"Delayed Medical Care, Last 4 Weeks",By State,South Carolina,South Carolina,Jun 9 - Jun 21,06/21/2021,15.6
"Delayed Medical Care, Last 4 Weeks",By State,South Dakota,South Dakota,Jun 9 - Jun 21,06/21/2021,11.8
"Delayed Medical Care, Last 4 Weeks",By State,Tennessee,Tennessee,Jun 9 - Jun 21,06/21/2021,14.2
"Delayed Medical Care, Last 4 Weeks",By State,Texas,Texas,Jun 9 - Jun 21,06/21/2021,15.3
"Delayed Medical Care, Last 4 Weeks",By State,Utah,Utah,Jun 9 - Jun 21,06/21/2021,13
"Delayed Medical Care, Last 4 Weeks",By State,Vermont,Vermont,Jun 9 - Jun 21,06/21/2021,11
"Delayed Medical Care, Last 4 Weeks",By State,Virginia,Virginia,Jun 9 - Jun 21,06/21/2021,14.5
"Delayed Medical Care, Last 4 Weeks",By State,Washington,Washington,Jun 9 - Jun 21,06/21/2021,19.7
"Delayed Medical Care, Last 4 Weeks",By State,West Virginia,West Virginia,Jun 9 - Jun 21,06/21/2021,17.1
"Delayed Medical Care, Last 4 Weeks",By State,Wisconsin,Wisconsin,Jun 9 - Jun 21,06/21/2021,10.5
"Delayed Medical Care, Last 4 Weeks",By State,Wyoming,Wyoming,Jun 9 - Jun 21,06/21/2021,14
"Did Not Get Needed Care, Last 4 Weeks",By Age,United States,18 - 29 years,Jun 9 - Jun 21,06/21/2021,15.1
"Did Not Get Needed Care, Last 4 Weeks",By Age,United States,30 - 39 years,Jun 9 - Jun 21,06/21/2021,15.3
"Did Not Get Needed Care, Last 4 Weeks",By Age,United States,40 - 49 years,Jun 9 - Jun 21,06/21/2021,15.6
"Did Not Get Needed Care, Last 4 Weeks",By Age,United States,50 - 59 years,Jun 9 - Jun 21,06/21/2021,14.2
"Did Not Get Needed Care, Last 4 Weeks",By Age,United States,60 - 69 years,Jun 9 - Jun 21,06/21/2021,11.7
"Did Not Get Needed Care, Last 4 Weeks",By Age,United States,70 - 79 years,Jun 9 - Jun 21,06/21/2021,8.1
"Did Not Get Needed Care, Last 4 Weeks",By Age,United States,80 years and above,Jun 9 - Jun 21,06/21/2021,4.6
"Did Not Get Needed Care, Last 4 Weeks",By State,Alabama,Alabama,Jun 9 - Jun 21,06/21/2021,13.6
"Did Not Get Needed Care, Last 4 Weeks",By State,Alaska,Alaska,Jun 9 - Jun 21,06/21/2021,15.8
"Did Not Get Needed Care, Last 4 Weeks",By State,Arizona,Arizona,Jun 9 - Jun 21,06/21/2021,14.1
"Did Not Get Needed Care, Last 4 Weeks",By State,Arkansas,Arkansas,Jun 9 - Jun 21,06/21/2021,9.2
"Did Not Get Needed Care, Last 4 Weeks",By State,California,California,Jun 9 - Jun 21,06/21/2021,17.8
"Did Not Get Needed Care, Last 4 Weeks",By State,Colorado,Colorado,Jun 9 - Jun 21,06/21/2021,14.6
"Did Not Get Needed Care, Last 4 Weeks",By State,Connecticut,Connecticut,Jun 9 - Jun 21,06/21/2021,12.2
"Did Not Get Needed Care, Last 4 Weeks",By State,Delaware,Delaware,Jun 9 - Jun 21,06/21/2021,14.2
"Did Not Get Needed Care, Last 4 Weeks",By State,District of Columbia,District of Columbia,Jun 9 - Jun 21,06/21/2021,11.8
"Did Not Get Needed Care, Last 4 Weeks",By State,Florida,Florida,Jun 9 - Jun 21,06/21/2021,12.8
"Did Not Get Needed Care, Last 4 Weeks",By State,Georgia,Georgia,Jun 9 - Jun 21,06/21/2021,13.4
"Did Not Get Needed Care, Last 4 Weeks",By State,Hawaii,Hawaii,Jun 9 - Jun 21,06/21/2021,15.1
"Did Not Get Needed Care, Last 4 Weeks",By State,Idaho,Idaho,Jun 9 - Jun 21,06/21/2021,11.1
"Did Not Get Needed Care, Last 4 Weeks",By State,Illinois,Illinois,Jun 9 - Jun 21,06/21/2021,13.9
"Did Not Get Needed Care, Last 4 Weeks",By State,Indiana,Indiana,Jun 9 - Jun 21,06/21/2021,11.8
"Did Not Get Needed Care, Last 4 Weeks",By State,Iowa,Iowa,Jun 9 - Jun 21,06/21/2021,12.2
"Did Not Get Needed Care, Last 4 Weeks",By State,Kansas,Kansas,Jun 9 - Jun 21,06/21/2021,10.1
"Did Not Get Needed Care, Last 4 Weeks",By State,Kentucky,Kentucky,Jun 9 - Jun 21,06/21/2021,13.4
"Did Not Get Needed Care, Last 4 Weeks",By State,Louisiana,Louisiana,Jun 9 - Jun 21,06/21/2021,11.8
"Did Not Get Needed Care, Last 4 Weeks",By State,Maine,Maine,Jun 9 - Jun 21,06/21/2021,12.2
"Did Not Get Needed Care, Last 4 Weeks",By State,Maryland,Maryland,Jun 9 - Jun 21,06/21/2021,14.2
"Did Not Get Needed Care, Last 4 Weeks",By State,Massachusetts,Massachusetts,Jun 9 - Jun 21,06/21/2021,12.1
"Did Not Get Needed Care, Last 4 Weeks",By State,Michigan,Michigan,Jun 9 - Jun 21,06/21/2021,10.5
"Did Not Get Needed Care, Last 4 Weeks",By State,Minnesota,Minnesota,Jun 9 - Jun 21,06/21/2021,12.1
"Did Not Get Needed Care, Last 4 Weeks",By State,Mississippi,Mississippi,Jun 9 - Jun 21,06/21/2021,14.9
"Did Not Get Needed Care, Last 4 Weeks",By State,Missouri,Missouri,Jun 9 - Jun 21,06/21/2021,11.3
"Did Not Get Needed Care, Last 4 Weeks",By State,Montana,Montana,Jun 9 - Jun 21,06/21/2021,14.3
"Did Not Get Needed Care, Last 4 Weeks",By State,Nebraska,Nebraska,Jun 9 - Jun 21,06/21/2021,9
"Did Not Get Needed Care, Last 4 Weeks",By State,Nevada,Nevada,Jun 9 - Jun 21,06/21/2021,13.5
"Did Not Get Needed Care, Last 4 Weeks",By State,New Hampshire,New Hampshire,Jun 9 - Jun 21,06/21/2021,10.8
"Did Not Get Needed Care, Last 4 Weeks",By State,New Jersey,New Jersey,Jun 9 - Jun 21,06/21/2021,13
"Did Not Get Needed Care, Last 4 Weeks",By State,New Mexico,New Mexico,Jun 9 - Jun 21,06/21/2021,18.3
"Did Not Get Needed Care, Last 4 Weeks",By State,New York,New York,Jun 9 - Jun 21,06/21/2021,13.9
"Did Not Get Needed Care, Last 4 Weeks",By State,North Carolina,North Carolina,Jun 9 - Jun 21,06/21/2021,13.7
"Did Not Get Needed Care, Last 4 Weeks",By State,North Dakota,North Dakota,Jun 9 - Jun 21,06/21/2021,13.5
"Did Not Get Needed Care, Last 4 Weeks",By State,Ohio,Ohio,Jun 9 - Jun 21,06/21/2021,9.9
"Did Not Get Needed Care, Last 4 Weeks",By State,Oklahoma,Oklahoma,Jun 9 - Jun 21,06/21/2021,12.1
"Did Not Get Needed Care, Last 4 Weeks",By State,Oregon,Oregon,Jun 9 - Jun 21,06/21/2021,16.9
"Did Not Get Needed Care, Last 4 Weeks",By State,Pennsylvania,Pennsylvania,Jun 9 - Jun 21,06/21/2021,13.1
"Did Not Get Needed Care, Last 4 Weeks",By State,Rhode Island,Rhode Island,Jun 9 - Jun 21,06/21/2021,14.4
"Did Not Get Needed Care, Last 4 Weeks",By State,South Carolina,South Carolina,Jun 9 - Jun 21,06/21/2021,13.1
"Did Not Get Needed Care, Last 4 Weeks",By State,South Dakota,South Dakota,Jun 9 - Jun 21,06/21/2021,8.1
"Did Not Get Needed Care, Last 4 Weeks",By State,Tennessee,Tennessee,Jun 9 - Jun 21,06/21/2021,12.4
"Did Not Get Needed Care, Last 4 Weeks",By State,Texas,Texas,Jun 9 - Jun 21,06/21/2021,12.8
"Did Not Get Needed Care, Last 4 Weeks",By State,Utah,Utah,Jun 9 - Jun 21,06/21/2021,12.1
"Did Not Get Needed Care, Last 4 Weeks",By State,Vermont,Vermont,Jun 9 - Jun 21,06/21/2021,13.1
"Did Not Get Needed Care, Last 4 Weeks",By State,Virginia,Virginia,Jun 9 - Jun 21,06/21/2021,12.2
"Did Not Get Needed Care, Last 4 Weeks",By State,Washington,Washington,Jun 9 - Jun 21,06/21/2021,13.7
"Did Not Get Needed Care, Last 4 Weeks",By State,West Virginia,West Virginia,Jun 9 - Jun 21,06/21/2021,16.1
"Did Not Get Needed Care, Last 4 Weeks",By State,Wisconsin,Wisconsin,Jun 9 - Jun 21,06/21/2021,8.5
"Did Not Get Needed Care, Last 4 Weeks",By State,Wyoming,Wyoming,Jun 9 - Jun 21,06/21/2021,11.5
"Delayed Medical Care, Last 4 Weeks",By Age,United States,18 - 29 years,Jun 23 - Jul 5,07/05/2021,20.2
"Delayed Medical Care, Last 4 Weeks",By Age,United States,30 - 39 years,Jun 23 - Jul 5,07/05/2021,17.7
"Delayed Medical Care, Last 4 Weeks",By Age,United States,40 - 49 years,Jun 23 - Jul 5,07/05/2021,16.9
"Delayed Medical Care, Last 4 Weeks",By Age,United States,50 - 59 years,Jun 23 - Jul 5,07/05/2021,14.4
"Delayed Medical Care, Last 4 Weeks",By Age,United States,60 - 69 years,Jun 23 - Jul 5,07/05/2021,11.3
"Delayed Medical Care, Last 4 Weeks",By Age,United States,70 - 79 years,Jun 23 - Jul 5,07/05/2021,7.6
"Delayed Medical Care, Last 4 Weeks",By Age,United States,80 years and above,Jun 23 - Jul 5,07/05/2021,6.4
"Delayed Medical Care, Last 4 Weeks",By State,New Hampshire,New Hampshire,Jun 23 - Jul 5,07/05/2021,14.7
"Delayed Medical Care, Last 4 Weeks",By State,Alabama,Alabama,Jun 23 - Jul 5,07/05/2021,13.4
"Delayed Medical Care, Last 4 Weeks",By State,Alaska,Alaska,Jun 23 - Jul 5,07/05/2021,13.2
"Delayed Medical Care, Last 4 Weeks",By State,Arizona,Arizona,Jun 23 - Jul 5,07/05/2021,16.9
"Delayed Medical Care, Last 4 Weeks",By State,Arkansas,Arkansas,Jun 23 - Jul 5,07/05/2021,14.9
"Delayed Medical Care, Last 4 Weeks",By State,California,California,Jun 23 - Jul 5,07/05/2021,18.5
"Delayed Medical Care, Last 4 Weeks",By State,Colorado,Colorado,Jun 23 - Jul 5,07/05/2021,15
"Delayed Medical Care, Last 4 Weeks",By State,Connecticut,Connecticut,Jun 23 - Jul 5,07/05/2021,10.9
"Delayed Medical Care, Last 4 Weeks",By State,Delaware,Delaware,Jun 23 - Jul 5,07/05/2021,17.7
"Delayed Medical Care, Last 4 Weeks",By State,District of Columbia,District of Columbia,Jun 23 - Jul 5,07/05/2021,20.2
"Delayed Medical Care, Last 4 Weeks",By State,Florida,Florida,Jun 23 - Jul 5,07/05/2021,12.1
"Delayed Medical Care, Last 4 Weeks",By State,Georgia,Georgia,Jun 23 - Jul 5,07/05/2021,15.6
"Delayed Medical Care, Last 4 Weeks",By State,Hawaii,Hawaii,Jun 23 - Jul 5,07/05/2021,16.2
"Delayed Medical Care, Last 4 Weeks",By State,Idaho,Idaho,Jun 23 - Jul 5,07/05/2021,10.7
"Delayed Medical Care, Last 4 Weeks",By State,Illinois,Illinois,Jun 23 - Jul 5,07/05/2021,12
"Delayed Medical Care, Last 4 Weeks",By State,Indiana,Indiana,Jun 23 - Jul 5,07/05/2021,12.8
"Delayed Medical Care, Last 4 Weeks",By State,Iowa,Iowa,Jun 23 - Jul 5,07/05/2021,10.6
"Delayed Medical Care, Last 4 Weeks",By State,Kansas,Kansas,Jun 23 - Jul 5,07/05/2021,9.9
"Delayed Medical Care, Last 4 Weeks",By State,Kentucky,Kentucky,Jun 23 - Jul 5,07/05/2021,11.1
"Delayed Medical Care, Last 4 Weeks",By State,Louisiana,Louisiana,Jun 23 - Jul 5,07/05/2021,13.4
"Delayed Medical Care, Last 4 Weeks",By State,Maine,Maine,Jun 23 - Jul 5,07/05/2021,13.4
"Delayed Medical Care, Last 4 Weeks",By State,Maryland,Maryland,Jun 23 - Jul 5,07/05/2021,18.2
"Delayed Medical Care, Last 4 Weeks",By State,Massachusetts,Massachusetts,Jun 23 - Jul 5,07/05/2021,15.4
"Delayed Medical Care, Last 4 Weeks",By State,Michigan,Michigan,Jun 23 - Jul 5,07/05/2021,14.9
"Delayed Medical Care, Last 4 Weeks",By State,Minnesota,Minnesota,Jun 23 - Jul 5,07/05/2021,11.1
"Delayed Medical Care, Last 4 Weeks",By State,Mississippi,Mississippi,Jun 23 - Jul 5,07/05/2021,11.4
"Delayed Medical Care, Last 4 Weeks",By State,Missouri,Missouri,Jun 23 - Jul 5,07/05/2021,11.9
"Delayed Medical Care, Last 4 Weeks",By State,Montana,Montana,Jun 23 - Jul 5,07/05/2021,10.8
"Delayed Medical Care, Last 4 Weeks",By State,Nebraska,Nebraska,Jun 23 - Jul 5,07/05/2021,12.4
"Delayed Medical Care, Last 4 Weeks",By State,Nevada,Nevada,Jun 23 - Jul 5,07/05/2021,17.8
"Delayed Medical Care, Last 4 Weeks",By State,New Jersey,New Jersey,Jun 23 - Jul 5,07/05/2021,15.9
"Delayed Medical Care, Last 4 Weeks",By State,New Mexico,New Mexico,Jun 23 - Jul 5,07/05/2021,24
"Delayed Medical Care, Last 4 Weeks",By State,New York,New York,Jun 23 - Jul 5,07/05/2021,12.6
"Delayed Medical Care, Last 4 Weeks",By State,North Carolina,North Carolina,Jun 23 - Jul 5,07/05/2021,13.4
"Delayed Medical Care, Last 4 Weeks",By State,North Dakota,North Dakota,Jun 23 - Jul 5,07/05/2021,13.4
"Delayed Medical Care, Last 4 Weeks",By State,Ohio,Ohio,Jun 23 - Jul 5,07/05/2021,15.4
"Delayed Medical Care, Last 4 Weeks",By State,Oklahoma,Oklahoma,Jun 23 - Jul 5,07/05/2021,14.6
"Delayed Medical Care, Last 4 Weeks",By State,Oregon,Oregon,Jun 23 - Jul 5,07/05/2021,22.7
"Delayed Medical Care, Last 4 Weeks",By State,Pennsylvania,Pennsylvania,Jun 23 - Jul 5,07/05/2021,14.8
"Delayed Medical Care, Last 4 Weeks",By State,Rhode Island,Rhode Island,Jun 23 - Jul 5,07/05/2021,12.5
"Delayed Medical Care, Last 4 Weeks",By State,South Carolina,South Carolina,Jun 23 - Jul 5,07/05/2021,8.8
"Delayed Medical Care, Last 4 Weeks",By State,South Dakota,South Dakota,Jun 23 - Jul 5,07/05/2021,9.1
"Delayed Medical Care, Last 4 Weeks",By State,Tennessee,Tennessee,Jun 23 - Jul 5,07/05/2021,14.5
"Delayed Medical Care, Last 4 Weeks",By State,Texas,Texas,Jun 23 - Jul 5,07/05/2021,16.4
"Delayed Medical Care, Last 4 Weeks",By State,Utah,Utah,Jun 23 - Jul 5,07/05/2021,10.6
"Delayed Medical Care, Last 4 Weeks",By State,Vermont,Vermont,Jun 23 - Jul 5,07/05/2021,13.2
"Delayed Medical Care, Last 4 Weeks",By State,Virginia,Virginia,Jun 23 - Jul 5,07/05/2021,14.3
"Delayed Medical Care, Last 4 Weeks",By State,Washington,Washington,Jun 23 - Jul 5,07/05/2021,17.1
"Delayed Medical Care, Last 4 Weeks",By State,West Virginia,West Virginia,Jun 23 - Jul 5,07/05/2021,13.9
"Delayed Medical Care, Last 4 Weeks",By State,Wisconsin,Wisconsin,Jun 23 - Jul 5,07/05/2021,8.5
"Delayed Medical Care, Last 4 Weeks",By State,Wyoming,Wyoming,Jun 23 - Jul 5,07/05/2021,9.3
"Did Not Get Needed Care, Last 4 Weeks",By Age,United States,18 - 29 years,Jun 23 - Jul 5,07/05/2021,15.9
"Did Not Get Needed Care, Last 4 Weeks",By Age,United States,30 - 39 years,Jun 23 - Jul 5,07/05/2021,15.2
"Did Not Get Needed Care, Last 4 Weeks",By Age,United States,40 - 49 years,Jun 23 - Jul 5,07/05/2021,14.4
"Did Not Get Needed Care, Last 4 Weeks",By Age,United States,50 - 59 years,Jun 23 - Jul 5,07/05/2021,13.8
"Did Not Get Needed Care, Last 4 Weeks",By Age,United States,60 - 69 years,Jun 23 - Jul 5,07/05/2021,10.2
"Did Not Get Needed Care, Last 4 Weeks",By Age,United States,70 - 79 years,Jun 23 - Jul 5,07/05/2021,7.7
"Did Not Get Needed Care, Last 4 Weeks",By Age,United States,80 years and above,Jun 23 - Jul 5,07/05/2021,9.1
"Did Not Get Needed Care, Last 4 Weeks",By State,Alabama,Alabama,Jun 23 - Jul 5,07/05/2021,13.4
"Did Not Get Needed Care, Last 4 Weeks",By State,Alaska,Alaska,Jun 23 - Jul 5,07/05/2021,11.2
"Did Not Get Needed Care, Last 4 Weeks",By State,Arizona,Arizona,Jun 23 - Jul 5,07/05/2021,13.9
"Did Not Get Needed Care, Last 4 Weeks",By State,Arkansas,Arkansas,Jun 23 - Jul 5,07/05/2021,11.9
"Did Not Get Needed Care, Last 4 Weeks",By State,California,California,Jun 23 - Jul 5,07/05/2021,15.9
"Did Not Get Needed Care, Last 4 Weeks",By State,Colorado,Colorado,Jun 23 - Jul 5,07/05/2021,13.5
"Did Not Get Needed Care, Last 4 Weeks",By State,Connecticut,Connecticut,Jun 23 - Jul 5,07/05/2021,9.4
"Did Not Get Needed Care, Last 4 Weeks",By State,Delaware,Delaware,Jun 23 - Jul 5,07/05/2021,13.4
"Did Not Get Needed Care, Last 4 Weeks",By State,District of Columbia,District of Columbia,Jun 23 - Jul 5,07/05/2021,12.4
"Did Not Get Needed Care, Last 4 Weeks",By State,Florida,Florida,Jun 23 - Jul 5,07/05/2021,10.7
"Did Not Get Needed Care, Last 4 Weeks",By State,Georgia,Georgia,Jun 23 - Jul 5,07/05/2021,11.6
"Did Not Get Needed Care, Last 4 Weeks",By State,Hawaii,Hawaii,Jun 23 - Jul 5,07/05/2021,10.6
"Did Not Get Needed Care, Last 4 Weeks",By State,Idaho,Idaho,Jun 23 - Jul 5,07/05/2021,10.5
"Did Not Get Needed Care, Last 4 Weeks",By State,Illinois,Illinois,Jun 23 - Jul 5,07/05/2021,10.9
"Did Not Get Needed Care, Last 4 Weeks",By State,Indiana,Indiana,Jun 23 - Jul 5,07/05/2021,10.8
"Did Not Get Needed Care, Last 4 Weeks",By State,Iowa,Iowa,Jun 23 - Jul 5,07/05/2021,8.2
"Did Not Get Needed Care, Last 4 Weeks",By State,Kansas,Kansas,Jun 23 - Jul 5,07/05/2021,8.7
"Did Not Get Needed Care, Last 4 Weeks",By State,Kentucky,Kentucky,Jun 23 - Jul 5,07/05/2021,8.6
"Did Not Get Needed Care, Last 4 Weeks",By State,Louisiana,Louisiana,Jun 23 - Jul 5,07/05/2021,14.2
"Did Not Get Needed Care, Last 4 Weeks",By State,Maine,Maine,Jun 23 - Jul 5,07/05/2021,11.2
"Did Not Get Needed Care, Last 4 Weeks",By State,Maryland,Maryland,Jun 23 - Jul 5,07/05/2021,15.1
"Did Not Get Needed Care, Last 4 Weeks",By State,Massachusetts,Massachusetts,Jun 23 - Jul 5,07/05/2021,10.4
"Did Not Get Needed Care, Last 4 Weeks",By State,Michigan,Michigan,Jun 23 - Jul 5,07/05/2021,13
"Did Not Get Needed Care, Last 4 Weeks",By State,Minnesota,Minnesota,Jun 23 - Jul 5,07/05/2021,8.1
"Did Not Get Needed Care, Last 4 Weeks",By State,Mississippi,Mississippi,Jun 23 - Jul 5,07/05/2021,14.6
"Did Not Get Needed Care, Last 4 Weeks",By State,Missouri,Missouri,Jun 23 - Jul 5,07/05/2021,10.7
"Did Not Get Needed Care, Last 4 Weeks",By State,Montana,Montana,Jun 23 - Jul 5,07/05/2021,10.2
"Did Not Get Needed Care, Last 4 Weeks",By State,Nebraska,Nebraska,Jun 23 - Jul 5,07/05/2021,8.8
"Did Not Get Needed Care, Last 4 Weeks",By State,Nevada,Nevada,Jun 23 - Jul 5,07/05/2021,13.3
"Did Not Get Needed Care, Last 4 Weeks",By State,New Hampshire,New Hampshire,Jun 23 - Jul 5,07/05/2021,14
"Did Not Get Needed Care, Last 4 Weeks",By State,New Jersey,New Jersey,Jun 23 - Jul 5,07/05/2021,12.2
"Did Not Get Needed Care, Last 4 Weeks",By State,New Mexico,New Mexico,Jun 23 - Jul 5,07/05/2021,20.1
"Did Not Get Needed Care, Last 4 Weeks",By State,New York,New York,Jun 23 - Jul 5,07/05/2021,13.3
"Did Not Get Needed Care, Last 4 Weeks",By State,North Carolina,North Carolina,Jun 23 - Jul 5,07/05/2021,14.8
"Did Not Get Needed Care, Last 4 Weeks",By State,North Dakota,North Dakota,Jun 23 - Jul 5,07/05/2021,10.2
"Did Not Get Needed Care, Last 4 Weeks",By State,Ohio,Ohio,Jun 23 - Jul 5,07/05/2021,13.8
"Did Not Get Needed Care, Last 4 Weeks",By State,Oklahoma,Oklahoma,Jun 23 - Jul 5,07/05/2021,17.4
"Did Not Get Needed Care, Last 4 Weeks",By State,Oregon,Oregon,Jun 23 - Jul 5,07/05/2021,17.9
"Did Not Get Needed Care, Last 4 Weeks",By State,Pennsylvania,Pennsylvania,Jun 23 - Jul 5,07/05/2021,14.6
"Did Not Get Needed Care, Last 4 Weeks",By State,Rhode Island,Rhode Island,Jun 23 - Jul 5,07/05/2021,11.7
"Did Not Get Needed Care, Last 4 Weeks",By State,South Carolina,South Carolina,Jun 23 - Jul 5,07/05/2021,11.6
"Did Not Get Needed Care, Last 4 Weeks",By State,South Dakota,South Dakota,Jun 23 - Jul 5,07/05/2021,8.5
"Did Not Get Needed Care, Last 4 Weeks",By State,Tennessee,Tennessee,Jun 23 - Jul 5,07/05/2021,12.6
"Did Not Get Needed Care, Last 4 Weeks",By State,Texas,Texas,Jun 23 - Jul 5,07/05/2021,14.3
"Did Not Get Needed Care, Last 4 Weeks",By State,Utah,Utah,Jun 23 - Jul 5,07/05/2021,8.5
"Did Not Get Needed Care, Last 4 Weeks",By State,Vermont,Vermont,Jun 23 - Jul 5,07/05/2021,9.7
"Did Not Get Needed Care, Last 4 Weeks",By State,Virginia,Virginia,Jun 23 - Jul 5,07/05/2021,11.5
"Did Not Get Needed Care, Last 4 Weeks",By State,Washington,Washington,Jun 23 - Jul 5,07/05/2021,16.4
"Did Not Get Needed Care, Last 4 Weeks",By State,West Virginia,West Virginia,Jun 23 - Jul 5,07/05/2021,12.4
"Did Not Get Needed Care, Last 4 Weeks",By State,Wisconsin,Wisconsin,Jun 23 - Jul 5,07/05/2021,7.2
"Did Not Get Needed Care, Last 4 Weeks",By State,Wyoming,Wyoming,Jun 23 - Jul 5,07/05/2021,9
