Indicator,Group,State,Subgroup,Phase,Time Period Label,Value
"Ever experienced long COVID, as a percentage of adults who ever had COVID",By Age,United States,18 - 29 years,"3,5","Jun 1 - Jun 13, 2022",36.1
"Ever experienced long COVID, as a percentage of adults who ever had COVID",By Age,United States,30 - 39 years,"3,5","Jun 1 - Jun 13, 2022",32.3
"Ever experienced long COVID, as a percentage of adults who ever had COVID",By Age,United States,40 - 49 years,"3,5","Jun 1 - Jun 13, 2022",36.7
"Ever experienced long COVID, as a percentage of adults who ever had COVID",By Age,United States,50 - 59 years,"3,5","Jun 1 - Jun 13, 2022",38.2
"Ever experienced long COVID, as a percentage of adults who ever had COVID",By Age,United States,60 - 69 years,"3,5","Jun 1 - Jun 13, 2022",34.4
"Ever experienced long COVID, as a percentage of adults who ever had COVID",By Age,United States,70 - 79 years,"3,5","Jun 1 - Jun 13, 2022",31.1
"Ever experienced long COVID, as a percentage of adults who ever had COVID",By Age,United States,80 years and above,"3,5","Jun 1 - Jun 13, 2022",23.3
"Ever experienced long COVID, as a percentage of adults who ever had COVID",By State,Alabama,Alabama,"3,5","Jun 1 - Jun 13, 2022",44.2
"Ever experienced long COVID, as a percentage of adults who ever had COVID",By State,Alaska,Alaska,"3,5","Jun 1 - Jun 13, 2022",54.6
"Ever experienced long COVID, as a percentage of adults who ever had COVID",By State,Arizona,Arizona,"3,5","Jun 1 - Jun 13, 2022",40.5
"Ever experienced long COVID, as a percentage of adults who ever had COVID",By State,Arkansas,Arkansas,"3,5","Jun 1 - Jun 13, 2022",39.5
"Ever experienced long COVID, as a percentage of adults who ever had COVID",By State,California,California,"3,5","Jun 1 - Jun 13, 2022",31.3
"Ever experienced long COVID, as a percentage of adults who ever had COVID",By State,Colorado,Colorado,"3,5","Jun 1 - Jun 13, 2022",38.7
"Ever experienced long COVID, as a percentage of adults who ever had COVID",By State,Connecticut,Connecticut,"3,5","Jun 1 - Jun 13, 2022",29.3
"Ever experienced long COVID, as a percentage of adults who ever had COVID",By State,Delaware,Delaware,"3,5","Jun 1 - Jun 13, 2022",28.6
"Ever experienced long COVID, as a percentage of adults who ever had COVID",By State,District of Columbia,District of Columbia,"3,5","Jun 1 - Jun 13, 2022",30.3
"Ever experienced long COVID, as a percentage of adults who ever had COVID",By State,Florida,Florida,"3,5","Jun 1 - Jun 13, 2022",32.7
"Ever experienced long COVID, as a percentage of adults who ever had COVID",By State,Georgia,Georgia,"3,5","Jun 1 - Jun 13, 2022",35.8
"Ever experienced long COVID, as a percentage of adults who ever had COVID",By State,Hawaii,Hawaii,"3,5","Jun 1 - Jun 13, 2022",23.8
"Ever experienced long COVID, as a percentage of adults who ever had COVID",By State,Idaho,Idaho,"3,5","Jun 1 - Jun 13, 2022",41.3
"Ever experienced long COVID, as a percentage of adults who ever had COVID",By State,Illinois,Illinois,"3,5","Jun 1 - Jun 13, 2022",34.9
"Ever experienced long COVID, as a percentage of adults who ever had COVID",By State,Indiana,Indiana,"3,5","Jun 1 - Jun 13, 2022",38.1
"Ever experienced long COVID, as a percentage of adults who ever had COVID",By State,Iowa,Iowa,"3,5","Jun 1 - Jun 13, 2022",30.3
"Ever experienced long COVID, as a percentage of adults who ever had COVID",By State,Kansas,Kansas,"3,5","Jun 1 - Jun 13, 2022",44.5
"Ever experienced long COVID, as a percentage of adults who ever had COVID",By State,Kentucky,Kentucky,"3,5","Jun 1 - Jun 13, 2022",45.6
"Ever experienced long COVID, as a percentage of adults who ever had COVID",By State,Louisiana,Louisiana,"3,5","Jun 1 - Jun 13, 2022",41.5
"Ever experienced long COVID, as a percentage of adults who ever had COVID",By State,Maine,Maine,"3,5","Jun 1 - Jun 13, 2022",27.7
"Ever experienced long COVID, as a percentage of adults who ever had COVID",By State,Maryland,Maryland,"3,5","Jun 1 - Jun 13, 2022",30.3
"Ever experienced long COVID, as a percentage of adults who ever had COVID",By State,Massachusetts,Massachusetts,"3,5","Jun 1 - Jun 13, 2022",27.4
"Ever experienced long COVID, as a percentage of adults who ever had COVID",By State,Michigan,Michigan,"3,5","Jun 1 - Jun 13, 2022",36.7
"Ever experienced long COVID, as a percentage of adults who ever had COVID",By State,Minnesota,Minnesota,"3,5","Jun 1 - Jun 13, 2022",31.6
"Ever experienced long COVID, as a percentage of adults who ever had COVID",By State,Mississippi,Mississippi,"3,5","Jun 1 - Jun 13, 2022",39.3
"Ever experienced long COVID, as a percentage of adults who ever had COVID",By State,Missouri,Missouri,"3,5","Jun 1 - Jun 13, 2022",36.8
"Ever experienced long COVID, as a percentage of adults who ever had COVID",By State,Montana,Montana,"3,5","Jun 1 - Jun 13, 2022",34.9
"Ever experienced long COVID, as a percentage of adults who ever had COVID",By State,Nebraska,Nebraska,"3,5","Jun 1 - Jun 13, 2022",31.9
"Ever experienced long COVID, as a percentage of adults who ever had COVID",By State,Nevada,Nevada,"3,5","Jun 1 - Jun 13, 2022",42.7
"Ever experienced long COVID, as a percentage of adults who ever had COVID",By State,New Hampshire,New Hampshire,"3,5","Jun 1 - Jun 13, 2022",30.4
"Ever experienced long COVID, as a percentage of adults who ever had COVID",By State,New Jersey,New Jersey,"3,5","Jun 1 - Jun 13, 2022",31.3
"Ever experienced long COVID, as a percentage of adults who ever had COVID",By State,New Mexico,New Mexico,"3,5","Jun 1 - Jun 13, 2022",46.5
"Ever experienced long COVID, as a percentage of adults who ever had COVID",By State,New York,New York,"3,5","Jun 1 - Jun 13, 2022",34.7
"Ever experienced long COVID, as a percentage of adults who ever had COVID",By State,North Carolina,North Carolina,"3,5","Jun 1 - Jun 13, 2022",37.9
"Ever experienced long COVID, as a percentage of adults who ever had COVID",By State,North Dakota,North Dakota,"3,5","Jun 1 - Jun 13, 2022",34.7
"Ever experienced long COVID, as a percentage of adults who ever had COVID",By State,Ohio,Ohio,"3,5","Jun 1 - Jun 13, 2022",38.3
"Ever experienced long COVID, as a percentage of adults who ever had COVID",By State,Oklahoma,Oklahoma,"3,5","Jun 1 - Jun 13, 2022",38.1
"Ever experienced long COVID, as a percentage of adults who ever had COVID",By State,Oregon,Oregon,"3,5","Jun 1 - Jun 13, 2022",35.1
"Ever experienced long COVID, as a percentage of adults who ever had COVID",By State,Pennsylvania,Pennsylvania,"3,5","Jun 1 - Jun 13, 2022",34.9
"Ever experienced long COVID, as a percentage of adults who ever had COVID",By State,Rhode Island,Rhode Island,"3,5","Jun 1 - Jun 13, 2022",37.2
"Ever experienced long COVID, as a percentage of adults who ever had COVID",By State,South Carolina,South Carolina,"3,5","Jun 1 - Jun 13, 2022",39.2
"Ever experienced long COVID, as a percentage of adults who ever had COVID",By State,South Dakota,South Dakota,"3,5","Jun 1 - Jun 13, 2022",44.5
"Ever experienced long COVID, as a percentage of adults who ever had COVID",By State,Tennessee,Tennessee,"3,5","Jun 1 - Jun 13, 2022",45.9
"Ever experienced long COVID, as a percentage of adults who ever had COVID",By State,Texas,Texas,"3,5","Jun 1 - Jun 13, 2022",33.0
"Ever experienced long COVID, as a percentage of adults who ever had COVID",By State,Utah,Utah,"3,5","Jun 1 - Jun 13, 2022",40.8
"Ever experienced long COVID, as a percentage of adults who ever had COVID",By State,Vermont,Vermont,"3,5","Jun 1 - Jun 13, 2022",27.1
"Ever experienced long COVID, as a percentage of adults who ever had COVID",By State,Virginia,Virginia,"3,5","Jun 1 - Jun 13, 2022",27.3
"Ever experienced long COVID, as a percentage of adults who ever had COVID",By State,Washington,Washington,"3,5","Jun 1 - Jun 13, 2022",31.7
"Ever experienced long COVID, as a percentage of adults who ever had COVID",By State,West Virginia,West Virginia,"3,5","Jun 1 - Jun 13, 2022",49.3
"Ever experienced long COVID, as a percentage of adults who ever had COVID",By State,Wisconsin,Wisconsin,"3,5","Jun 1 - Jun 13, 2022",29.3
"Ever experienced long COVID, as a percentage of adults who ever had COVID",By State,Wyoming,Wyoming,"3,5","Jun 1 - Jun 13, 2022",45.3
"Currently experiencing long COVID, as a percentage of all adults",By Age,United States,18 - 29 years,"3,5","Jun 1 - Jun 13, 2022",8.4
"Currently experiencing long COVID, as a percentage of all adults",By Age,United States,30 - 39 years,"3,5","Jun 1 - Jun 13, 2022",7.8
"Currently experiencing long COVID, as a percentage of all adults",By Age,United States,40 - 49 years,"3,5","Jun 1 - Jun 13, 2022",8.8
"Currently experiencing long COVID, as a percentage of all adults",By Age,United States,50 - 59 years,"3,5","Jun 1 - Jun 13, 2022",8.5
"Currently experiencing long COVID, as a percentage of all adults",By Age,United States,60 - 69 years,"3,5","Jun 1 - Jun 13, 2022",6.6
"Currently experiencing long COVID, as a percentage of all adults",By Age,United States,70 - 79 years,"3,5","Jun 1 - Jun 13, 2022",5.0
"Currently experiencing long COVID, as a percentage of all adults",By Age,United States,80 years and above,"3,5","Jun 1 - Jun 13, 2022",2.8
"Currently experiencing long COVID, as a percentage of all adults",By State,Alabama,Alabama,"3,5","Jun 1 - Jun 13, 2022",12.1
"Currently experiencing long COVID, as a percentage of all adults",By State,Alaska,Alaska,"3,5","Jun 1 - Jun 13, 2022",9.7
"Currently experiencing long COVID, as a percentage of all adults",By State,Arizona,Arizona,"3,5","Jun 1 - Jun 13, 2022",10.1
"Currently experiencing long COVID, as a percentage of all adults",By State,Arkansas,Arkansas,"3,5","Jun 1 - Jun 13, 2022",10.0
"Currently experiencing long COVID, as a percentage of all adults",By State,California,California,"3,5","Jun 1 - Jun 13, 2022",6.2
"Currently experiencing long COVID, as a percentage of all adults",By State,Colorado,Colorado,"3,5","Jun 1 - Jun 13, 2022",8.0
"Currently experiencing long COVID, as a percentage of all adults",By State,Connecticut,Connecticut,"3,5","Jun 1 - Jun 13, 2022",6.8
"Currently experiencing long COVID, as a percentage of all adults",By State,Delaware,Delaware,"3,5","Jun 1 - Jun 13, 2022",5.2
"Currently experiencing long COVID, as a percentage of all adults",By State,District of Columbia,District of Columbia,"3,5","Jun 1 - Jun 13, 2022",
"Currently experiencing long COVID, as a percentage of all adults",By State,Florida,Florida,"3,5","Jun 1 - Jun 13, 2022",6.4
"Currently experiencing long COVID, as a percentage of all adults",By State,Georgia,Georgia,"3,5","Jun 1 - Jun 13, 2022",7.9
"Currently experiencing long COVID, as a percentage of all adults",By State,Hawaii,Hawaii,"3,5","Jun 1 - Jun 13, 2022",4.5
"Currently experiencing long COVID, as a percentage of all adults",By State,Idaho,Idaho,"3,5","Jun 1 - Jun 13, 2022",9.7
"Currently experiencing long COVID, as a percentage of all adults",By State,Illinois,Illinois,"3,5","Jun 1 - Jun 13, 2022",6.8
"Currently experiencing long COVID, as a percentage of all adults",By State,Indiana,Indiana,"3,5","Jun 1 - Jun 13, 2022",9.0
"Currently experiencing long COVID, as a percentage of all adults",By State,Iowa,Iowa,"3,5","Jun 1 - Jun 13, 2022",7.6
"Currently experiencing long COVID, as a percentage of all adults",By State,Kansas,Kansas,"3,5","Jun 1 - Jun 13, 2022",8.0
"Currently experiencing long COVID, as a percentage of all adults",By State,Kentucky,Kentucky,"3,5","Jun 1 - Jun 13, 2022",12.7
"Currently experiencing long COVID, as a percentage of all adults",By State,Louisiana,Louisiana,"3,5","Jun 1 - Jun 13, 2022",9.2
"Currently experiencing long COVID, as a percentage of all adults",By State,Maine,Maine,"3,5","Jun 1 - Jun 13, 2022",7.0
"Currently experiencing long COVID, as a percentage of all adults",By State,Maryland,Maryland,"3,5","Jun 1 - Jun 13, 2022",4.7
"Currently experiencing long COVID, as a percentage of all adults",By State,Massachusetts,Massachusetts,"3,5","Jun 1 - Jun 13, 2022",6.0
"Currently experiencing long COVID, as a percentage of all adults",By State,Michigan,Michigan,"3,5","Jun 1 - Jun 13, 2022",7.6
"Currently experiencing long COVID, as a percentage of all adults",By State,Minnesota,Minnesota,"3,5","Jun 1 - Jun 13, 2022",6.9
"Currently experiencing long COVID, as a percentage of all adults",By State,Mississippi,Mississippi,"3,5","Jun 1 - Jun 13, 2022",7.9
"Currently experiencing long COVID, as a percentage of all adults",By State,Missouri,Missouri,"3,5","Jun 1 - Jun 13, 2022",8.0
"Currently experiencing long COVID, as a percentage of all adults",By State,Montana,Montana,"3,5","Jun 1 - Jun 13, 2022",7.6
"Currently experiencing long COVID, as a percentage of all adults",By State,Nebraska,Nebraska,"3,5","Jun 1 - Jun 13, 2022",6.0
"Currently experiencing long COVID, as a percentage of all adults",By State,Nevada,Nevada,"3,5","Jun 1 - Jun 13, 2022",9.5
"Currently experiencing long COVID, as a percentage of all adults",By State,New Hampshire,New Hampshire,"3,5","Jun 1 - Jun 13, 2022",6.7
"Currently experiencing long COVID, as a percentage of all adults",By State,New Jersey,New Jersey,"3,5","Jun 1 - Jun 13, 2022",6.2
"Currently experiencing long COVID, as a percentage of all adults",By State,New Mexico,New Mexico,"3,5","Jun 1 - Jun 13, 2022",10.2
"Currently experiencing long COVID, as a percentage of all adults",By State,New York,New York,"3,5","Jun 1 - Jun 13, 2022",8.1
"Currently experiencing long COVID, as a percentage of all adults",By State,North Carolina,North Carolina,"3,5","Jun 1 - Jun 13, 2022",6.5
"Currently experiencing long COVID, as a percentage of all adults",By State,North Dakota,North Dakota,"3,5","Jun 1 - Jun 13, 2022",9.0
"Currently experiencing long COVID, as a percentage of all adults",By State,Ohio,Ohio,"3,5","Jun 1 - Jun 13, 2022",9.2
"Currently experiencing long COVID, as a percentage of all adults",By State,Oklahoma,Oklahoma,"3,5","Jun 1 - Jun 13, 2022",8.3
"Currently experiencing long COVID, as a percentage of all adults",By State,Oregon,Oregon,"3,5","Jun 1 - Jun 13, 2022",7.1
"Currently experiencing long COVID, as a percentage of all adults",By State,Pennsylvania,Pennsylvania,"3,5","Jun 1 - Jun 13, 2022",5.5
"Currently experiencing long COVID, as a percentage of all adults",By State,Rhode Island,Rhode Island,"3,5","Jun 1 - Jun 13, 2022",6.0
"Currently experiencing long COVID, as a percentage of all adults",By State,South Carolina,South Carolina,"3,5","Jun 1 - Jun 13, 2022",8.5
"Currently experiencing long COVID, as a percentage of all adults",By State,South Dakota,South Dakota,"3,5","Jun 1 - Jun 13, 2022",11.6
"Currently experiencing long COVID, as a percentage of all adults",By State,Tennessee,Tennessee,"3,5","Jun 1 - Jun 13, 2022",11.6
"Currently experiencing long COVID, as a percentage of all adults",By State,Texas,Texas,"3,5","Jun 1 - Jun 13, 2022",7.8
"Currently experiencing long COVID, as a percentage of all adults",By State,Utah,Utah,"3,5","Jun 1 - Jun 13, 2022",8.1
"Currently experiencing long COVID, as a percentage of all adults",By State,Vermont,Vermont,"3,5","Jun 1 - Jun 13, 2022",6.1
"Currently experiencing long COVID, as a percentage of all adults",By State,Virginia,Virginia,"3,5","Jun 1 - Jun 13, 2022",5.1
"Currently experiencing long COVID, as a percentage of all adults",By State,Washington,Washington,"3,5","Jun 1 - Jun 13, 2022",6.7
"Currently experiencing long COVID, as a percentage of all adults",By State,West Virginia,West Virginia,"3,5","Jun 1 - Jun 13, 2022",11.0
"Currently experiencing long COVID, as a percentage of all adults",By State,Wisconsin,Wisconsin,"3,5","Jun 1 - Jun 13, 2022",7.0
"Currently experiencing long COVID, as a percentage of all adults",By State,Wyoming,Wyoming,"3,5","Jun 1 - Jun 13, 2022",11.1
"Ever experienced long COVID, as a percentage of adults who ever had COVID",By Age,United States,18 - 29 years,"3,5","Jun 29 - Jul 11, 2022",30.9
"Ever experienced long COVID, as a percentage of adults who ever had COVID",By Age,United States,30 - 39 years,"3,5","Jun 29 - Jul 11, 2022",33.7
"Ever experienced long COVID, as a percentage of adults who ever had COVID",By Age,United States,40 - 49 years,"3,5","Jun 29 - Jul 11, 2022",36.5
"Ever experienced long COVID, as a percentage of adults who ever had COVID",By Age,United States,50 - 59 years,"3,5","Jun 29 - Jul 11, 2022",35.6
"Ever experienced long COVID, as a percentage of adults who ever had COVID",By Age,United States,60 - 69 years,"3,5","Jun 29 - Jul 11, 2022",33.9
"Ever experienced long COVID, as a percentage of adults who ever had COVID",By Age,United States,70 - 79 years,"3,5","Jun 29 - Jul 11, 2022",37.7
"Ever experienced long COVID, as a percentage of adults who ever had COVID",By Age,United States,80 years and above,"3,5","Jun 29 - Jul 11, 2022",28.8
"Ever experienced long COVID, as a percentage of adults who ever had COVID",By State,Alabama,Alabama,"3,5","Jun 29 - Jul 11, 2022",40.1
"Ever experienced long COVID, as a percentage of adults who ever had COVID",By State,Alaska,Alaska,"3,5","Jun 29 - Jul 11, 2022",34.0
"Ever experienced long COVID, as a percentage of adults who ever had COVID",By State,Arizona,Arizona,"3,5","Jun 29 - Jul 11, 2022",39.9
"Ever experienced long COVID, as a percentage of adults who ever had COVID",By State,Arkansas,Arkansas,"3,5","Jun 29 - Jul 11, 2022",35.9
"Ever experienced long COVID, as a percentage of adults who ever had COVID",By State,California,California,"3,5","Jun 29 - Jul 11, 2022",30.7
"Ever experienced long COVID, as a percentage of adults who ever had COVID",By State,Colorado,Colorado,"3,5","Jun 29 - Jul 11, 2022",35.0
"Ever experienced long COVID, as a percentage of adults who ever had COVID",By State,Connecticut,Connecticut,"3,5","Jun 29 - Jul 11, 2022",31.1
"Ever experienced long COVID, as a percentage of adults who ever had COVID",By State,Delaware,Delaware,"3,5","Jun 29 - Jul 11, 2022",23.5
"Ever experienced long COVID, as a percentage of adults who ever had COVID",By State,District of Columbia,District of Columbia,"3,5","Jun 29 - Jul 11, 2022",17.6
"Ever experienced long COVID, as a percentage of adults who ever had COVID",By State,Florida,Florida,"3,5","Jun 29 - Jul 11, 2022",30.6
"Ever experienced long COVID, as a percentage of adults who ever had COVID",By State,Georgia,Georgia,"3,5","Jun 29 - Jul 11, 2022",35.8
"Ever experienced long COVID, as a percentage of adults who ever had COVID",By State,Hawaii,Hawaii,"3,5","Jun 29 - Jul 11, 2022",30.4
"Ever experienced long COVID, as a percentage of adults who ever had COVID",By State,Idaho,Idaho,"3,5","Jun 29 - Jul 11, 2022",39.7
"Ever experienced long COVID, as a percentage of adults who ever had COVID",By State,Illinois,Illinois,"3,5","Jun 29 - Jul 11, 2022",37.8
"Ever experienced long COVID, as a percentage of adults who ever had COVID",By State,Indiana,Indiana,"3,5","Jun 29 - Jul 11, 2022",40.3
"Ever experienced long COVID, as a percentage of adults who ever had COVID",By State,Iowa,Iowa,"3,5","Jun 29 - Jul 11, 2022",36.8
"Ever experienced long COVID, as a percentage of adults who ever had COVID",By State,Kansas,Kansas,"3,5","Jun 29 - Jul 11, 2022",30.5
"Ever experienced long COVID, as a percentage of adults who ever had COVID",By State,Kentucky,Kentucky,"3,5","Jun 29 - Jul 11, 2022",35.7
"Ever experienced long COVID, as a percentage of adults who ever had COVID",By State,Louisiana,Louisiana,"3,5","Jun 29 - Jul 11, 2022",35.3
"Ever experienced long COVID, as a percentage of adults who ever had COVID",By State,Maine,Maine,"3,5","Jun 29 - Jul 11, 2022",30.0
"Ever experienced long COVID, as a percentage of adults who ever had COVID",By State,Maryland,Maryland,"3,5","Jun 29 - Jul 11, 2022",28.3
"Ever experienced long COVID, as a percentage of adults who ever had COVID",By State,Massachusetts,Massachusetts,"3,5","Jun 29 - Jul 11, 2022",28.1
"Ever experienced long COVID, as a percentage of adults who ever had COVID",By State,Michigan,Michigan,"3,5","Jun 29 - Jul 11, 2022",28.4
"Ever experienced long COVID, as a percentage of adults who ever had COVID",By State,Minnesota,Minnesota,"3,5","Jun 29 - Jul 11, 2022",32.5
"Ever experienced long COVID, as a percentage of adults who ever had COVID",By State,Mississippi,Mississippi,"3,5","Jun 29 - Jul 11, 2022",44.3
"Ever experienced long COVID, as a percentage of adults who ever had COVID",By State,Missouri,Missouri,"3,5","Jun 29 - Jul 11, 2022",41.5
"Ever experienced long COVID, as a percentage of adults who ever had COVID",By State,Montana,Montana,"3,5","Jun 29 - Jul 11, 2022",38.4
"Ever experienced long COVID, as a percentage of adults who ever had COVID",By State,Nebraska,Nebraska,"3,5","Jun 29 - Jul 11, 2022",31.4
"Ever experienced long COVID, as a percentage of adults who ever had COVID",By State,Nevada,Nevada,"3,5","Jun 29 - Jul 11, 2022",40.3
"Ever experienced long COVID, as a percentage of adults who ever had COVID",By State,New Hampshire,New Hampshire,"3,5","Jun 29 - Jul 11, 2022",30.3
"Ever experienced long COVID, as a percentage of adults who ever had COVID",By State,New Jersey,New Jersey,"3,5","Jun 29 - Jul 11, 2022",26.6
"Ever experienced long COVID, as a percentage of adults who ever had COVID",By State,New Mexico,New Mexico,"3,5","Jun 29 - Jul 11, 2022",42.3
"Ever experienced long COVID, as a percentage of adults who ever had COVID",By State,New York,New York,"3,5","Jun 29 - Jul 11, 2022",32.3
"Ever experienced long COVID, as a percentage of adults who ever had COVID",By State,North Carolina,North Carolina,"3,5","Jun 29 - Jul 11, 2022",34.8
"Ever experienced long COVID, as a percentage of adults who ever had COVID",By State,North Dakota,North Dakota,"3,5","Jun 29 - Jul 11, 2022",40.5
"Ever experienced long COVID, as a percentage of adults who ever had COVID",By State,Ohio,Ohio,"3,5","Jun 29 - Jul 11, 2022",35.9
"Ever experienced long COVID, as a percentage of adults who ever had COVID",By State,Oklahoma,Oklahoma,"3,5","Jun 29 - Jul 11, 2022",37.1
"Ever experienced long COVID, as a percentage of adults who ever had COVID",By State,Oregon,Oregon,"3,5","Jun 29 - Jul 11, 2022",35.2
"Ever experienced long COVID, as a percentage of adults who ever had COVID",By State,Pennsylvania,Pennsylvania,"3,5","Jun 29 - Jul 11, 2022",39.1
"Ever experienced long COVID, as a percentage of adults who ever had COVID",By State,Rhode Island,Rhode Island,"3,5","Jun 29 - Jul 11, 2022",39.1
"Ever experienced long COVID, as a percentage of adults who ever had COVID",By State,South Carolina,South Carolina,"3,5","Jun 29 - Jul 11, 2022",39.5
"Ever experienced long COVID, as a percentage of adults who ever had COVID",By State,South Dakota,South Dakota,"3,5","Jun 29 - Jul 11, 2022",34.8
"Ever experienced long COVID, as a percentage of adults who ever had COVID",By State,Tennessee,Tennessee,"3,5","Jun 29 - Jul 11, 2022",41.9
"Ever experienced long COVID, as a percentage of adults who ever had COVID",By State,Texas,Texas,"3,5","Jun 29 - Jul 11, 2022",36.8
"Ever experienced long COVID, as a percentage of adults who ever had COVID",By State,Utah,Utah,"3,5","Jun 29 - Jul 11, 2022",40.5
"Ever experienced long COVID, as a percentage of adults who ever had COVID",By State,Vermont,Vermont,"3,5","Jun 29 - Jul 11, 2022",30.9
"Ever experienced long COVID, as a percentage of adults who ever had COVID",By State,Virginia,Virginia,"3,5","Jun 29 - Jul 11, 2022",33.1
"Ever experienced long COVID, as a percentage of adults who ever had COVID",By State,Washington,Washington,"3,5","Jun 29 - Jul 11, 2022",27.2
"Ever experienced long COVID, as a percentage of adults who ever had COVID",By State,West Virginia,West Virginia,"3,5","Jun 29 - Jul 11, 2022",43.5
"Ever experienced long COVID, as a percentage of adults who ever had COVID",By State,Wisconsin,Wisconsin,"3,5","Jun 29 - Jul 11, 2022",30.1
"Ever experienced long COVID, as a percentage of adults who ever had COVID",By State,Wyoming,Wyoming,"3,5","Jun 29 - Jul 11, 2022",40.3
"Currently experiencing long COVID, as a percentage of all adults",By Age,United States,18 - 29 years,"3,5","Jun 29 - Jul 11, 2022",7.5
"Currently experiencing long COVID, as a percentage of all adults",By Age,United States,30 - 39 years,"3,5","Jun 29 - Jul 11, 2022",8.2
"Currently experiencing long COVID, as a percentage of all adults",By Age,United States,40 - 49 years,"3,5","Jun 29 - Jul 11, 2022",8.3
"Currently experiencing long COVID, as a percentage of all adults",By Age,United States,50 - 59 years,"3,5","Jun 29 - Jul 11, 2022",8.8
"Currently experiencing long COVID, as a percentage of all adults",By Age,United States,60 - 69 years,"3,5","Jun 29 - Jul 11, 2022",6.4
"Currently experiencing long COVID, as a percentage of all adults",By Age,United States,70 - 79 years,"3,5","Jun 29 - Jul 11, 2022",6.4
"Currently experiencing long COVID, as a percentage of all adults",By Age,United States,80 years and above,"3,5","Jun 29 - Jul 11, 2022",4.0
"Currently experiencing long COVID, as a percentage of all adults",By State,Alabama,Alabama,"3,5","Jun 29 - Jul 11, 2022",9.0
"Currently experiencing long COVID, as a percentage of all adults",By State,Alaska,Alaska,"3,5","Jun 29 - Jul 11, 2022",8.7
"Currently experiencing long COVID, as a percentage of all adults",By State,Arizona,Arizona,"3,5","Jun 29 - Jul 11, 2022",9.6
"Currently experiencing long COVID, as a percentage of all adults",By State,Arkansas,Arkansas,"3,5","Jun 29 - Jul 11, 2022",8.9
"Currently experiencing long COVID, as a percentage of all adults",By State,California,California,"3,5","Jun 29 - Jul 11, 2022",7.0
"Currently experiencing long COVID, as a percentage of all adults",By State,Colorado,Colorado,"3,5","Jun 29 - Jul 11, 2022",7.7
"Currently experiencing long COVID, as a percentage of all adults",By State,Connecticut,Connecticut,"3,5","Jun 29 - Jul 11, 2022",7.7
"Currently experiencing long COVID, as a percentage of all adults",By State,Delaware,Delaware,"3,5","Jun 29 - Jul 11, 2022",3.8
"Currently experiencing long COVID, as a percentage of all adults",By State,District of Columbia,District of Columbia,"3,5","Jun 29 - Jul 11, 2022",3.5
"Currently experiencing long COVID, as a percentage of all adults",By State,Florida,Florida,"3,5","Jun 29 - Jul 11, 2022",7.2
"Currently experiencing long COVID, as a percentage of all adults",By State,Georgia,Georgia,"3,5","Jun 29 - Jul 11, 2022",6.6
"Currently experiencing long COVID, as a percentage of all adults",By State,Hawaii,Hawaii,"3,5","Jun 29 - Jul 11, 2022",2.9
"Currently experiencing long COVID, as a percentage of all adults",By State,Idaho,Idaho,"3,5","Jun 29 - Jul 11, 2022",10.5
"Currently experiencing long COVID, as a percentage of all adults",By State,Illinois,Illinois,"3,5","Jun 29 - Jul 11, 2022",8.3
"Currently experiencing long COVID, as a percentage of all adults",By State,Indiana,Indiana,"3,5","Jun 29 - Jul 11, 2022",6.6
"Currently experiencing long COVID, as a percentage of all adults",By State,Iowa,Iowa,"3,5","Jun 29 - Jul 11, 2022",9.7
"Currently experiencing long COVID, as a percentage of all adults",By State,Kansas,Kansas,"3,5","Jun 29 - Jul 11, 2022",6.8
"Currently experiencing long COVID, as a percentage of all adults",By State,Kentucky,Kentucky,"3,5","Jun 29 - Jul 11, 2022",10.0
"Currently experiencing long COVID, as a percentage of all adults",By State,Louisiana,Louisiana,"3,5","Jun 29 - Jul 11, 2022",7.5
"Currently experiencing long COVID, as a percentage of all adults",By State,Maine,Maine,"3,5","Jun 29 - Jul 11, 2022",7.1
"Currently experiencing long COVID, as a percentage of all adults",By State,Maryland,Maryland,"3,5","Jun 29 - Jul 11, 2022",5.8
"Currently experiencing long COVID, as a percentage of all adults",By State,Massachusetts,Massachusetts,"3,5","Jun 29 - Jul 11, 2022",6.9
"Currently experiencing long COVID, as a percentage of all adults",By State,Michigan,Michigan,"3,5","Jun 29 - Jul 11, 2022",6.0
"Currently experiencing long COVID, as a percentage of all adults",By State,Minnesota,Minnesota,"3,5","Jun 29 - Jul 11, 2022",5.7
"Currently experiencing long COVID, as a percentage of all adults",By State,Mississippi,Mississippi,"3,5","Jun 29 - Jul 11, 2022",7.9
"Currently experiencing long COVID, as a percentage of all adults",By State,Missouri,Missouri,"3,5","Jun 29 - Jul 11, 2022",9.2
"Currently experiencing long COVID, as a percentage of all adults",By State,Montana,Montana,"3,5","Jun 29 - Jul 11, 2022",12.2
"Currently experiencing long COVID, as a percentage of all adults",By State,Nebraska,Nebraska,"3,5","Jun 29 - Jul 11, 2022",6.8
"Currently experiencing long COVID, as a percentage of all adults",By State,Nevada,Nevada,"3,5","Jun 29 - Jul 11, 2022",10.0
"Currently experiencing long COVID, as a percentage of all adults",By State,New Hampshire,New Hampshire,"3,5","Jun 29 - Jul 11, 2022",7.0
"Currently experiencing long COVID, as a percentage of all adults",By State,New Jersey,New Jersey,"3,5","Jun 29 - Jul 11, 2022",6.1
"Currently experiencing long COVID, as a percentage of all adults",By State,New Mexico,New Mexico,"3,5","Jun 29 - Jul 11, 2022",8.8
"Currently experiencing long COVID, as a percentage of all adults",By State,New York,New York,"3,5","Jun 29 - Jul 11, 2022",8.7
"Currently experiencing long COVID, as a percentage of all adults",By State,North Carolina,North Carolina,"3,5","Jun 29 - Jul 11, 2022",6.4
"Currently experiencing long COVID, as a percentage of all adults",By State,North Dakota,North Dakota,"3,5","Jun 29 - Jul 11, 2022",7.6
"Currently experiencing long COVID, as a percentage of all adults",By State,Ohio,Ohio,"3,5","Jun 29 - Jul 11, 2022",9.5
"Currently experiencing long COVID, as a percentage of all adults",By State,Oklahoma,Oklahoma,"3,5","Jun 29 - Jul 11, 2022",7.7
"Currently experiencing long COVID, as a percentage of all adults",By State,Oregon,Oregon,"3,5","Jun 29 - Jul 11, 2022",8.4
"Currently experiencing long COVID, as a percentage of all adults",By State,Pennsylvania,Pennsylvania,"3,5","Jun 29 - Jul 11, 2022",6.8
"Currently experiencing long COVID, as a percentage of all adults",By State,Rhode Island,Rhode Island,"3,5","Jun 29 - Jul 11, 2022",
"Currently experiencing long COVID, as a percentage of all adults",By State,South Carolina,South Carolina,"3,5","Jun 29 - Jul 11, 2022",10.5
"Currently experiencing long COVID, as a percentage of all adults",By State,South Dakota,South Dakota,"3,5","Jun 29 - Jul 11, 2022",7.6
"Currently experiencing long COVID, as a percentage of all adults",By State,Tennessee,Tennessee,"3,5","Jun 29 - Jul 11, 2022",9.3
"Currently experiencing long COVID, as a percentage of all adults",By State,Texas,Texas,"3,5","Jun 29 - Jul 11, 2022",7.4
"Currently experiencing long COVID, as a percentage of all adults",By State,Utah,Utah,"3,5","Jun 29 - Jul 11, 2022",11.0
"Currently experiencing long COVID, as a percentage of all adults",By State,Vermont,Vermont,"3,5","Jun 29 - Jul 11, 2022",6.5
"Currently experiencing long COVID, as a percentage of all adults",By State,Virginia,Virginia,"3,5","Jun 29 - Jul 11, 2022",4.9
"Currently experiencing long COVID, as a percentage of all adults",By State,Washington,Washington,"3,5","Jun 29 - Jul 11, 2022",7.0
"Currently experiencing long COVID, as a percentage of all adults",By State,West Virginia,West Virginia,"3,5","Jun 29 - Jul 11, 2022",8.3
"Currently experiencing long COVID, as a percentage of all adults",By State,Wisconsin,Wisconsin,"3,5","Jun 29 - Jul 11, 2022",8.7
"Currently experiencing long COVID, as a percentage of all adults",By State,Wyoming,Wyoming,"3,5","Jun 29 - Jul 11, 2022",9.5
"Ever experienced long COVID, as a percentage of adults who ever had COVID",By Age,United States,18 - 29 years,"3,5","Jul 27 - Aug 8, 2022",30.3
"Ever experienced long COVID, as a percentage of adults who ever had COVID",By Age,United States,30 - 39 years,"3,5","Jul 27 - Aug 8, 2022",34.0
"Ever experienced long COVID, as a percentage of adults who ever had COVID",By Age,United States,40 - 49 years,"3,5","Jul 27 - Aug 8, 2022",36.3
"Ever experienced long COVID, as a percentage of adults who ever had COVID",By Age,United States,50 - 59 years,"3,5","Jul 27 - Aug 8, 2022",37.6
"Ever experienced long COVID, as a percentage of adults who ever had COVID",By Age,United States,60 - 69 years,"3,5","Jul 27 - Aug 8, 2022",31.1
"Ever experienced long COVID, as a percentage of adults who ever had COVID",By Age,United States,70 - 79 years,"3,5","Jul 27 - Aug 8, 2022",23.9
"Ever experienced long COVID, as a percentage of adults who ever had COVID",By Age,United States,80 years and above,"3,5","Jul 27 - Aug 8, 2022",25.0
"Ever experienced long COVID, as a percentage of adults who ever had COVID",By State,Alabama,Alabama,"3,5","Jul 27 - Aug 8, 2022",45.2
"Ever experienced long COVID, as a percentage of adults who ever had COVID",By State,Alaska,Alaska,"3,5","Jul 27 - Aug 8, 2022",31.3
"Ever experienced long COVID, as a percentage of adults who ever had COVID",By State,Arizona,Arizona,"3,5","Jul 27 - Aug 8, 2022",35.1
"Ever experienced long COVID, as a percentage of adults who ever had COVID",By State,Arkansas,Arkansas,"3,5","Jul 27 - Aug 8, 2022",40.7
"Ever experienced long COVID, as a percentage of adults who ever had COVID",By State,California,California,"3,5","Jul 27 - Aug 8, 2022",31.1
"Ever experienced long COVID, as a percentage of adults who ever had COVID",By State,Colorado,Colorado,"3,5","Jul 27 - Aug 8, 2022",32.3
"Ever experienced long COVID, as a percentage of adults who ever had COVID",By State,Connecticut,Connecticut,"3,5","Jul 27 - Aug 8, 2022",33.5
"Ever experienced long COVID, as a percentage of adults who ever had COVID",By State,Delaware,Delaware,"3,5","Jul 27 - Aug 8, 2022",27.0
"Ever experienced long COVID, as a percentage of adults who ever had COVID",By State,District of Columbia,District of Columbia,"3,5","Jul 27 - Aug 8, 2022",26.4
"Ever experienced long COVID, as a percentage of adults who ever had COVID",By State,Florida,Florida,"3,5","Jul 27 - Aug 8, 2022",40.7
"Ever experienced long COVID, as a percentage of adults who ever had COVID",By State,Georgia,Georgia,"3,5","Jul 27 - Aug 8, 2022",34.8
"Ever experienced long COVID, as a percentage of adults who ever had COVID",By State,Hawaii,Hawaii,"3,5","Jul 27 - Aug 8, 2022",26.3
"Ever experienced long COVID, as a percentage of adults who ever had COVID",By State,Idaho,Idaho,"3,5","Jul 27 - Aug 8, 2022",27.8
"Ever experienced long COVID, as a percentage of adults who ever had COVID",By State,Illinois,Illinois,"3,5","Jul 27 - Aug 8, 2022",38.0
"Ever experienced long COVID, as a percentage of adults who ever had COVID",By State,Indiana,Indiana,"3,5","Jul 27 - Aug 8, 2022",30.9
"Ever experienced long COVID, as a percentage of adults who ever had COVID",By State,Iowa,Iowa,"3,5","Jul 27 - Aug 8, 2022",40.0
"Ever experienced long COVID, as a percentage of adults who ever had COVID",By State,Kansas,Kansas,"3,5","Jul 27 - Aug 8, 2022",32.7
"Ever experienced long COVID, as a percentage of adults who ever had COVID",By State,Kentucky,Kentucky,"3,5","Jul 27 - Aug 8, 2022",26.4
"Ever experienced long COVID, as a percentage of adults who ever had COVID",By State,Louisiana,Louisiana,"3,5","Jul 27 - Aug 8, 2022",32.0
"Ever experienced long COVID, as a percentage of adults who ever had COVID",By State,Maine,Maine,"3,5","Jul 27 - Aug 8, 2022",28.3
"Ever experienced long COVID, as a percentage of adults who ever had COVID",By State,Maryland,Maryland,"3,5","Jul 27 - Aug 8, 2022",31.4
"Ever experienced long COVID, as a percentage of adults who ever had COVID",By State,Massachusetts,Massachusetts,"3,5","Jul 27 - Aug 8, 2022",24.6
"Ever experienced long COVID, as a percentage of adults who ever had COVID",By State,Michigan,Michigan,"3,5","Jul 27 - Aug 8, 2022",32.1
"Ever experienced long COVID, as a percentage of adults who ever had COVID",By State,Minnesota,Minnesota,"3,5","Jul 27 - Aug 8, 2022",30.6
"Ever experienced long COVID, as a percentage of adults who ever had COVID",By State,Mississippi,Mississippi,"3,5","Jul 27 - Aug 8, 2022",42.3
"Ever experienced long COVID, as a percentage of adults who ever had COVID",By State,Missouri,Missouri,"3,5","Jul 27 - Aug 8, 2022",37.4
"Ever experienced long COVID, as a percentage of adults who ever had COVID",By State,Montana,Montana,"3,5","Jul 27 - Aug 8, 2022",34.6
"Ever experienced long COVID, as a percentage of adults who ever had COVID",By State,Nebraska,Nebraska,"3,5","Jul 27 - Aug 8, 2022",41.0
"Ever experienced long COVID, as a percentage of adults who ever had COVID",By State,Nevada,Nevada,"3,5","Jul 27 - Aug 8, 2022",33.8
"Ever experienced long COVID, as a percentage of adults who ever had COVID",By State,New Hampshire,New Hampshire,"3,5","Jul 27 - Aug 8, 2022",28.7
"Ever experienced long COVID, as a percentage of adults who ever had COVID",By State,New Jersey,New Jersey,"3,5","Jul 27 - Aug 8, 2022",26.8
"Ever experienced long COVID, as a percentage of adults who ever had COVID",By State,New Mexico,New Mexico,"3,5","Jul 27 - Aug 8, 2022",38.0
"Ever experienced long COVID, as a percentage of adults who ever had COVID",By State,New York,New York,"3,5","Jul 27 - Aug 8, 2022",30.6
"Ever experienced long COVID, as a percentage of adults who ever had COVID",By State,North Carolina,North Carolina,"3,5","Jul 27 - Aug 8, 2022",39.5
"Ever experienced long COVID, as a percentage of adults who ever had COVID",By State,North Dakota,North Dakota,"3,5","Jul 27 - Aug 8, 2022",32.7
"Ever experienced long COVID, as a percentage of adults who ever had COVID",By State,Ohio,Ohio,"3,5","Jul 27 - Aug 8, 2022",29.5
"Ever experienced long COVID, as a percentage of adults who ever had COVID",By State,Oklahoma,Oklahoma,"3,5","Jul 27 - Aug 8, 2022",38.6
"Ever experienced long COVID, as a percentage of adults who ever had COVID",By State,Oregon,Oregon,"3,5","Jul 27 - Aug 8, 2022",37.3
"Ever experienced long COVID, as a percentage of adults who ever had COVID",By State,Pennsylvania,Pennsylvania,"3,5","Jul 27 - Aug 8, 2022",21.7
"Ever experienced long COVID, as a percentage of adults who ever had COVID",By State,Rhode Island,Rhode Island,"3,5","Jul 27 - Aug 8, 2022",34.4
"Ever experienced long COVID, as a percentage of adults who ever had COVID",By State,South Carolina,South Carolina,"3,5","Jul 27 - Aug 8, 2022",37.3
"Ever experienced long COVID, as a percentage of adults who ever had COVID",By State,South Dakota,South Dakota,"3,5","Jul 27 - Aug 8, 2022",39.8
"Ever experienced long COVID, as a percentage of adults who ever had COVID",By State,Tennessee,Tennessee,"3,5","Jul 27 - Aug 8, 2022",35.5
"Ever experienced long COVID, as a percentage of adults who ever had COVID",By State,Texas,Texas,"3,5","Jul 27 - Aug 8, 2022",34.8
"Ever experienced long COVID, as a percentage of adults who ever had COVID",By State,Utah,Utah,"3,5","Jul 27 - Aug 8, 2022",35.7
"Ever experienced long COVID, as a percentage of adults who ever had COVID",By State,Vermont,Vermont,"3,5","Jul 27 - Aug 8, 2022",28.8
"Ever experienced long COVID, as a percentage of adults who ever had COVID",By State,Virginia,Virginia,"3,5","Jul 27 - Aug 8, 2022",30.0
"Ever experienced long COVID, as a percentage of adults who ever had COVID",By State,Washington,Washington,"3,5","Jul 27 - Aug 8, 2022",29.6
"Ever experienced long COVID, as a percentage of adults who ever had COVID",By State,West Virginia,West Virginia,"3,5","Jul 27 - Aug 8, 2022",34.9
"Ever experienced long COVID, as a percentage of adults who ever had COVID",By State,Wisconsin,Wisconsin,"3,5","Jul 27 - Aug 8, 2022",29.9
"Ever experienced long COVID, as a percentage of adults who ever had COVID",By State,Wyoming,Wyoming,"3,5","Jul 27 - Aug 8, 2022",36.3
"Currently experiencing long COVID, as a percentage of all adults",By Age,United States,18 - 29 years,"3,5","Jul 27 - Aug 8, 2022",6.9
"Currently experiencing long COVID, as a percentage of all adults",By Age,United States,30 - 39 years,"3,5","Jul 27 - Aug 8, 2022",8.3
"Currently experiencing long COVID, as a percentage of all adults",By Age,United States,40 - 49 years,"3,5","Jul 27 - Aug 8, 2022",10.1
"Currently experiencing long COVID, as a percentage of all adults",By Age,United States,50 - 59 years,"3,5","Jul 27 - Aug 8, 2022",9.0
"Currently experiencing long COVID, as a percentage of all adults",By Age,United States,60 - 69 years,"3,5","Jul 27 - Aug 8, 2022",6.7
"Currently experiencing long COVID, as a percentage of all adults",By Age,United States,70 - 79 years,"3,5","Jul 27 - Aug 8, 2022",3.7
"Currently experiencing long COVID, as a percentage of all adults",By Age,United States,80 years and above,"3,5","Jul 27 - Aug 8, 2022",2.2
"Currently experiencing long COVID, as a percentage of all adults",By State,Alabama,Alabama,"3,5","Jul 27 - Aug 8, 2022",11.2
"Currently experiencing long COVID, as a percentage of all adults",By State,Alaska,Alaska,"3,5","Jul 27 - Aug 8, 2022",7.9
"Currently experiencing long COVID, as a percentage of all adults",By State,Arizona,Arizona,"3,5","Jul 27 - Aug 8, 2022",10.1
"Currently experiencing long COVID, as a percentage of all adults",By State,Arkansas,Arkansas,"3,5","Jul 27 - Aug 8, 2022",7.2
"Currently experiencing long COVID, as a percentage of all adults",By State,California,California,"3,5","Jul 27 - Aug 8, 2022",8.7
"Currently experiencing long COVID, as a percentage of all adults",By State,Colorado,Colorado,"3,5","Jul 27 - Aug 8, 2022",9.3
"Currently experiencing long COVID, as a percentage of all adults",By State,Connecticut,Connecticut,"3,5","Jul 27 - Aug 8, 2022",7.7
"Currently experiencing long COVID, as a percentage of all adults",By State,Delaware,Delaware,"3,5","Jul 27 - Aug 8, 2022",5.1
"Currently experiencing long COVID, as a percentage of all adults",By State,District of Columbia,District of Columbia,"3,5","Jul 27 - Aug 8, 2022",6.1
"Currently experiencing long COVID, as a percentage of all adults",By State,Florida,Florida,"3,5","Jul 27 - Aug 8, 2022",9.1
"Currently experiencing long COVID, as a percentage of all adults",By State,Georgia,Georgia,"3,5","Jul 27 - Aug 8, 2022",8.7
"Currently experiencing long COVID, as a percentage of all adults",By State,Hawaii,Hawaii,"3,5","Jul 27 - Aug 8, 2022",4.7
"Currently experiencing long COVID, as a percentage of all adults",By State,Idaho,Idaho,"3,5","Jul 27 - Aug 8, 2022",7.8
"Currently experiencing long COVID, as a percentage of all adults",By State,Illinois,Illinois,"3,5","Jul 27 - Aug 8, 2022",9.7
"Currently experiencing long COVID, as a percentage of all adults",By State,Indiana,Indiana,"3,5","Jul 27 - Aug 8, 2022",4.8
"Currently experiencing long COVID, as a percentage of all adults",By State,Iowa,Iowa,"3,5","Jul 27 - Aug 8, 2022",11.3
"Currently experiencing long COVID, as a percentage of all adults",By State,Kansas,Kansas,"3,5","Jul 27 - Aug 8, 2022",7.5
"Currently experiencing long COVID, as a percentage of all adults",By State,Kentucky,Kentucky,"3,5","Jul 27 - Aug 8, 2022",6.4
"Currently experiencing long COVID, as a percentage of all adults",By State,Louisiana,Louisiana,"3,5","Jul 27 - Aug 8, 2022",6.4
"Currently experiencing long COVID, as a percentage of all adults",By State,Maine,Maine,"3,5","Jul 27 - Aug 8, 2022",
"Currently experiencing long COVID, as a percentage of all adults",By State,Maryland,Maryland,"3,5","Jul 27 - Aug 8, 2022",5.8
"Currently experiencing long COVID, as a percentage of all adults",By State,Massachusetts,Massachusetts,"3,5","Jul 27 - Aug 8, 2022",5.2
"Currently experiencing long COVID, as a percentage of all adults",By State,Michigan,Michigan,"3,5","Jul 27 - Aug 8, 2022",4.8
"Currently experiencing long COVID, as a percentage of all adults",By State,Minnesota,Minnesota,"3,5","Jul 27 - Aug 8, 2022",6.3
"Currently experiencing long COVID, as a percentage of all adults",By State,Mississippi,Mississippi,"3,5","Jul 27 - Aug 8, 2022",9.5
"Currently experiencing long COVID, as a percentage of all adults",By State,Missouri,Missouri,"3,5","Jul 27 - Aug 8, 2022",7.8
"Currently experiencing long COVID, as a percentage of all adults",By State,Montana,Montana,"3,5","Jul 27 - Aug 8, 2022",8.6
"Currently experiencing long COVID, as a percentage of all adults",By State,Nebraska,Nebraska,"3,5","Jul 27 - Aug 8, 2022",10.1
"Currently experiencing long COVID, as a percentage of all adults",By State,Nevada,Nevada,"3,5","Jul 27 - Aug 8, 2022",7.0
"Currently experiencing long COVID, as a percentage of all adults",By State,New Hampshire,New Hampshire,"3,5","Jul 27 - Aug 8, 2022",6.9
"Currently experiencing long COVID, as a percentage of all adults",By State,New Jersey,New Jersey,"3,5","Jul 27 - Aug 8, 2022",6.5
"Currently experiencing long COVID, as a percentage of all adults",By State,New Mexico,New Mexico,"3,5","Jul 27 - Aug 8, 2022",7.3
"Currently experiencing long COVID, as a percentage of all adults",By State,New York,New York,"3,5","Jul 27 - Aug 8, 2022",5.9
"Currently experiencing long COVID, as a percentage of all adults",By State,North Carolina,North Carolina,"3,5","Jul 27 - Aug 8, 2022",10.7
"Currently experiencing long COVID, as a percentage of all adults",By State,North Dakota,North Dakota,"3,5","Jul 27 - Aug 8, 2022",6.1
"Currently experiencing long COVID, as a percentage of all adults",By State,Ohio,Ohio,"3,5","Jul 27 - Aug 8, 2022",5.5
"Currently experiencing long COVID, as a percentage of all adults",By State,Oklahoma,Oklahoma,"3,5","Jul 27 - Aug 8, 2022",9.7
"Currently experiencing long COVID, as a percentage of all adults",By State,Oregon,Oregon,"3,5","Jul 27 - Aug 8, 2022",6.6
"Currently experiencing long COVID, as a percentage of all adults",By State,Pennsylvania,Pennsylvania,"3,5","Jul 27 - Aug 8, 2022",4.3
"Currently experiencing long COVID, as a percentage of all adults",By State,Rhode Island,Rhode Island,"3,5","Jul 27 - Aug 8, 2022",8.1
"Currently experiencing long COVID, as a percentage of all adults",By State,South Carolina,South Carolina,"3,5","Jul 27 - Aug 8, 2022",7.7
"Currently experiencing long COVID, as a percentage of all adults",By State,South Dakota,South Dakota,"3,5","Jul 27 - Aug 8, 2022",9.7
"Currently experiencing long COVID, as a percentage of all adults",By State,Tennessee,Tennessee,"3,5","Jul 27 - Aug 8, 2022",7.1
"Currently experiencing long COVID, as a percentage of all adults",By State,Texas,Texas,"3,5","Jul 27 - Aug 8, 2022",8.2
"Currently experiencing long COVID, as a percentage of all adults",By State,Utah,Utah,"3,5","Jul 27 - Aug 8, 2022",8.1
"Currently experiencing long COVID, as a percentage of all adults",By State,Vermont,Vermont,"3,5","Jul 27 - Aug 8, 2022",5.6
"Currently experiencing long COVID, as a percentage of all adults",By State,Virginia,Virginia,"3,5","Jul 27 - Aug 8, 2022",6.9
"Currently experiencing long COVID, as a percentage of all adults",By State,Washington,Washington,"3,5","Jul 27 - Aug 8, 2022",7.0
"Currently experiencing long COVID, as a percentage of all adults",By State,West Virginia,West Virginia,"3,5","Jul 27 - Aug 8, 2022",7.0
"Currently experiencing long COVID, as a percentage of all adults",By State,Wisconsin,Wisconsin,"3,5","Jul 27 - Aug 8, 2022",7.3
"Currently experiencing long COVID, as a percentage of all adults",By State,Wyoming,Wyoming,"3,5","Jul 27 - Aug 8, 2022",5.4
"Ever experienced long COVID, as a percentage of adults who ever had COVID",By Age,United States,18 - 29 years,-1,"Aug 24 - Sep 13, 2022",
"Ever experienced long COVID, as a percentage of adults who ever had COVID",By Age,United States,30 - 39 years,-1,"Aug 24 - Sep 13, 2022",
"Ever experienced long COVID, as a percentage of adults who ever had COVID",By Age,United States,40 - 49 years,-1,"Aug 24 - Sep 13, 2022",
"Ever experienced long COVID, as a percentage of adults who ever had COVID",By Age,United States,50 - 59 years,-1,"Aug 24 - Sep 13, 2022",
"Ever experienced long COVID, as a percentage of adults who ever had COVID",By Age,United States,60 - 69 years,-1,"Aug 24 - Sep 13, 2022",
"Ever experienced long COVID, as a percentage of adults who ever had COVID",By Age,United States,70 - 79 years,-1,"Aug 24 - Sep 13, 2022",
"Ever experienced long COVID, as a percentage of adults who ever had COVID",By Age,United States,80 years and above,-1,"Aug 24 - Sep 13, 2022",
"Ever experienced long COVID, as a percentage of adults who ever had COVID",By Age,United States,18 - 29 years,"3,6","Sep 14 - Sep 26, 2022",27.1
"Ever experienced long COVID, as a percentage of adults who ever had COVID",By Age,United States,30 - 39 years,"3,6","Sep 14 - Sep 26, 2022",28.7
"Ever experienced long COVID, as a percentage of adults who ever had COVID",By Age,United States,40 - 49 years,"3,6","Sep 14 - Sep 26, 2022",31.9
"Ever experienced long COVID, as a percentage of adults who ever had COVID",By Age,United States,50 - 59 years,"3,6","Sep 14 - Sep 26, 2022",33.9
"Ever experienced long COVID, as a percentage of adults who ever had COVID",By Age,United States,60 - 69 years,"3,6","Sep 14 - Sep 26, 2022",29.6
"Ever experienced long COVID, as a percentage of adults who ever had COVID",By Age,United States,70 - 79 years,"3,6","Sep 14 - Sep 26, 2022",25.3
"Ever experienced long COVID, as a percentage of adults who ever had COVID",By Age,United States,80 years and above,"3,6","Sep 14 - Sep 26, 2022",20.4
"Ever experienced long COVID, as a percentage of adults who ever had COVID",By State,Alabama,Alabama,"3,6","Sep 14 - Sep 26, 2022",35.4
"Ever experienced long COVID, as a percentage of adults who ever had COVID",By State,Alaska,Alaska,"3,6","Sep 14 - Sep 26, 2022",26.0
"Ever experienced long COVID, as a percentage of adults who ever had COVID",By State,Arizona,Arizona,"3,6","Sep 14 - Sep 26, 2022",27.7
"Ever experienced long COVID, as a percentage of adults who ever had COVID",By State,Arkansas,Arkansas,"3,6","Sep 14 - Sep 26, 2022",34.0
"Ever experienced long COVID, as a percentage of adults who ever had COVID",By State,California,California,"3,6","Sep 14 - Sep 26, 2022",26.3
"Ever experienced long COVID, as a percentage of adults who ever had COVID",By State,Colorado,Colorado,"3,6","Sep 14 - Sep 26, 2022",33.3
"Ever experienced long COVID, as a percentage of adults who ever had COVID",By State,Connecticut,Connecticut,"3,6","Sep 14 - Sep 26, 2022",22.9
"Ever experienced long COVID, as a percentage of adults who ever had COVID",By State,Delaware,Delaware,"3,6","Sep 14 - Sep 26, 2022",25.5
"Ever experienced long COVID, as a percentage of adults who ever had COVID",By State,District of Columbia,District of Columbia,"3,6","Sep 14 - Sep 26, 2022",23.3
"Ever experienced long COVID, as a percentage of adults who ever had COVID",By State,Florida,Florida,"3,6","Sep 14 - Sep 26, 2022",28.2
"Ever experienced long COVID, as a percentage of adults who ever had COVID",By State,Georgia,Georgia,"3,6","Sep 14 - Sep 26, 2022",33.4
"Ever experienced long COVID, as a percentage of adults who ever had COVID",By State,Hawaii,Hawaii,"3,6","Sep 14 - Sep 26, 2022",27.1
"Ever experienced long COVID, as a percentage of adults who ever had COVID",By State,Idaho,Idaho,"3,6","Sep 14 - Sep 26, 2022",39.0
"Ever experienced long COVID, as a percentage of adults who ever had COVID",By State,Illinois,Illinois,"3,6","Sep 14 - Sep 26, 2022",27.3
"Ever experienced long COVID, as a percentage of adults who ever had COVID",By State,Indiana,Indiana,"3,6","Sep 14 - Sep 26, 2022",35.1
"Ever experienced long COVID, as a percentage of adults who ever had COVID",By State,Iowa,Iowa,"3,6","Sep 14 - Sep 26, 2022",25.3
"Ever experienced long COVID, as a percentage of adults who ever had COVID",By State,Kansas,Kansas,"3,6","Sep 14 - Sep 26, 2022",33.5
"Ever experienced long COVID, as a percentage of adults who ever had COVID",By State,Kentucky,Kentucky,"3,6","Sep 14 - Sep 26, 2022",27.9
"Ever experienced long COVID, as a percentage of adults who ever had COVID",By State,Louisiana,Louisiana,"3,6","Sep 14 - Sep 26, 2022",33.2
"Ever experienced long COVID, as a percentage of adults who ever had COVID",By State,Maine,Maine,"3,6","Sep 14 - Sep 26, 2022",26.0
"Ever experienced long COVID, as a percentage of adults who ever had COVID",By State,Maryland,Maryland,"3,6","Sep 14 - Sep 26, 2022",31.4
"Ever experienced long COVID, as a percentage of adults who ever had COVID",By State,Massachusetts,Massachusetts,"3,6","Sep 14 - Sep 26, 2022",24.0
"Ever experienced long COVID, as a percentage of adults who ever had COVID",By State,Michigan,Michigan,"3,6","Sep 14 - Sep 26, 2022",30.6
"Ever experienced long COVID, as a percentage of adults who ever had COVID",By State,Minnesota,Minnesota,"3,6","Sep 14 - Sep 26, 2022",26.0
"Ever experienced long COVID, as a percentage of adults who ever had COVID",By State,Mississippi,Mississippi,"3,6","Sep 14 - Sep 26, 2022",34.8
"Ever experienced long COVID, as a percentage of adults who ever had COVID",By State,Missouri,Missouri,"3,6","Sep 14 - Sep 26, 2022",30.7
"Ever experienced long COVID, as a percentage of adults who ever had COVID",By State,Montana,Montana,"3,6","Sep 14 - Sep 26, 2022",31.4
"Ever experienced long COVID, as a percentage of adults who ever had COVID",By State,Nebraska,Nebraska,"3,6","Sep 14 - Sep 26, 2022",34.7
"Ever experienced long COVID, as a percentage of adults who ever had COVID",By State,Nevada,Nevada,"3,6","Sep 14 - Sep 26, 2022",25.3
"Ever experienced long COVID, as a percentage of adults who ever had COVID",By State,New Hampshire,New Hampshire,"3,6","Sep 14 - Sep 26, 2022",26.9
"Ever experienced long COVID, as a percentage of adults who ever had COVID",By State,New Jersey,New Jersey,"3,6","Sep 14 - Sep 26, 2022",26.3
"Ever experienced long COVID, as a percentage of adults who ever had COVID",By State,New Mexico,New Mexico,"3,6","Sep 14 - Sep 26, 2022",35.2
"Ever experienced long COVID, as a percentage of adults who ever had COVID",By State,New York,New York,"3,6","Sep 14 - Sep 26, 2022",29.9
"Ever experienced long COVID, as a percentage of adults who ever had COVID",By State,North Carolina,North Carolina,"3,6","Sep 14 - Sep 26, 2022",30.2
"Ever experienced long COVID, as a percentage of adults who ever had COVID",By State,North Dakota,North Dakota,"3,6","Sep 14 - Sep 26, 2022",33.9
"Ever experienced long COVID, as a percentage of adults who ever had COVID",By State,Ohio,Ohio,"3,6","Sep 14 - Sep 26, 2022",28.0
"Ever experienced long COVID, as a percentage of adults who ever had COVID",By State,Oklahoma,Oklahoma,"3,6","Sep 14 - Sep 26, 2022",40.3
"Ever experienced long COVID, as a percentage of adults who ever had COVID",By State,Oregon,Oregon,"3,6","Sep 14 - Sep 26, 2022",24.8
"Ever experienced long COVID, as a percentage of adults who ever had COVID",By State,Pennsylvania,Pennsylvania,"3,6","Sep 14 - Sep 26, 2022",32.2
"Ever experienced long COVID, as a percentage of adults who ever had COVID",By State,Rhode Island,Rhode Island,"3,6","Sep 14 - Sep 26, 2022",23.5
"Ever experienced long COVID, as a percentage of adults who ever had COVID",By State,South Carolina,South Carolina,"3,6","Sep 14 - Sep 26, 2022",33.2
"Ever experienced long COVID, as a percentage of adults who ever had COVID",By State,South Dakota,South Dakota,"3,6","Sep 14 - Sep 26, 2022",31.5
"Ever experienced long COVID, as a percentage of adults who ever had COVID",By State,Tennessee,Tennessee,"3,6","Sep 14 - Sep 26, 2022",34.1
"Ever experienced long COVID, as a percentage of adults who ever had COVID",By State,Texas,Texas,"3,6","Sep 14 - Sep 26, 2022",29.9
"Ever experienced long COVID, as a percentage of adults who ever had COVID",By State,Utah,Utah,"3,6","Sep 14 - Sep 26, 2022",28.5
"Ever experienced long COVID, as a percentage of adults who ever had COVID",By State,Vermont,Vermont,"3,6","Sep 14 - Sep 26, 2022",21.5
"Ever experienced long COVID, as a percentage of adults who ever had COVID",By State,Virginia,Virginia,"3,6","Sep 14 - Sep 26, 2022",29.0
"Ever experienced long COVID, as a percentage of adults who ever had COVID",By State,Washington,Washington,"3,6","Sep 14 - Sep 26, 2022",30.4
"Ever experienced long COVID, as a percentage of adults who ever had COVID",By State,West Virginia,West Virginia,"3,6","Sep 14 - Sep 26, 2022",49.4
"Ever experienced long COVID, as a percentage of adults who ever had COVID",By State,Wisconsin,Wisconsin,"3,6","Sep 14 - Sep 26, 2022",25.1
"Ever experienced long COVID, as a percentage of adults who ever had COVID",By State,Wyoming,Wyoming,"3,6","Sep 14 - Sep 26, 2022",40.3
"Currently experiencing long COVID, as a percentage of all adults",By Age,United States,18 - 29 years,-1,"Aug 24 - Sep 13, 2022",
"Currently experiencing long COVID, as a percentage of all adults",By Age,United States,30 - 39 years,-1,"Aug 24 - Sep 13, 2022",
"Currently experiencing long COVID, as a percentage of all adults",By Age,United States,40 - 49 years,-1,"Aug 24 - Sep 13, 2022",
"Currently experiencing long COVID, as a percentage of all adults",By Age,United States,50 - 59 years,-1,"Aug 24 - Sep 13, 2022",
"Currently experiencing long COVID, as a percentage of all adults",By Age,United States,60 - 69 years,-1,"Aug 24 - Sep 13, 2022",
"Currently experiencing long COVID, as a percentage of all adults",By Age,United States,70 - 79 years,-1,"Aug 24 - Sep 13, 2022",
"Currently experiencing long COVID, as a percentage of all adults",By Age,United States,80 years and above,-1,"Aug 24 - Sep 13, 2022",
"Currently experiencing long COVID, as a percentage of all adults",By Age,United States,18 - 29 years,"3,6","Sep 14 - Sep 26, 2022",5.8
"Currently experiencing long COVID, as a percentage of all adults",By Age,United States,30 - 39 years,"3,6","Sep 14 - Sep 26, 2022",7.6
"Currently experiencing long COVID, as a percentage of all adults",By Age,United States,40 - 49 years,"3,6","Sep 14 - Sep 26, 2022",9.0
"Currently experiencing long COVID, as a percentage of all adults",By Age,United States,50 - 59 years,"3,6","Sep 14 - Sep 26, 2022",8.5
"Currently experiencing long COVID, as a percentage of all adults",By Age,United States,60 - 69 years,"3,6","Sep 14 - Sep 26, 2022",6.5
"Currently experiencing long COVID, as a percentage of all adults",By Age,United States,70 - 79 years,"3,6","Sep 14 - Sep 26, 2022",5.2
"Currently experiencing long COVID, as a percentage of all adults",By Age,United States,80 years and above,"3,6","Sep 14 - Sep 26, 2022",4.8
"Currently experiencing long COVID, as a percentage of all adults",By State,Alabama,Alabama,"3,6","Sep 14 - Sep 26, 2022",7.6
"Currently experiencing long COVID, as a percentage of all adults",By State,Alaska,Alaska,"3,6","Sep 14 - Sep 26, 2022",8.1
"Currently experiencing long COVID, as a percentage of all adults",By State,Arizona,Arizona,"3,6","Sep 14 - Sep 26, 2022",6.2
"Currently experiencing long COVID, as a percentage of all adults",By State,Arkansas,Arkansas,"3,6","Sep 14 - Sep 26, 2022",9.1
"Currently experiencing long COVID, as a percentage of all adults",By State,California,California,"3,6","Sep 14 - Sep 26, 2022",6.3
"Currently experiencing long COVID, as a percentage of all adults",By State,Colorado,Colorado,"3,6","Sep 14 - Sep 26, 2022",7.8
"Currently experiencing long COVID, as a percentage of all adults",By State,Connecticut,Connecticut,"3,6","Sep 14 - Sep 26, 2022",6.5
"Currently experiencing long COVID, as a percentage of all adults",By State,Delaware,Delaware,"3,6","Sep 14 - Sep 26, 2022",8.3
"Currently experiencing long COVID, as a percentage of all adults",By State,District of Columbia,District of Columbia,"3,6","Sep 14 - Sep 26, 2022",
"Currently experiencing long COVID, as a percentage of all adults",By State,Florida,Florida,"3,6","Sep 14 - Sep 26, 2022",6.9
"Currently experiencing long COVID, as a percentage of all adults",By State,Georgia,Georgia,"3,6","Sep 14 - Sep 26, 2022",8.2
"Currently experiencing long COVID, as a percentage of all adults",By State,Hawaii,Hawaii,"3,6","Sep 14 - Sep 26, 2022",4.9
"Currently experiencing long COVID, as a percentage of all adults",By State,Idaho,Idaho,"3,6","Sep 14 - Sep 26, 2022",9.8
"Currently experiencing long COVID, as a percentage of all adults",By State,Illinois,Illinois,"3,6","Sep 14 - Sep 26, 2022",4.8
"Currently experiencing long COVID, as a percentage of all adults",By State,Indiana,Indiana,"3,6","Sep 14 - Sep 26, 2022",8.9
"Currently experiencing long COVID, as a percentage of all adults",By State,Iowa,Iowa,"3,6","Sep 14 - Sep 26, 2022",6.3
"Currently experiencing long COVID, as a percentage of all adults",By State,Kansas,Kansas,"3,6","Sep 14 - Sep 26, 2022",8.1
"Currently experiencing long COVID, as a percentage of all adults",By State,Kentucky,Kentucky,"3,6","Sep 14 - Sep 26, 2022",6.8
"Currently experiencing long COVID, as a percentage of all adults",By State,Louisiana,Louisiana,"3,6","Sep 14 - Sep 26, 2022",7.2
"Currently experiencing long COVID, as a percentage of all adults",By State,Maine,Maine,"3,6","Sep 14 - Sep 26, 2022",
"Currently experiencing long COVID, as a percentage of all adults",By State,Maryland,Maryland,"3,6","Sep 14 - Sep 26, 2022",6.9
"Currently experiencing long COVID, as a percentage of all adults",By State,Massachusetts,Massachusetts,"3,6","Sep 14 - Sep 26, 2022",6.0
"Currently experiencing long COVID, as a percentage of all adults",By State,Michigan,Michigan,"3,6","Sep 14 - Sep 26, 2022",8.2
"Currently experiencing long COVID, as a percentage of all adults",By State,Minnesota,Minnesota,"3,6","Sep 14 - Sep 26, 2022",6.6
"Currently experiencing long COVID, as a percentage of all adults",By State,Mississippi,Mississippi,"3,6","Sep 14 - Sep 26, 2022",8.8
"Currently experiencing long COVID, as a percentage of all adults",By State,Missouri,Missouri,"3,6","Sep 14 - Sep 26, 2022",7.8
"Currently experiencing long COVID, as a percentage of all adults",By State,Montana,Montana,"3,6","Sep 14 - Sep 26, 2022",9.6
"Currently experiencing long COVID, as a percentage of all adults",By State,Nebraska,Nebraska,"3,6","Sep 14 - Sep 26, 2022",7.0
"Currently experiencing long COVID, as a percentage of all adults",By State,Nevada,Nevada,"3,6","Sep 14 - Sep 26, 2022",6.2
"Currently experiencing long COVID, as a percentage of all adults",By State,New Hampshire,New Hampshire,"3,6","Sep 14 - Sep 26, 2022",7.3
"Currently experiencing long COVID, as a percentage of all adults",By State,New Jersey,New Jersey,"3,6","Sep 14 - Sep 26, 2022",6.7
"Currently experiencing long COVID, as a percentage of all adults",By State,New Mexico,New Mexico,"3,6","Sep 14 - Sep 26, 2022",8.4
"Currently experiencing long COVID, as a percentage of all adults",By State,New York,New York,"3,6","Sep 14 - Sep 26, 2022",9.6
"Currently experiencing long COVID, as a percentage of all adults",By State,North Carolina,North Carolina,"3,6","Sep 14 - Sep 26, 2022",5.7
"Currently experiencing long COVID, as a percentage of all adults",By State,North Dakota,North Dakota,"3,6","Sep 14 - Sep 26, 2022",10.3
"Currently experiencing long COVID, as a percentage of all adults",By State,Ohio,Ohio,"3,6","Sep 14 - Sep 26, 2022",6.0
"Currently experiencing long COVID, as a percentage of all adults",By State,Oklahoma,Oklahoma,"3,6","Sep 14 - Sep 26, 2022",10.5
"Currently experiencing long COVID, as a percentage of all adults",By State,Oregon,Oregon,"3,6","Sep 14 - Sep 26, 2022",6.6
"Currently experiencing long COVID, as a percentage of all adults",By State,Pennsylvania,Pennsylvania,"3,6","Sep 14 - Sep 26, 2022",6.6
"Currently experiencing long COVID, as a percentage of all adults",By State,Rhode Island,Rhode Island,"3,6","Sep 14 - Sep 26, 2022",6.1
"Currently experiencing long COVID, as a percentage of all adults",By State,South Carolina,South Carolina,"3,6","Sep 14 - Sep 26, 2022",8.2
"Currently experiencing long COVID, as a percentage of all adults",By State,South Dakota,South Dakota,"3,6","Sep 14 - Sep 26, 2022",8.1
"Currently experiencing long COVID, as a percentage of all adults",By State,Tennessee,Tennessee,"3,6","Sep 14 - Sep 26, 2022",9.1
"Currently experiencing long COVID, as a percentage of all adults",By State,Texas,Texas,"3,6","Sep 14 - Sep 26, 2022",7.4
"Currently experiencing long COVID, as a percentage of all adults",By State,Utah,Utah,"3,6","Sep 14 - Sep 26, 2022",5.8
"Currently experiencing long COVID, as a percentage of all adults",By State,Vermont,Vermont,"3,6","Sep 14 - Sep 26, 2022",4.8
"Currently experiencing long COVID, as a percentage of all adults",By State,Virginia,Virginia,"3,6","Sep 14 - Sep 26, 2022",6.0
"Currently experiencing long COVID, as a percentage of all adults",By State,Washington,Washington,"3,6","Sep 14 - Sep 26, 2022",7.1
"Currently experiencing long COVID, as a percentage of all adults",By State,West Virginia,West Virginia,"3,6","Sep 14 - Sep 26, 2022",16.5
"Currently experiencing long COVID, as a percentage of all adults",By State,Wisconsin,Wisconsin,"3,6","Sep 14 - Sep 26, 2022",5.1
"Currently experiencing long COVID, as a percentage of all adults",By State,Wyoming,Wyoming,"3,6","Sep 14 - Sep 26, 2022",10.2
"Any activity limitations from long COVID, as a percentage of adults who currently have long COVID",By Age,United States,18 - 29 years,"3,6","Sep 14 - Sep 26, 2022",86.3
"Any activity limitations from long COVID, as a percentage of adults who currently have long COVID",By Age,United States,30 - 39 years,"3,6","Sep 14 - Sep 26, 2022",80.3
"Any activity limitations from long COVID, as a percentage of adults who currently have long COVID",By Age,United States,40 - 49 years,"3,6","Sep 14 - Sep 26, 2022",76.1
"Any activity limitations from long COVID, as a percentage of adults who currently have long COVID",By Age,United States,50 - 59 years,"3,6","Sep 14 - Sep 26, 2022",84.7
"Any activity limitations from long COVID, as a percentage of adults who currently have long COVID",By Age,United States,60 - 69 years,"3,6","Sep 14 - Sep 26, 2022",80.8
"Any activity limitations from long COVID, as a percentage of adults who currently have long COVID",By Age,United States,70 - 79 years,"3,6","Sep 14 - Sep 26, 2022",81.7
"Any activity limitations from long COVID, as a percentage of adults who currently have long COVID",By Age,United States,80 years and above,"3,6","Sep 14 - Sep 26, 2022",
"Any activity limitations from long COVID, as a percentage of adults who currently have long COVID",By State,Alabama,Alabama,"3,6","Sep 14 - Sep 26, 2022",
"Any activity limitations from long COVID, as a percentage of adults who currently have long COVID",By State,Alaska,Alaska,"3,6","Sep 14 - Sep 26, 2022",
"Any activity limitations from long COVID, as a percentage of adults who currently have long COVID",By State,Arizona,Arizona,"3,6","Sep 14 - Sep 26, 2022",
"Any activity limitations from long COVID, as a percentage of adults who currently have long COVID",By State,Arkansas,Arkansas,"3,6","Sep 14 - Sep 26, 2022",
"Any activity limitations from long COVID, as a percentage of adults who currently have long COVID",By State,California,California,"3,6","Sep 14 - Sep 26, 2022",79.0
"Any activity limitations from long COVID, as a percentage of adults who currently have long COVID",By State,Colorado,Colorado,"3,6","Sep 14 - Sep 26, 2022",
"Any activity limitations from long COVID, as a percentage of adults who currently have long COVID",By State,Connecticut,Connecticut,"3,6","Sep 14 - Sep 26, 2022",76.4
"Any activity limitations from long COVID, as a percentage of adults who currently have long COVID",By State,Delaware,Delaware,"3,6","Sep 14 - Sep 26, 2022",
"Any activity limitations from long COVID, as a percentage of adults who currently have long COVID",By State,District of Columbia,District of Columbia,"3,6","Sep 14 - Sep 26, 2022",
"Any activity limitations from long COVID, as a percentage of adults who currently have long COVID",By State,Florida,Florida,"3,6","Sep 14 - Sep 26, 2022",80.0
"Any activity limitations from long COVID, as a percentage of adults who currently have long COVID",By State,Georgia,Georgia,"3,6","Sep 14 - Sep 26, 2022",
"Any activity limitations from long COVID, as a percentage of adults who currently have long COVID",By State,Hawaii,Hawaii,"3,6","Sep 14 - Sep 26, 2022",
"Any activity limitations from long COVID, as a percentage of adults who currently have long COVID",By State,Idaho,Idaho,"3,6","Sep 14 - Sep 26, 2022",
"Any activity limitations from long COVID, as a percentage of adults who currently have long COVID",By State,Illinois,Illinois,"3,6","Sep 14 - Sep 26, 2022",
"Any activity limitations from long COVID, as a percentage of adults who currently have long COVID",By State,Indiana,Indiana,"3,6","Sep 14 - Sep 26, 2022",
"Any activity limitations from long COVID, as a percentage of adults who currently have long COVID",By State,Iowa,Iowa,"3,6","Sep 14 - Sep 26, 2022",73.2
"Any activity limitations from long COVID, as a percentage of adults who currently have long COVID",By State,Kansas,Kansas,"3,6","Sep 14 - Sep 26, 2022",
"Any activity limitations from long COVID, as a percentage of adults who currently have long COVID",By State,Kentucky,Kentucky,"3,6","Sep 14 - Sep 26, 2022",69.0
"Any activity limitations from long COVID, as a percentage of adults who currently have long COVID",By State,Louisiana,Louisiana,"3,6","Sep 14 - Sep 26, 2022",
"Any activity limitations from long COVID, as a percentage of adults who currently have long COVID",By State,Maine,Maine,"3,6","Sep 14 - Sep 26, 2022",
"Any activity limitations from long COVID, as a percentage of adults who currently have long COVID",By State,Maryland,Maryland,"3,6","Sep 14 - Sep 26, 2022",
"Any activity limitations from long COVID, as a percentage of adults who currently have long COVID",By State,Massachusetts,Massachusetts,"3,6","Sep 14 - Sep 26, 2022",81.7
"Any activity limitations from long COVID, as a percentage of adults who currently have long COVID",By State,Michigan,Michigan,"3,6","Sep 14 - Sep 26, 2022",83.9
"Any activity limitations from long COVID, as a percentage of adults who currently have long COVID",By State,Minnesota,Minnesota,"3,6","Sep 14 - Sep 26, 2022",76.7
"Any activity limitations from long COVID, as a percentage of adults who currently have long COVID",By State,Mississippi,Mississippi,"3,6","Sep 14 - Sep 26, 2022",
"Any activity limitations from long COVID, as a percentage of adults who currently have long COVID",By State,Missouri,Missouri,"3,6","Sep 14 - Sep 26, 2022",
"Any activity limitations from long COVID, as a percentage of adults who currently have long COVID",By State,Montana,Montana,"3,6","Sep 14 - Sep 26, 2022",
"Any activity limitations from long COVID, as a percentage of adults who currently have long COVID",By State,Nebraska,Nebraska,"3,6","Sep 14 - Sep 26, 2022",77.9
"Any activity limitations from long COVID, as a percentage of adults who currently have long COVID",By State,Nevada,Nevada,"3,6","Sep 14 - Sep 26, 2022",
"Any activity limitations from long COVID, as a percentage of adults who currently have long COVID",By State,New Hampshire,New Hampshire,"3,6","Sep 14 - Sep 26, 2022",
"Any activity limitations from long COVID, as a percentage of adults who currently have long COVID",By State,New Jersey,New Jersey,"3,6","Sep 14 - Sep 26, 2022",
"Any activity limitations from long COVID, as a percentage of adults who currently have long COVID",By State,New Mexico,New Mexico,"3,6","Sep 14 - Sep 26, 2022",
"Any activity limitations from long COVID, as a percentage of adults who currently have long COVID",By State,New York,New York,"3,6","Sep 14 - Sep 26, 2022",
"Any activity limitations from long COVID, as a percentage of adults who currently have long COVID",By State,North Carolina,North Carolina,"3,6","Sep 14 - Sep 26, 2022",
"Any activity limitations from long COVID, as a percentage of adults who currently have long COVID",By State,North Dakota,North Dakota,"3,6","Sep 14 - Sep 26, 2022",
"Any activity limitations from long COVID, as a percentage of adults who currently have long COVID",By State,Ohio,Ohio,"3,6","Sep 14 - Sep 26, 2022",
"Any activity limitations from long COVID, as a percentage of adults who currently have long COVID",By State,Oklahoma,Oklahoma,"3,6","Sep 14 - Sep 26, 2022",73.7
"Any activity limitations from long COVID, as a percentage of adults who currently have long COVID",By State,Oregon,Oregon,"3,6","Sep 14 - Sep 26, 2022",
"Any activity limitations from long COVID, as a percentage of adults who currently have long COVID",By State,Pennsylvania,Pennsylvania,"3,6","Sep 14 - Sep 26, 2022",
"Any activity limitations from long COVID, as a percentage of adults who currently have long COVID",By State,Rhode Island,Rhode Island,"3,6","Sep 14 - Sep 26, 2022",
"Any activity limitations from long COVID, as a percentage of adults who currently have long COVID",By State,South Carolina,South Carolina,"3,6","Sep 14 - Sep 26, 2022",
"Any activity limitations from long COVID, as a percentage of adults who currently have long COVID",By State,South Dakota,South Dakota,"3,6","Sep 14 - Sep 26, 2022",80.3
"Any activity limitations from long COVID, as a percentage of adults who currently have long COVID",By State,Tennessee,Tennessee,"3,6","Sep 14 - Sep 26, 2022",83.2
"Any activity limitations from long COVID, as a percentage of adults who currently have long COVID",By State,Texas,Texas,"3,6","Sep 14 - Sep 26, 2022",87.6
"Any activity limitations from long COVID, as a percentage of adults who currently have long COVID",By State,Utah,Utah,"3,6","Sep 14 - Sep 26, 2022",77.7
"Any activity limitations from long COVID, as a percentage of adults who currently have long COVID",By State,Vermont,Vermont,"3,6","Sep 14 - Sep 26, 2022",
"Any activity limitations from long COVID, as a percentage of adults who currently have long COVID",By State,Virginia,Virginia,"3,6","Sep 14 - Sep 26, 2022",
"Any activity limitations from long COVID, as a percentage of adults who currently have long COVID",By State,Washington,Washington,"3,6","Sep 14 - Sep 26, 2022",
"Any activity limitations from long COVID, as a percentage of adults who currently have long COVID",By State,West Virginia,West Virginia,"3,6","Sep 14 - Sep 26, 2022",
"Any activity limitations from long COVID, as a percentage of adults who currently have long COVID",By State,Wisconsin,Wisconsin,"3,6","Sep 14 - Sep 26, 2022",
"Any activity limitations from long COVID, as a percentage of adults who currently have long COVID",By State,Wyoming,Wyoming,"3,6","Sep 14 - Sep 26, 2022",
"Ever experienced long COVID, as a percentage of adults who ever had COVID",By Age,United States,18 - 29 years,"3,6","Oct 5 - Oct 17, 2022",26.9
"Ever experienced long COVID, as a percentage of adults who ever had COVID",By Age,United States,30 - 39 years,"3,6","Oct 5 - Oct 17, 2022",31.7
"Ever experienced long COVID, as a percentage of adults who ever had COVID",By Age,United States,40 - 49 years,"3,6","Oct 5 - Oct 17, 2022",32.6
"Ever experienced long COVID, as a percentage of adults who ever had COVID",By Age,United States,50 - 59 years,"3,6","Oct 5 - Oct 17, 2022",32.3
"Ever experienced long COVID, as a percentage of adults who ever had COVID",By Age,United States,60 - 69 years,"3,6","Oct 5 - Oct 17, 2022",28.0
"Ever experienced long COVID, as a percentage of adults who ever had COVID",By Age,United States,70 - 79 years,"3,6","Oct 5 - Oct 17, 2022",22.7
"Ever experienced long COVID, as a percentage of adults who ever had COVID",By Age,United States,80 years and above,"3,6","Oct 5 - Oct 17, 2022",18.5
"Ever experienced long COVID, as a percentage of adults who ever had COVID",By State,Alabama,Alabama,"3,6","Oct 5 - Oct 17, 2022",32.1
"Ever experienced long COVID, as a percentage of adults who ever had COVID",By State,Alaska,Alaska,"3,6","Oct 5 - Oct 17, 2022",30.7
"Ever experienced long COVID, as a percentage of adults who ever had COVID",By State,Arizona,Arizona,"3,6","Oct 5 - Oct 17, 2022",34.7
"Ever experienced long COVID, as a percentage of adults who ever had COVID",By State,Arkansas,Arkansas,"3,6","Oct 5 - Oct 17, 2022",39.6
"Ever experienced long COVID, as a percentage of adults who ever had COVID",By State,California,California,"3,6","Oct 5 - Oct 17, 2022",28.2
"Ever experienced long COVID, as a percentage of adults who ever had COVID",By State,Colorado,Colorado,"3,6","Oct 5 - Oct 17, 2022",36.6
"Ever experienced long COVID, as a percentage of adults who ever had COVID",By State,Connecticut,Connecticut,"3,6","Oct 5 - Oct 17, 2022",22.1
"Ever experienced long COVID, as a percentage of adults who ever had COVID",By State,Delaware,Delaware,"3,6","Oct 5 - Oct 17, 2022",24.5
"Ever experienced long COVID, as a percentage of adults who ever had COVID",By State,District of Columbia,District of Columbia,"3,6","Oct 5 - Oct 17, 2022",22.0
"Ever experienced long COVID, as a percentage of adults who ever had COVID",By State,Florida,Florida,"3,6","Oct 5 - Oct 17, 2022",27.5
"Ever experienced long COVID, as a percentage of adults who ever had COVID",By State,Georgia,Georgia,"3,6","Oct 5 - Oct 17, 2022",31.2
"Ever experienced long COVID, as a percentage of adults who ever had COVID",By State,Hawaii,Hawaii,"3,6","Oct 5 - Oct 17, 2022",20.6
"Ever experienced long COVID, as a percentage of adults who ever had COVID",By State,Idaho,Idaho,"3,6","Oct 5 - Oct 17, 2022",36.0
"Ever experienced long COVID, as a percentage of adults who ever had COVID",By State,Illinois,Illinois,"3,6","Oct 5 - Oct 17, 2022",27.2
"Ever experienced long COVID, as a percentage of adults who ever had COVID",By State,Indiana,Indiana,"3,6","Oct 5 - Oct 17, 2022",36.6
"Ever experienced long COVID, as a percentage of adults who ever had COVID",By State,Iowa,Iowa,"3,6","Oct 5 - Oct 17, 2022",28.7
"Ever experienced long COVID, as a percentage of adults who ever had COVID",By State,Kansas,Kansas,"3,6","Oct 5 - Oct 17, 2022",25.1
"Ever experienced long COVID, as a percentage of adults who ever had COVID",By State,Kentucky,Kentucky,"3,6","Oct 5 - Oct 17, 2022",38.9
"Ever experienced long COVID, as a percentage of adults who ever had COVID",By State,Louisiana,Louisiana,"3,6","Oct 5 - Oct 17, 2022",39.3
"Ever experienced long COVID, as a percentage of adults who ever had COVID",By State,Maine,Maine,"3,6","Oct 5 - Oct 17, 2022",24.1
"Ever experienced long COVID, as a percentage of adults who ever had COVID",By State,Maryland,Maryland,"3,6","Oct 5 - Oct 17, 2022",22.0
"Ever experienced long COVID, as a percentage of adults who ever had COVID",By State,Massachusetts,Massachusetts,"3,6","Oct 5 - Oct 17, 2022",29.1
"Ever experienced long COVID, as a percentage of adults who ever had COVID",By State,Michigan,Michigan,"3,6","Oct 5 - Oct 17, 2022",28.8
"Ever experienced long COVID, as a percentage of adults who ever had COVID",By State,Minnesota,Minnesota,"3,6","Oct 5 - Oct 17, 2022",31.3
"Ever experienced long COVID, as a percentage of adults who ever had COVID",By State,Mississippi,Mississippi,"3,6","Oct 5 - Oct 17, 2022",31.7
"Ever experienced long COVID, as a percentage of adults who ever had COVID",By State,Missouri,Missouri,"3,6","Oct 5 - Oct 17, 2022",33.1
"Ever experienced long COVID, as a percentage of adults who ever had COVID",By State,Montana,Montana,"3,6","Oct 5 - Oct 17, 2022",30.5
"Ever experienced long COVID, as a percentage of adults who ever had COVID",By State,Nebraska,Nebraska,"3,6","Oct 5 - Oct 17, 2022",32.1
"Ever experienced long COVID, as a percentage of adults who ever had COVID",By State,Nevada,Nevada,"3,6","Oct 5 - Oct 17, 2022",29.5
"Ever experienced long COVID, as a percentage of adults who ever had COVID",By State,New Hampshire,New Hampshire,"3,6","Oct 5 - Oct 17, 2022",27.6
"Ever experienced long COVID, as a percentage of adults who ever had COVID",By State,New Jersey,New Jersey,"3,6","Oct 5 - Oct 17, 2022",24.5
"Ever experienced long COVID, as a percentage of adults who ever had COVID",By State,New Mexico,New Mexico,"3,6","Oct 5 - Oct 17, 2022",32.1
"Ever experienced long COVID, as a percentage of adults who ever had COVID",By State,New York,New York,"3,6","Oct 5 - Oct 17, 2022",28.9
"Ever experienced long COVID, as a percentage of adults who ever had COVID",By State,North Carolina,North Carolina,"3,6","Oct 5 - Oct 17, 2022",25.0
"Ever experienced long COVID, as a percentage of adults who ever had COVID",By State,North Dakota,North Dakota,"3,6","Oct 5 - Oct 17, 2022",39.8
"Ever experienced long COVID, as a percentage of adults who ever had COVID",By State,Ohio,Ohio,"3,6","Oct 5 - Oct 17, 2022",32.2
"Ever experienced long COVID, as a percentage of adults who ever had COVID",By State,Oklahoma,Oklahoma,"3,6","Oct 5 - Oct 17, 2022",38.5
"Ever experienced long COVID, as a percentage of adults who ever had COVID",By State,Oregon,Oregon,"3,6","Oct 5 - Oct 17, 2022",29.9
"Ever experienced long COVID, as a percentage of adults who ever had COVID",By State,Pennsylvania,Pennsylvania,"3,6","Oct 5 - Oct 17, 2022",24.7
"Ever experienced long COVID, as a percentage of adults who ever had COVID",By State,Rhode Island,Rhode Island,"3,6","Oct 5 - Oct 17, 2022",22.7
"Ever experienced long COVID, as a percentage of adults who ever had COVID",By State,South Carolina,South Carolina,"3,6","Oct 5 - Oct 17, 2022",28.4
"Ever experienced long COVID, as a percentage of adults who ever had COVID",By State,South Dakota,South Dakota,"3,6","Oct 5 - Oct 17, 2022",27.1
"Ever experienced long COVID, as a percentage of adults who ever had COVID",By State,Tennessee,Tennessee,"3,6","Oct 5 - Oct 17, 2022",27.2
"Ever experienced long COVID, as a percentage of adults who ever had COVID",By State,Texas,Texas,"3,6","Oct 5 - Oct 17, 2022",32.0
"Ever experienced long COVID, as a percentage of adults who ever had COVID",By State,Utah,Utah,"3,6","Oct 5 - Oct 17, 2022",35.1
"Ever experienced long COVID, as a percentage of adults who ever had COVID",By State,Vermont,Vermont,"3,6","Oct 5 - Oct 17, 2022",23.2
"Ever experienced long COVID, as a percentage of adults who ever had COVID",By State,Virginia,Virginia,"3,6","Oct 5 - Oct 17, 2022",25.7
"Ever experienced long COVID, as a percentage of adults who ever had COVID",By State,Washington,Washington,"3,6","Oct 5 - Oct 17, 2022",24.4
"Ever experienced long COVID, as a percentage of adults who ever had COVID",By State,West Virginia,West Virginia,"3,6","Oct 5 - Oct 17, 2022",39.9
"Ever experienced long COVID, as a percentage of adults who ever had COVID",By State,Wisconsin,Wisconsin,"3,6","Oct 5 - Oct 17, 2022",30.7
"Ever experienced long COVID, as a percentage of adults who ever had COVID",By State,Wyoming,Wyoming,"3,6","Oct 5 - Oct 17, 2022",38.6
"Currently experiencing long COVID, as a percentage of all adults",By Age,United States,18 - 29 years,"3,6","Oct 5 - Oct 17, 2022",6.5
"Currently experiencing long COVID, as a percentage of all adults",By Age,United States,30 - 39 years,"3,6","Oct 5 - Oct 17, 2022",8.1
"Currently experiencing long COVID, as a percentage of all adults",By Age,United States,40 - 49 years,"3,6","Oct 5 - Oct 17, 2022",8.3
"Currently experiencing long COVID, as a percentage of all adults",By Age,United States,50 - 59 years,"3,6","Oct 5 - Oct 17, 2022",8.1
"Currently experiencing long COVID, as a percentage of all adults",By Age,United States,60 - 69 years,"3,6","Oct 5 - Oct 17, 2022",6.3
"Currently experiencing long COVID, as a percentage of all adults",By Age,United States,70 - 79 years,"3,6","Oct 5 - Oct 17, 2022",4.9
"Currently experiencing long COVID, as a percentage of all adults",By Age,United States,80 years and above,"3,6","Oct 5 - Oct 17, 2022",2.6
"Currently experiencing long COVID, as a percentage of all adults",By State,Alabama,Alabama,"3,6","Oct 5 - Oct 17, 2022",8.0
"Currently experiencing long COVID, as a percentage of all adults",By State,Alaska,Alaska,"3,6","Oct 5 - Oct 17, 2022",8.8
"Currently experiencing long COVID, as a percentage of all adults",By State,Arizona,Arizona,"3,6","Oct 5 - Oct 17, 2022",7.9
"Currently experiencing long COVID, as a percentage of all adults",By State,Arkansas,Arkansas,"3,6","Oct 5 - Oct 17, 2022",10.5
"Currently experiencing long COVID, as a percentage of all adults",By State,California,California,"3,6","Oct 5 - Oct 17, 2022",7.7
"Currently experiencing long COVID, as a percentage of all adults",By State,Colorado,Colorado,"3,6","Oct 5 - Oct 17, 2022",8.0
"Currently experiencing long COVID, as a percentage of all adults",By State,Connecticut,Connecticut,"3,6","Oct 5 - Oct 17, 2022",5.0
"Currently experiencing long COVID, as a percentage of all adults",By State,Delaware,Delaware,"3,6","Oct 5 - Oct 17, 2022",5.9
"Currently experiencing long COVID, as a percentage of all adults",By State,District of Columbia,District of Columbia,"3,6","Oct 5 - Oct 17, 2022",3.2
"Currently experiencing long COVID, as a percentage of all adults",By State,Florida,Florida,"3,6","Oct 5 - Oct 17, 2022",4.8
"Currently experiencing long COVID, as a percentage of all adults",By State,Georgia,Georgia,"3,6","Oct 5 - Oct 17, 2022",6.6
"Currently experiencing long COVID, as a percentage of all adults",By State,Hawaii,Hawaii,"3,6","Oct 5 - Oct 17, 2022",2.5
"Currently experiencing long COVID, as a percentage of all adults",By State,Idaho,Idaho,"3,6","Oct 5 - Oct 17, 2022",8.1
"Currently experiencing long COVID, as a percentage of all adults",By State,Illinois,Illinois,"3,6","Oct 5 - Oct 17, 2022",6.6
"Currently experiencing long COVID, as a percentage of all adults",By State,Indiana,Indiana,"3,6","Oct 5 - Oct 17, 2022",10.0
"Currently experiencing long COVID, as a percentage of all adults",By State,Iowa,Iowa,"3,6","Oct 5 - Oct 17, 2022",6.2
"Currently experiencing long COVID, as a percentage of all adults",By State,Kansas,Kansas,"3,6","Oct 5 - Oct 17, 2022",5.8
"Currently experiencing long COVID, as a percentage of all adults",By State,Kentucky,Kentucky,"3,6","Oct 5 - Oct 17, 2022",10.6
"Currently experiencing long COVID, as a percentage of all adults",By State,Louisiana,Louisiana,"3,6","Oct 5 - Oct 17, 2022",11.3
"Currently experiencing long COVID, as a percentage of all adults",By State,Maine,Maine,"3,6","Oct 5 - Oct 17, 2022",5.5
"Currently experiencing long COVID, as a percentage of all adults",By State,Maryland,Maryland,"3,6","Oct 5 - Oct 17, 2022",5.2
"Currently experiencing long COVID, as a percentage of all adults",By State,Massachusetts,Massachusetts,"3,6","Oct 5 - Oct 17, 2022",7.4
"Currently experiencing long COVID, as a percentage of all adults",By State,Michigan,Michigan,"3,6","Oct 5 - Oct 17, 2022",6.8
"Currently experiencing long COVID, as a percentage of all adults",By State,Minnesota,Minnesota,"3,6","Oct 5 - Oct 17, 2022",9.8
"Currently experiencing long COVID, as a percentage of all adults",By State,Mississippi,Mississippi,"3,6","Oct 5 - Oct 17, 2022",7.8
"Currently experiencing long COVID, as a percentage of all adults",By State,Missouri,Missouri,"3,6","Oct 5 - Oct 17, 2022",8.7
"Currently experiencing long COVID, as a percentage of all adults",By State,Montana,Montana,"3,6","Oct 5 - Oct 17, 2022",8.3
"Currently experiencing long COVID, as a percentage of all adults",By State,Nebraska,Nebraska,"3,6","Oct 5 - Oct 17, 2022",6.6
"Currently experiencing long COVID, as a percentage of all adults",By State,Nevada,Nevada,"3,6","Oct 5 - Oct 17, 2022",5.6
"Currently experiencing long COVID, as a percentage of all adults",By State,New Hampshire,New Hampshire,"3,6","Oct 5 - Oct 17, 2022",6.0
"Currently experiencing long COVID, as a percentage of all adults",By State,New Jersey,New Jersey,"3,6","Oct 5 - Oct 17, 2022",4.5
"Currently experiencing long COVID, as a percentage of all adults",By State,New Mexico,New Mexico,"3,6","Oct 5 - Oct 17, 2022",5.7
"Currently experiencing long COVID, as a percentage of all adults",By State,New York,New York,"3,6","Oct 5 - Oct 17, 2022",8.0
"Currently experiencing long COVID, as a percentage of all adults",By State,North Carolina,North Carolina,"3,6","Oct 5 - Oct 17, 2022",6.1
"Currently experiencing long COVID, as a percentage of all adults",By State,North Dakota,North Dakota,"3,6","Oct 5 - Oct 17, 2022",9.2
"Currently experiencing long COVID, as a percentage of all adults",By State,Ohio,Ohio,"3,6","Oct 5 - Oct 17, 2022",7.6
"Currently experiencing long COVID, as a percentage of all adults",By State,Oklahoma,Oklahoma,"3,6","Oct 5 - Oct 17, 2022",7.8
"Currently experiencing long COVID, as a percentage of all adults",By State,Oregon,Oregon,"3,6","Oct 5 - Oct 17, 2022",6.0
"Currently experiencing long COVID, as a percentage of all adults",By State,Pennsylvania,Pennsylvania,"3,6","Oct 5 - Oct 17, 2022",5.3
"Currently experiencing long COVID, as a percentage of all adults",By State,Rhode Island,Rhode Island,"3,6","Oct 5 - Oct 17, 2022",5.6
"Currently experiencing long COVID, as a percentage of all adults",By State,South Carolina,South Carolina,"3,6","Oct 5 - Oct 17, 2022",7.6
"Currently experiencing long COVID, as a percentage of all adults",By State,South Dakota,South Dakota,"3,6","Oct 5 - Oct 17, 2022",6.5
"Currently experiencing long COVID, as a percentage of all adults",By State,Tennessee,Tennessee,"3,6","Oct 5 - Oct 17, 2022",7.1
"Currently experiencing long COVID, as a percentage of all adults",By State,Texas,Texas,"3,6","Oct 5 - Oct 17, 2022",7.1
"Currently experiencing long COVID, as a percentage of all adults",By State,Utah,Utah,"3,6","Oct 5 - Oct 17, 2022",8.4
"Currently experiencing long COVID, as a percentage of all adults",By State,Vermont,Vermont,"3,6","Oct 5 - Oct 17, 2022",6.7
"Currently experiencing long COVID, as a percentage of all adults",By State,Virginia,Virginia,"3,6","Oct 5 - Oct 17, 2022",5.1
"Currently experiencing long COVID, as a percentage of all adults",By State,Washington,Washington,"3,6","Oct 5 - Oct 17, 2022",6.6
"Currently experiencing long COVID, as a percentage of all adults",By State,West Virginia,West Virginia,"3,6","Oct 5 - Oct 17, 2022",9.3
"Currently experiencing long COVID, as a percentage of all adults",By State,Wisconsin,Wisconsin,"3,6","Oct 5 - Oct 17, 2022",8.9
"Currently experiencing long COVID, as a percentage of all adults",By State,Wyoming,Wyoming,"3,6","Oct 5 - Oct 17, 2022",9.3
"Any activity limitations from long COVID, as a percentage of adults who currently have long COVID",By Age,United States,18 - 29 years,"3,6","Oct 5 - Oct 17, 2022",80.4
"Any activity limitations from long COVID, as a percentage of adults who currently have long COVID",By Age,United States,30 - 39 years,"3,6","Oct 5 - Oct 17, 2022",80.6
"Any activity limitations from long COVID, as a percentage of adults who currently have long COVID",By Age,United States,40 - 49 years,"3,6","Oct 5 - Oct 17, 2022",75.5
"Any activity limitations from long COVID, as a percentage of adults who currently have long COVID",By Age,United States,50 - 59 years,"3,6","Oct 5 - Oct 17, 2022",83.4
"Any activity limitations from long COVID, as a percentage of adults who currently have long COVID",By Age,United States,60 - 69 years,"3,6","Oct 5 - Oct 17, 2022",80.4
"Any activity limitations from long COVID, as a percentage of adults who currently have long COVID",By Age,United States,70 - 79 years,"3,6","Oct 5 - Oct 17, 2022",78.1
"Any activity limitations from long COVID, as a percentage of adults who currently have long COVID",By Age,United States,80 years and above,"3,6","Oct 5 - Oct 17, 2022",
"Any activity limitations from long COVID, as a percentage of adults who currently have long COVID",By State,Alabama,Alabama,"3,6","Oct 5 - Oct 17, 2022",
"Any activity limitations from long COVID, as a percentage of adults who currently have long COVID",By State,Alaska,Alaska,"3,6","Oct 5 - Oct 17, 2022",
"Any activity limitations from long COVID, as a percentage of adults who currently have long COVID",By State,Arizona,Arizona,"3,6","Oct 5 - Oct 17, 2022",
"Any activity limitations from long COVID, as a percentage of adults who currently have long COVID",By State,Arkansas,Arkansas,"3,6","Oct 5 - Oct 17, 2022",
"Any activity limitations from long COVID, as a percentage of adults who currently have long COVID",By State,California,California,"3,6","Oct 5 - Oct 17, 2022",
"Any activity limitations from long COVID, as a percentage of adults who currently have long COVID",By State,Colorado,Colorado,"3,6","Oct 5 - Oct 17, 2022",79.9
"Any activity limitations from long COVID, as a percentage of adults who currently have long COVID",By State,Connecticut,Connecticut,"3,6","Oct 5 - Oct 17, 2022",
"Any activity limitations from long COVID, as a percentage of adults who currently have long COVID",By State,Delaware,Delaware,"3,6","Oct 5 - Oct 17, 2022",
"Any activity limitations from long COVID, as a percentage of adults who currently have long COVID",By State,District of Columbia,District of Columbia,"3,6","Oct 5 - Oct 17, 2022",
"Any activity limitations from long COVID, as a percentage of adults who currently have long COVID",By State,Florida,Florida,"3,6","Oct 5 - Oct 17, 2022",
"Any activity limitations from long COVID, as a percentage of adults who currently have long COVID",By State,Georgia,Georgia,"3,6","Oct 5 - Oct 17, 2022",
"Any activity limitations from long COVID, as a percentage of adults who currently have long COVID",By State,Hawaii,Hawaii,"3,6","Oct 5 - Oct 17, 2022",
"Any activity limitations from long COVID, as a percentage of adults who currently have long COVID",By State,Idaho,Idaho,"3,6","Oct 5 - Oct 17, 2022",
"Any activity limitations from long COVID, as a percentage of adults who currently have long COVID",By State,Illinois,Illinois,"3,6","Oct 5 - Oct 17, 2022",
"Any activity limitations from long COVID, as a percentage of adults who currently have long COVID",By State,Indiana,Indiana,"3,6","Oct 5 - Oct 17, 2022",
"Any activity limitations from long COVID, as a percentage of adults who currently have long COVID",By State,Iowa,Iowa,"3,6","Oct 5 - Oct 17, 2022",
"Any activity limitations from long COVID, as a percentage of adults who currently have long COVID",By State,Kansas,Kansas,"3,6","Oct 5 - Oct 17, 2022",
"Any activity limitations from long COVID, as a percentage of adults who currently have long COVID",By State,Kentucky,Kentucky,"3,6","Oct 5 - Oct 17, 2022",
"Any activity limitations from long COVID, as a percentage of adults who currently have long COVID",By State,Louisiana,Louisiana,"3,6","Oct 5 - Oct 17, 2022",
"Any activity limitations from long COVID, as a percentage of adults who currently have long COVID",By State,Maine,Maine,"3,6","Oct 5 - Oct 17, 2022",
"Any activity limitations from long COVID, as a percentage of adults who currently have long COVID",By State,Maryland,Maryland,"3,6","Oct 5 - Oct 17, 2022",
"Any activity limitations from long COVID, as a percentage of adults who currently have long COVID",By State,Massachusetts,Massachusetts,"3,6","Oct 5 - Oct 17, 2022",
"Any activity limitations from long COVID, as a percentage of adults who currently have long COVID",By State,Michigan,Michigan,"3,6","Oct 5 - Oct 17, 2022",
"Any activity limitations from long COVID, as a percentage of adults who currently have long COVID",By State,Minnesota,Minnesota,"3,6","Oct 5 - Oct 17, 2022",74.9
"Any activity limitations from long COVID, as a percentage of adults who currently have long COVID",By State,Mississippi,Mississippi,"3,6","Oct 5 - Oct 17, 2022",62.8
"Any activity limitations from long COVID, as a percentage of adults who currently have long COVID",By State,Missouri,Missouri,"3,6","Oct 5 - Oct 17, 2022",
"Any activity limitations from long COVID, as a percentage of adults who currently have long COVID",By State,Montana,Montana,"3,6","Oct 5 - Oct 17, 2022",
"Any activity limitations from long COVID, as a percentage of adults who currently have long COVID",By State,Nebraska,Nebraska,"3,6","Oct 5 - Oct 17, 2022",
"Any activity limitations from long COVID, as a percentage of adults who currently have long COVID",By State,Nevada,Nevada,"3,6","Oct 5 - Oct 17, 2022",
"Any activity limitations from long COVID, as a percentage of adults who currently have long COVID",By State,New Hampshire,New Hampshire,"3,6","Oct 5 - Oct 17, 2022",
"Any activity limitations from long COVID, as a percentage of adults who currently have long COVID",By State,New Jersey,New Jersey,"3,6","Oct 5 - Oct 17, 2022",
"Any activity limitations from long COVID, as a percentage of adults who currently have long COVID",By State,New Mexico,New Mexico,"3,6","Oct 5 - Oct 17, 2022",
"Any activity limitations from long COVID, as a percentage of adults who currently have long COVID",By State,New York,New York,"3,6","Oct 5 - Oct 17, 2022",
"Any activity limitations from long COVID, as a percentage of adults who currently have long COVID",By State,North Carolina,North Carolina,"3,6","Oct 5 - Oct 17, 2022",
"Any activity limitations from long COVID, as a percentage of adults who currently have long COVID",By State,North Dakota,North Dakota,"3,6","Oct 5 - Oct 17, 2022",
"Any activity limitations from long COVID, as a percentage of adults who currently have long COVID",By State,Ohio,Ohio,"3,6","Oct 5 - Oct 17, 2022",
"Any activity limitations from long COVID, as a percentage of adults who currently have long COVID",By State,Oklahoma,Oklahoma,"3,6","Oct 5 - Oct 17, 2022",70.6
"Any activity limitations from long COVID, as a percentage of adults who currently have long COVID",By State,Oregon,Oregon,"3,6","Oct 5 - Oct 17, 2022",
"Any activity limitations from long COVID, as a percentage of adults who currently have long COVID",By State,Pennsylvania,Pennsylvania,"3,6","Oct 5 - Oct 17, 2022",
"Any activity limitations from long COVID, as a percentage of adults who currently have long COVID",By State,Rhode Island,Rhode Island,"3,6","Oct 5 - Oct 17, 2022",
"Any activity limitations from long COVID, as a percentage of adults who currently have long COVID",By State,South Carolina,South Carolina,"3,6","Oct 5 - Oct 17, 2022",
"Any activity limitations from long COVID, as a percentage of adults who currently have long COVID",By State,South Dakota,South Dakota,"3,6","Oct 5 - Oct 17, 2022",
"Any activity limitations from long COVID, as a percentage of adults who currently have long COVID",By State,Tennessee,Tennessee,"3,6","Oct 5 - Oct 17, 2022",
"Any activity limitations from long COVID, as a percentage of adults who currently have long COVID",By State,Texas,Texas,"3,6","Oct 5 - Oct 17, 2022",74.0
"Any activity limitations from long COVID, as a percentage of adults who currently have long COVID",By State,Utah,Utah,"3,6","Oct 5 - Oct 17, 2022",65.4
"Any activity limitations from long COVID, as a percentage of adults who currently have long COVID",By State,Vermont,Vermont,"3,6","Oct 5 - Oct 17, 2022",
"Any activity limitations from long COVID, as a percentage of adults who currently have long COVID",By State,Virginia,Virginia,"3,6","Oct 5 - Oct 17, 2022",
"Any activity limitations from long COVID, as a percentage of adults who currently have long COVID",By State,Washington,Washington,"3,6","Oct 5 - Oct 17, 2022",
"Any activity limitations from long COVID, as a percentage of adults who currently have long COVID",By State,West Virginia,West Virginia,"3,6","Oct 5 - Oct 17, 2022",
"Any activity limitations from long COVID, as a percentage of adults who currently have long COVID",By State,Wisconsin,Wisconsin,"3,6","Oct 5 - Oct 17, 2022",
"Any activity limitations from long COVID, as a percentage of adults who currently have long COVID",By State,Wyoming,Wyoming,"3,6","Oct 5 - Oct 17, 2022",
"Ever experienced long COVID, as a percentage of adults who ever had COVID",By Age,United States,18 - 29 years,"3,6","Nov 2 - Nov 14, 2022",29.4
"Ever experienced long COVID, as a percentage of adults who ever had COVID",By Age,United States,30 - 39 years,"3,6","Nov 2 - Nov 14, 2022",29.4
"Ever experienced long COVID, as a percentage of adults who ever had COVID",By Age,United States,40 - 49 years,"3,6","Nov 2 - Nov 14, 2022",29.6
"Ever experienced long COVID, as a percentage of adults who ever had COVID",By Age,United States,50 - 59 years,"3,6","Nov 2 - Nov 14, 2022",33.1
"Ever experienced long COVID, as a percentage of adults who ever had COVID",By Age,United States,60 - 69 years,"3,6","Nov 2 - Nov 14, 2022",26.9
"Ever experienced long COVID, as a percentage of adults who ever had COVID",By Age,United States,70 - 79 years,"3,6","Nov 2 - Nov 14, 2022",21.6
"Ever experienced long COVID, as a percentage of adults who ever had COVID",By Age,United States,80 years and above,"3,6","Nov 2 - Nov 14, 2022",27.1
"Ever experienced long COVID, as a percentage of adults who ever had COVID",By State,Alabama,Alabama,"3,6","Nov 2 - Nov 14, 2022",35.1
"Ever experienced long COVID, as a percentage of adults who ever had COVID",By State,Alaska,Alaska,"3,6","Nov 2 - Nov 14, 2022",27.6
"Ever experienced long COVID, as a percentage of adults who ever had COVID",By State,Arizona,Arizona,"3,6","Nov 2 - Nov 14, 2022",31.8
"Ever experienced long COVID, as a percentage of adults who ever had COVID",By State,Arkansas,Arkansas,"3,6","Nov 2 - Nov 14, 2022",35.6
"Ever experienced long COVID, as a percentage of adults who ever had COVID",By State,California,California,"3,6","Nov 2 - Nov 14, 2022",31.0
"Ever experienced long COVID, as a percentage of adults who ever had COVID",By State,Colorado,Colorado,"3,6","Nov 2 - Nov 14, 2022",26.2
"Ever experienced long COVID, as a percentage of adults who ever had COVID",By State,Connecticut,Connecticut,"3,6","Nov 2 - Nov 14, 2022",30.4
"Ever experienced long COVID, as a percentage of adults who ever had COVID",By State,Delaware,Delaware,"3,6","Nov 2 - Nov 14, 2022",23.0
"Ever experienced long COVID, as a percentage of adults who ever had COVID",By State,District of Columbia,District of Columbia,"3,6","Nov 2 - Nov 14, 2022",16.2
"Ever experienced long COVID, as a percentage of adults who ever had COVID",By State,Florida,Florida,"3,6","Nov 2 - Nov 14, 2022",25.4
"Ever experienced long COVID, as a percentage of adults who ever had COVID",By State,Georgia,Georgia,"3,6","Nov 2 - Nov 14, 2022",32.8
"Ever experienced long COVID, as a percentage of adults who ever had COVID",By State,Hawaii,Hawaii,"3,6","Nov 2 - Nov 14, 2022",27.4
"Ever experienced long COVID, as a percentage of adults who ever had COVID",By State,Idaho,Idaho,"3,6","Nov 2 - Nov 14, 2022",32.7
"Ever experienced long COVID, as a percentage of adults who ever had COVID",By State,Illinois,Illinois,"3,6","Nov 2 - Nov 14, 2022",27.0
"Ever experienced long COVID, as a percentage of adults who ever had COVID",By State,Indiana,Indiana,"3,6","Nov 2 - Nov 14, 2022",34.5
"Ever experienced long COVID, as a percentage of adults who ever had COVID",By State,Iowa,Iowa,"3,6","Nov 2 - Nov 14, 2022",30.0
"Ever experienced long COVID, as a percentage of adults who ever had COVID",By State,Kansas,Kansas,"3,6","Nov 2 - Nov 14, 2022",31.3
"Ever experienced long COVID, as a percentage of adults who ever had COVID",By State,Kentucky,Kentucky,"3,6","Nov 2 - Nov 14, 2022",33.3
"Ever experienced long COVID, as a percentage of adults who ever had COVID",By State,Louisiana,Louisiana,"3,6","Nov 2 - Nov 14, 2022",29.7
"Ever experienced long COVID, as a percentage of adults who ever had COVID",By State,Maine,Maine,"3,6","Nov 2 - Nov 14, 2022",22.3
"Ever experienced long COVID, as a percentage of adults who ever had COVID",By State,Maryland,Maryland,"3,6","Nov 2 - Nov 14, 2022",29.4
"Ever experienced long COVID, as a percentage of adults who ever had COVID",By State,Massachusetts,Massachusetts,"3,6","Nov 2 - Nov 14, 2022",23.7
"Ever experienced long COVID, as a percentage of adults who ever had COVID",By State,Michigan,Michigan,"3,6","Nov 2 - Nov 14, 2022",31.3
"Ever experienced long COVID, as a percentage of adults who ever had COVID",By State,Minnesota,Minnesota,"3,6","Nov 2 - Nov 14, 2022",25.8
"Ever experienced long COVID, as a percentage of adults who ever had COVID",By State,Mississippi,Mississippi,"3,6","Nov 2 - Nov 14, 2022",42.4
"Ever experienced long COVID, as a percentage of adults who ever had COVID",By State,Missouri,Missouri,"3,6","Nov 2 - Nov 14, 2022",27.8
"Ever experienced long COVID, as a percentage of adults who ever had COVID",By State,Montana,Montana,"3,6","Nov 2 - Nov 14, 2022",35.8
"Ever experienced long COVID, as a percentage of adults who ever had COVID",By State,Nebraska,Nebraska,"3,6","Nov 2 - Nov 14, 2022",32.7
"Ever experienced long COVID, as a percentage of adults who ever had COVID",By State,Nevada,Nevada,"3,6","Nov 2 - Nov 14, 2022",32.8
"Ever experienced long COVID, as a percentage of adults who ever had COVID",By State,New Hampshire,New Hampshire,"3,6","Nov 2 - Nov 14, 2022",23.1
"Ever experienced long COVID, as a percentage of adults who ever had COVID",By State,New Jersey,New Jersey,"3,6","Nov 2 - Nov 14, 2022",32.4
"Ever experienced long COVID, as a percentage of adults who ever had COVID",By State,New Mexico,New Mexico,"3,6","Nov 2 - Nov 14, 2022",29.9
"Ever experienced long COVID, as a percentage of adults who ever had COVID",By State,New York,New York,"3,6","Nov 2 - Nov 14, 2022",23.7
"Ever experienced long COVID, as a percentage of adults who ever had COVID",By State,North Carolina,North Carolina,"3,6","Nov 2 - Nov 14, 2022",28.4
"Ever experienced long COVID, as a percentage of adults who ever had COVID",By State,North Dakota,North Dakota,"3,6","Nov 2 - Nov 14, 2022",30.7
"Ever experienced long COVID, as a percentage of adults who ever had COVID",By State,Ohio,Ohio,"3,6","Nov 2 - Nov 14, 2022",28.8
"Ever experienced long COVID, as a percentage of adults who ever had COVID",By State,Oklahoma,Oklahoma,"3,6","Nov 2 - Nov 14, 2022",33.5
"Ever experienced long COVID, as a percentage of adults who ever had COVID",By State,Oregon,Oregon,"3,6","Nov 2 - Nov 14, 2022",28.6
"Ever experienced long COVID, as a percentage of adults who ever had COVID",By State,Pennsylvania,Pennsylvania,"3,6","Nov 2 - Nov 14, 2022",28.2
"Ever experienced long COVID, as a percentage of adults who ever had COVID",By State,Rhode Island,Rhode Island,"3,6","Nov 2 - Nov 14, 2022",28.2
"Ever experienced long COVID, as a percentage of adults who ever had COVID",By State,South Carolina,South Carolina,"3,6","Nov 2 - Nov 14, 2022",31.2
"Ever experienced long COVID, as a percentage of adults who ever had COVID",By State,South Dakota,South Dakota,"3,6","Nov 2 - Nov 14, 2022",33.7
"Ever experienced long COVID, as a percentage of adults who ever had COVID",By State,Tennessee,Tennessee,"3,6","Nov 2 - Nov 14, 2022",32.1
"Ever experienced long COVID, as a percentage of adults who ever had COVID",By State,Texas,Texas,"3,6","Nov 2 - Nov 14, 2022",27.3
"Ever experienced long COVID, as a percentage of adults who ever had COVID",By State,Utah,Utah,"3,6","Nov 2 - Nov 14, 2022",31.5
"Ever experienced long COVID, as a percentage of adults who ever had COVID",By State,Vermont,Vermont,"3,6","Nov 2 - Nov 14, 2022",23.0
"Ever experienced long COVID, as a percentage of adults who ever had COVID",By State,Virginia,Virginia,"3,6","Nov 2 - Nov 14, 2022",26.9
"Ever experienced long COVID, as a percentage of adults who ever had COVID",By State,Washington,Washington,"3,6","Nov 2 - Nov 14, 2022",26.8
"Ever experienced long COVID, as a percentage of adults who ever had COVID",By State,West Virginia,West Virginia,"3,6","Nov 2 - Nov 14, 2022",34.0
"Ever experienced long COVID, as a percentage of adults who ever had COVID",By State,Wisconsin,Wisconsin,"3,6","Nov 2 - Nov 14, 2022",33.7
"Ever experienced long COVID, as a percentage of adults who ever had COVID",By State,Wyoming,Wyoming,"3,6","Nov 2 - Nov 14, 2022",34.9
"Currently experiencing long COVID, as a percentage of all adults",By Age,United States,18 - 29 years,"3,6","Nov 2 - Nov 14, 2022",6.4
"Currently experiencing long COVID, as a percentage of all adults",By Age,United States,30 - 39 years,"3,6","Nov 2 - Nov 14, 2022",7.5
"Currently experiencing long COVID, as a percentage of all adults",By Age,United States,40 - 49 years,"3,6","Nov 2 - Nov 14, 2022",7.6
"Currently experiencing long COVID, as a percentage of all adults",By Age,United States,50 - 59 years,"3,6","Nov 2 - Nov 14, 2022",8.0
"Currently experiencing long COVID, as a percentage of all adults",By Age,United States,60 - 69 years,"3,6","Nov 2 - Nov 14, 2022",6.3
"Currently experiencing long COVID, as a percentage of all adults",By Age,United States,70 - 79 years,"3,6","Nov 2 - Nov 14, 2022",3.6
"Currently experiencing long COVID, as a percentage of all adults",By Age,United States,80 years and above,"3,6","Nov 2 - Nov 14, 2022",6.2
"Currently experiencing long COVID, as a percentage of all adults",By State,Alabama,Alabama,"3,6","Nov 2 - Nov 14, 2022",9.0
"Currently experiencing long COVID, as a percentage of all adults",By State,Alaska,Alaska,"3,6","Nov 2 - Nov 14, 2022",8.1
"Currently experiencing long COVID, as a percentage of all adults",By State,Arizona,Arizona,"3,6","Nov 2 - Nov 14, 2022",7.3
"Currently experiencing long COVID, as a percentage of all adults",By State,Arkansas,Arkansas,"3,6","Nov 2 - Nov 14, 2022",9.1
"Currently experiencing long COVID, as a percentage of all adults",By State,California,California,"3,6","Nov 2 - Nov 14, 2022",6.8
"Currently experiencing long COVID, as a percentage of all adults",By State,Colorado,Colorado,"3,6","Nov 2 - Nov 14, 2022",6.1
"Currently experiencing long COVID, as a percentage of all adults",By State,Connecticut,Connecticut,"3,6","Nov 2 - Nov 14, 2022",7.5
"Currently experiencing long COVID, as a percentage of all adults",By State,Delaware,Delaware,"3,6","Nov 2 - Nov 14, 2022",8.2
"Currently experiencing long COVID, as a percentage of all adults",By State,District of Columbia,District of Columbia,"3,6","Nov 2 - Nov 14, 2022",3.4
"Currently experiencing long COVID, as a percentage of all adults",By State,Florida,Florida,"3,6","Nov 2 - Nov 14, 2022",6.3
"Currently experiencing long COVID, as a percentage of all adults",By State,Georgia,Georgia,"3,6","Nov 2 - Nov 14, 2022",6.3
"Currently experiencing long COVID, as a percentage of all adults",By State,Hawaii,Hawaii,"3,6","Nov 2 - Nov 14, 2022",4.3
"Currently experiencing long COVID, as a percentage of all adults",By State,Idaho,Idaho,"3,6","Nov 2 - Nov 14, 2022",8.7
"Currently experiencing long COVID, as a percentage of all adults",By State,Illinois,Illinois,"3,6","Nov 2 - Nov 14, 2022",5.0
"Currently experiencing long COVID, as a percentage of all adults",By State,Indiana,Indiana,"3,6","Nov 2 - Nov 14, 2022",8.9
"Currently experiencing long COVID, as a percentage of all adults",By State,Iowa,Iowa,"3,6","Nov 2 - Nov 14, 2022",7.2
"Currently experiencing long COVID, as a percentage of all adults",By State,Kansas,Kansas,"3,6","Nov 2 - Nov 14, 2022",7.1
"Currently experiencing long COVID, as a percentage of all adults",By State,Kentucky,Kentucky,"3,6","Nov 2 - Nov 14, 2022",8.8
"Currently experiencing long COVID, as a percentage of all adults",By State,Louisiana,Louisiana,"3,6","Nov 2 - Nov 14, 2022",6.4
"Currently experiencing long COVID, as a percentage of all adults",By State,Maine,Maine,"3,6","Nov 2 - Nov 14, 2022",6.7
"Currently experiencing long COVID, as a percentage of all adults",By State,Maryland,Maryland,"3,6","Nov 2 - Nov 14, 2022",7.0
"Currently experiencing long COVID, as a percentage of all adults",By State,Massachusetts,Massachusetts,"3,6","Nov 2 - Nov 14, 2022",6.5
"Currently experiencing long COVID, as a percentage of all adults",By State,Michigan,Michigan,"3,6","Nov 2 - Nov 14, 2022",7.4
"Currently experiencing long COVID, as a percentage of all adults",By State,Minnesota,Minnesota,"3,6","Nov 2 - Nov 14, 2022",6.4
"Currently experiencing long COVID, as a percentage of all adults",By State,Mississippi,Mississippi,"3,6","Nov 2 - Nov 14, 2022",8.6
"Currently experiencing long COVID, as a percentage of all adults",By State,Missouri,Missouri,"3,6","Nov 2 - Nov 14, 2022",6.4
"Currently experiencing long COVID, as a percentage of all adults",By State,Montana,Montana,"3,6","Nov 2 - Nov 14, 2022",7.7
"Currently experiencing long COVID, as a percentage of all adults",By State,Nebraska,Nebraska,"3,6","Nov 2 - Nov 14, 2022",5.3
"Currently experiencing long COVID, as a percentage of all adults",By State,Nevada,Nevada,"3,6","Nov 2 - Nov 14, 2022",6.9
"Currently experiencing long COVID, as a percentage of all adults",By State,New Hampshire,New Hampshire,"3,6","Nov 2 - Nov 14, 2022",7.2
"Currently experiencing long COVID, as a percentage of all adults",By State,New Jersey,New Jersey,"3,6","Nov 2 - Nov 14, 2022",7.5
"Currently experiencing long COVID, as a percentage of all adults",By State,New Mexico,New Mexico,"3,6","Nov 2 - Nov 14, 2022",6.1
"Currently experiencing long COVID, as a percentage of all adults",By State,New York,New York,"3,6","Nov 2 - Nov 14, 2022",4.9
"Currently experiencing long COVID, as a percentage of all adults",By State,North Carolina,North Carolina,"3,6","Nov 2 - Nov 14, 2022",7.2
"Currently experiencing long COVID, as a percentage of all adults",By State,North Dakota,North Dakota,"3,6","Nov 2 - Nov 14, 2022",7.6
"Currently experiencing long COVID, as a percentage of all adults",By State,Ohio,Ohio,"3,6","Nov 2 - Nov 14, 2022",7.0
"Currently experiencing long COVID, as a percentage of all adults",By State,Oklahoma,Oklahoma,"3,6","Nov 2 - Nov 14, 2022",9.5
"Currently experiencing long COVID, as a percentage of all adults",By State,Oregon,Oregon,"3,6","Nov 2 - Nov 14, 2022",7.5
"Currently experiencing long COVID, as a percentage of all adults",By State,Pennsylvania,Pennsylvania,"3,6","Nov 2 - Nov 14, 2022",6.3
"Currently experiencing long COVID, as a percentage of all adults",By State,Rhode Island,Rhode Island,"3,6","Nov 2 - Nov 14, 2022",7.5
"Currently experiencing long COVID, as a percentage of all adults",By State,South Carolina,South Carolina,"3,6","Nov 2 - Nov 14, 2022",7.9
"Currently experiencing long COVID, as a percentage of all adults",By State,South Dakota,South Dakota,"3,6","Nov 2 - Nov 14, 2022",7.6
"Currently experiencing long COVID, as a percentage of all adults",By State,Tennessee,Tennessee,"3,6","Nov 2 - Nov 14, 2022",7.2
"Currently experiencing long COVID, as a percentage of all adults",By State,Texas,Texas,"3,6","Nov 2 - Nov 14, 2022",6.3
"Currently experiencing long COVID, as a percentage of all adults",By State,Utah,Utah,"3,6","Nov 2 - Nov 14, 2022",7.7
"Currently experiencing long COVID, as a percentage of all adults",By State,Vermont,Vermont,"3,6","Nov 2 - Nov 14, 2022",7.1
"Currently experiencing long COVID, as a percentage of all adults",By State,Virginia,Virginia,"3,6","Nov 2 - Nov 14, 2022",6.6
"Currently experiencing long COVID, as a percentage of all adults",By State,Washington,Washington,"3,6","Nov 2 - Nov 14, 2022",6.9
"Currently experiencing long COVID, as a percentage of all adults",By State,West Virginia,West Virginia,"3,6","Nov 2 - Nov 14, 2022",6.4
"Currently experiencing long COVID, as a percentage of all adults",By State,Wisconsin,Wisconsin,"3,6","Nov 2 - Nov 14, 2022",6.8
"Currently experiencing long COVID, as a percentage of all adults",By State,Wyoming,Wyoming,"3,6","Nov 2 - Nov 14, 2022",8.2
"Any activity limitations from long COVID, as a percentage of adults who currently have long COVID",By Age,United States,18 - 29 years,"3,6","Nov 2 - Nov 14, 2022",71.5
"Any activity limitations from long COVID, as a percentage of adults who currently have long COVID",By Age,United States,30 - 39 years,"3,6","Nov 2 - Nov 14, 2022",76.4
"Any activity limitations from long COVID, as a percentage of adults who currently have long COVID",By Age,United States,40 - 49 years,"3,6","Nov 2 - Nov 14, 2022",81.4
"Any activity limitations from long COVID, as a percentage of adults who currently have long COVID",By Age,United States,50 - 59 years,"3,6","Nov 2 - Nov 14, 2022",82.6
"Any activity limitations from long COVID, as a percentage of adults who currently have long COVID",By Age,United States,60 - 69 years,"3,6","Nov 2 - Nov 14, 2022",80.5
"Any activity limitations from long COVID, as a percentage of adults who currently have long COVID",By Age,United States,70 - 79 years,"3,6","Nov 2 - Nov 14, 2022",76.8
"Any activity limitations from long COVID, as a percentage of adults who currently have long COVID",By Age,United States,80 years and above,"3,6","Nov 2 - Nov 14, 2022",
"Any activity limitations from long COVID, as a percentage of adults who currently have long COVID",By State,Alabama,Alabama,"3,6","Nov 2 - Nov 14, 2022",79.7
"Any activity limitations from long COVID, as a percentage of adults who currently have long COVID",By State,Alaska,Alaska,"3,6","Nov 2 - Nov 14, 2022",
"Any activity limitations from long COVID, as a percentage of adults who currently have long COVID",By State,Arizona,Arizona,"3,6","Nov 2 - Nov 14, 2022",77.4
"Any activity limitations from long COVID, as a percentage of adults who currently have long COVID",By State,Arkansas,Arkansas,"3,6","Nov 2 - Nov 14, 2022",83.0
"Any activity limitations from long COVID, as a percentage of adults who currently have long COVID",By State,California,California,"3,6","Nov 2 - Nov 14, 2022",78.5
"Any activity limitations from long COVID, as a percentage of adults who currently have long COVID",By State,Colorado,Colorado,"3,6","Nov 2 - Nov 14, 2022",
"Any activity limitations from long COVID, as a percentage of adults who currently have long COVID",By State,Connecticut,Connecticut,"3,6","Nov 2 - Nov 14, 2022",80.1
"Any activity limitations from long COVID, as a percentage of adults who currently have long COVID",By State,Delaware,Delaware,"3,6","Nov 2 - Nov 14, 2022",
"Any activity limitations from long COVID, as a percentage of adults who currently have long COVID",By State,District of Columbia,District of Columbia,"3,6","Nov 2 - Nov 14, 2022",
"Any activity limitations from long COVID, as a percentage of adults who currently have long COVID",By State,Florida,Florida,"3,6","Nov 2 - Nov 14, 2022",79.7
"Any activity limitations from long COVID, as a percentage of adults who currently have long COVID",By State,Georgia,Georgia,"3,6","Nov 2 - Nov 14, 2022",
"Any activity limitations from long COVID, as a percentage of adults who currently have long COVID",By State,Hawaii,Hawaii,"3,6","Nov 2 - Nov 14, 2022",
"Any activity limitations from long COVID, as a percentage of adults who currently have long COVID",By State,Idaho,Idaho,"3,6","Nov 2 - Nov 14, 2022",83.2
"Any activity limitations from long COVID, as a percentage of adults who currently have long COVID",By State,Illinois,Illinois,"3,6","Nov 2 - Nov 14, 2022",76.0
"Any activity limitations from long COVID, as a percentage of adults who currently have long COVID",By State,Indiana,Indiana,"3,6","Nov 2 - Nov 14, 2022",68.8
"Any activity limitations from long COVID, as a percentage of adults who currently have long COVID",By State,Iowa,Iowa,"3,6","Nov 2 - Nov 14, 2022",68.1
"Any activity limitations from long COVID, as a percentage of adults who currently have long COVID",By State,Kansas,Kansas,"3,6","Nov 2 - Nov 14, 2022",78.9
"Any activity limitations from long COVID, as a percentage of adults who currently have long COVID",By State,Kentucky,Kentucky,"3,6","Nov 2 - Nov 14, 2022",78.2
"Any activity limitations from long COVID, as a percentage of adults who currently have long COVID",By State,Louisiana,Louisiana,"3,6","Nov 2 - Nov 14, 2022",81.8
"Any activity limitations from long COVID, as a percentage of adults who currently have long COVID",By State,Maine,Maine,"3,6","Nov 2 - Nov 14, 2022",
"Any activity limitations from long COVID, as a percentage of adults who currently have long COVID",By State,Maryland,Maryland,"3,6","Nov 2 - Nov 14, 2022",
"Any activity limitations from long COVID, as a percentage of adults who currently have long COVID",By State,Massachusetts,Massachusetts,"3,6","Nov 2 - Nov 14, 2022",80.5
"Any activity limitations from long COVID, as a percentage of adults who currently have long COVID",By State,Michigan,Michigan,"3,6","Nov 2 - Nov 14, 2022",70.9
"Any activity limitations from long COVID, as a percentage of adults who currently have long COVID",By State,Minnesota,Minnesota,"3,6","Nov 2 - Nov 14, 2022",84.0
"Any activity limitations from long COVID, as a percentage of adults who currently have long COVID",By State,Mississippi,Mississippi,"3,6","Nov 2 - Nov 14, 2022",
"Any activity limitations from long COVID, as a percentage of adults who currently have long COVID",By State,Missouri,Missouri,"3,6","Nov 2 - Nov 14, 2022",
"Any activity limitations from long COVID, as a percentage of adults who currently have long COVID",By State,Montana,Montana,"3,6","Nov 2 - Nov 14, 2022",
"Any activity limitations from long COVID, as a percentage of adults who currently have long COVID",By State,Nebraska,Nebraska,"3,6","Nov 2 - Nov 14, 2022",
"Any activity limitations from long COVID, as a percentage of adults who currently have long COVID",By State,Nevada,Nevada,"3,6","Nov 2 - Nov 14, 2022",
"Any activity limitations from long COVID, as a percentage of adults who currently have long COVID",By State,New Hampshire,New Hampshire,"3,6","Nov 2 - Nov 14, 2022",75.5
"Any activity limitations from long COVID, as a percentage of adults who currently have long COVID",By State,New Jersey,New Jersey,"3,6","Nov 2 - Nov 14, 2022",
"Any activity limitations from long COVID, as a percentage of adults who currently have long COVID",By State,New Mexico,New Mexico,"3,6","Nov 2 - Nov 14, 2022",
"Any activity limitations from long COVID, as a percentage of adults who currently have long COVID",By State,New York,New York,"3,6","Nov 2 - Nov 14, 2022",
"Any activity limitations from long COVID, as a percentage of adults who currently have long COVID",By State,North Carolina,North Carolina,"3,6","Nov 2 - Nov 14, 2022",
"Any activity limitations from long COVID, as a percentage of adults who currently have long COVID",By State,North Dakota,North Dakota,"3,6","Nov 2 - Nov 14, 2022",
"Any activity limitations from long COVID, as a percentage of adults who currently have long COVID",By State,Ohio,Ohio,"3,6","Nov 2 - Nov 14, 2022",
"Any activity limitations from long COVID, as a percentage of adults who currently have long COVID",By State,Oklahoma,Oklahoma,"3,6","Nov 2 - Nov 14, 2022",87.3
"Any activity limitations from long COVID, as a percentage of adults who currently have long COVID",By State,Oregon,Oregon,"3,6","Nov 2 - Nov 14, 2022",80.4
"Any activity limitations from long COVID, as a percentage of adults who currently have long COVID",By State,Pennsylvania,Pennsylvania,"3,6","Nov 2 - Nov 14, 2022",
"Any activity limitations from long COVID, as a percentage of adults who currently have long COVID",By State,Rhode Island,Rhode Island,"3,6","Nov 2 - Nov 14, 2022",
"Any activity limitations from long COVID, as a percentage of adults who currently have long COVID",By State,South Carolina,South Carolina,"3,6","Nov 2 - Nov 14, 2022",77.0
"Any activity limitations from long COVID, as a percentage of adults who currently have long COVID",By State,South Dakota,South Dakota,"3,6","Nov 2 - Nov 14, 2022",66.9
"Any activity limitations from long COVID, as a percentage of adults who currently have long COVID",By State,Tennessee,Tennessee,"3,6","Nov 2 - Nov 14, 2022",74.3
"Any activity limitations from long COVID, as a percentage of adults who currently have long COVID",By State,Texas,Texas,"3,6","Nov 2 - Nov 14, 2022",82.2
"Any activity limitations from long COVID, as a percentage of adults who currently have long COVID",By State,Utah,Utah,"3,6","Nov 2 - Nov 14, 2022",72.7
"Any activity limitations from long COVID, as a percentage of adults who currently have long COVID",By State,Vermont,Vermont,"3,6","Nov 2 - Nov 14, 2022",
"Any activity limitations from long COVID, as a percentage of adults who currently have long COVID",By State,Virginia,Virginia,"3,6","Nov 2 - Nov 14, 2022",
"Any activity limitations from long COVID, as a percentage of adults who currently have long COVID",By State,Washington,Washington,"3,6","Nov 2 - Nov 14, 2022",73.1
"Any activity limitations from long COVID, as a percentage of adults who currently have long COVID",By State,West Virginia,West Virginia,"3,6","Nov 2 - Nov 14, 2022",
"Any activity limitations from long COVID, as a percentage of adults who currently have long COVID",By State,Wisconsin,Wisconsin,"3,6","Nov 2 - Nov 14, 2022",
"Any activity limitations from long COVID, as a percentage of adults who currently have long COVID",By State,Wyoming,Wyoming,"3,6","Nov 2 - Nov 14, 2022",78.3
"Ever experienced long COVID, as a percentage of adults who ever had COVID",By Age,United States,18 - 29 years,-1,"Nov 30 - Dec 8, 2022",
"Ever experienced long COVID, as a percentage of adults who ever had COVID",By Age,United States,30 - 39 years,-1,"Nov 30 - Dec 8, 2022",
"Ever experienced long COVID, as a percentage of adults who ever had COVID",By Age,United States,40 - 49 years,-1,"Nov 30 - Dec 8, 2022",
"Ever experienced long COVID, as a percentage of adults who ever had COVID",By Age,United States,50 - 59 years,-1,"Nov 30 - Dec 8, 2022",
"Ever experienced long COVID, as a percentage of adults who ever had COVID",By Age,United States,60 - 69 years,-1,"Nov 30 - Dec 8, 2022",
"Ever experienced long COVID, as a percentage of adults who ever had COVID",By Age,United States,70 - 79 years,-1,"Nov 30 - Dec 8, 2022",
"Ever experienced long COVID, as a percentage of adults who ever had COVID",By Age,United States,80 years and above,-1,"Nov 30 - Dec 8, 2022",
"Ever experienced long COVID, as a percentage of adults who ever had COVID",By Age,United States,18 - 29 years,"3,7","Dec 9 - Dec 19, 2022",26.0
"Ever experienced long COVID, as a percentage of adults who ever had COVID",By Age,United States,30 - 39 years,"3,7","Dec 9 - Dec 19, 2022",27.9
"Ever experienced long COVID, as a percentage of adults who ever had COVID",By Age,United States,40 - 49 years,"3,7","Dec 9 - Dec 19, 2022",33.2
"Ever experienced long COVID, as a percentage of adults who ever had COVID",By Age,United States,50 - 59 years,"3,7","Dec 9 - Dec 19, 2022",30.9
"Ever experienced long COVID, as a percentage of adults who ever had COVID",By Age,United States,60 - 69 years,"3,7","Dec 9 - Dec 19, 2022",25.5
"Ever experienced long COVID, as a percentage of adults who ever had COVID",By Age,United States,70 - 79 years,"3,7","Dec 9 - Dec 19, 2022",21.5
"Ever experienced long COVID, as a percentage of adults who ever had COVID",By Age,United States,80 years and above,"3,7","Dec 9 - Dec 19, 2022",24.0
"Ever experienced long COVID, as a percentage of adults who ever had COVID",By State,Alabama,Alabama,"3,7","Dec 9 - Dec 19, 2022",31.8
"Ever experienced long COVID, as a percentage of adults who ever had COVID",By State,Alaska,Alaska,"3,7","Dec 9 - Dec 19, 2022",29.2
"Ever experienced long COVID, as a percentage of adults who ever had COVID",By State,Arizona,Arizona,"3,7","Dec 9 - Dec 19, 2022",31.6
"Ever experienced long COVID, as a percentage of adults who ever had COVID",By State,Arkansas,Arkansas,"3,7","Dec 9 - Dec 19, 2022",32.1
"Ever experienced long COVID, as a percentage of adults who ever had COVID",By State,California,California,"3,7","Dec 9 - Dec 19, 2022",27.5
"Ever experienced long COVID, as a percentage of adults who ever had COVID",By State,Colorado,Colorado,"3,7","Dec 9 - Dec 19, 2022",29.5
"Ever experienced long COVID, as a percentage of adults who ever had COVID",By State,Connecticut,Connecticut,"3,7","Dec 9 - Dec 19, 2022",21.5
"Ever experienced long COVID, as a percentage of adults who ever had COVID",By State,Delaware,Delaware,"3,7","Dec 9 - Dec 19, 2022",23.2
"Ever experienced long COVID, as a percentage of adults who ever had COVID",By State,District of Columbia,District of Columbia,"3,7","Dec 9 - Dec 19, 2022",23.9
"Ever experienced long COVID, as a percentage of adults who ever had COVID",By State,Florida,Florida,"3,7","Dec 9 - Dec 19, 2022",29.1
"Ever experienced long COVID, as a percentage of adults who ever had COVID",By State,Georgia,Georgia,"3,7","Dec 9 - Dec 19, 2022",29.8
"Ever experienced long COVID, as a percentage of adults who ever had COVID",By State,Hawaii,Hawaii,"3,7","Dec 9 - Dec 19, 2022",28.4
"Ever experienced long COVID, as a percentage of adults who ever had COVID",By State,Idaho,Idaho,"3,7","Dec 9 - Dec 19, 2022",30.3
"Ever experienced long COVID, as a percentage of adults who ever had COVID",By State,Illinois,Illinois,"3,7","Dec 9 - Dec 19, 2022",27.1
"Ever experienced long COVID, as a percentage of adults who ever had COVID",By State,Indiana,Indiana,"3,7","Dec 9 - Dec 19, 2022",27.8
"Ever experienced long COVID, as a percentage of adults who ever had COVID",By State,Iowa,Iowa,"3,7","Dec 9 - Dec 19, 2022",31.4
"Ever experienced long COVID, as a percentage of adults who ever had COVID",By State,Kansas,Kansas,"3,7","Dec 9 - Dec 19, 2022",31.0
"Ever experienced long COVID, as a percentage of adults who ever had COVID",By State,Kentucky,Kentucky,"3,7","Dec 9 - Dec 19, 2022",33.9
"Ever experienced long COVID, as a percentage of adults who ever had COVID",By State,Louisiana,Louisiana,"3,7","Dec 9 - Dec 19, 2022",31.4
"Ever experienced long COVID, as a percentage of adults who ever had COVID",By State,Maine,Maine,"3,7","Dec 9 - Dec 19, 2022",26.0
"Ever experienced long COVID, as a percentage of adults who ever had COVID",By State,Maryland,Maryland,"3,7","Dec 9 - Dec 19, 2022",25.9
"Ever experienced long COVID, as a percentage of adults who ever had COVID",By State,Massachusetts,Massachusetts,"3,7","Dec 9 - Dec 19, 2022",23.2
"Ever experienced long COVID, as a percentage of adults who ever had COVID",By State,Michigan,Michigan,"3,7","Dec 9 - Dec 19, 2022",32.6
"Ever experienced long COVID, as a percentage of adults who ever had COVID",By State,Minnesota,Minnesota,"3,7","Dec 9 - Dec 19, 2022",25.9
"Ever experienced long COVID, as a percentage of adults who ever had COVID",By State,Mississippi,Mississippi,"3,7","Dec 9 - Dec 19, 2022",36.9
"Ever experienced long COVID, as a percentage of adults who ever had COVID",By State,Missouri,Missouri,"3,7","Dec 9 - Dec 19, 2022",28.8
"Ever experienced long COVID, as a percentage of adults who ever had COVID",By State,Montana,Montana,"3,7","Dec 9 - Dec 19, 2022",39.0
"Ever experienced long COVID, as a percentage of adults who ever had COVID",By State,Nebraska,Nebraska,"3,7","Dec 9 - Dec 19, 2022",28.6
"Ever experienced long COVID, as a percentage of adults who ever had COVID",By State,Nevada,Nevada,"3,7","Dec 9 - Dec 19, 2022",28.6
"Ever experienced long COVID, as a percentage of adults who ever had COVID",By State,New Hampshire,New Hampshire,"3,7","Dec 9 - Dec 19, 2022",26.1
"Ever experienced long COVID, as a percentage of adults who ever had COVID",By State,New Jersey,New Jersey,"3,7","Dec 9 - Dec 19, 2022",21.7
"Ever experienced long COVID, as a percentage of adults who ever had COVID",By State,New Mexico,New Mexico,"3,7","Dec 9 - Dec 19, 2022",32.7
"Ever experienced long COVID, as a percentage of adults who ever had COVID",By State,New York,New York,"3,7","Dec 9 - Dec 19, 2022",24.0
"Ever experienced long COVID, as a percentage of adults who ever had COVID",By State,North Carolina,North Carolina,"3,7","Dec 9 - Dec 19, 2022",28.6
"Ever experienced long COVID, as a percentage of adults who ever had COVID",By State,North Dakota,North Dakota,"3,7","Dec 9 - Dec 19, 2022",33.0
"Ever experienced long COVID, as a percentage of adults who ever had COVID",By State,Ohio,Ohio,"3,7","Dec 9 - Dec 19, 2022",24.8
"Ever experienced long COVID, as a percentage of adults who ever had COVID",By State,Oklahoma,Oklahoma,"3,7","Dec 9 - Dec 19, 2022",34.7
"Ever experienced long COVID, as a percentage of adults who ever had COVID",By State,Oregon,Oregon,"3,7","Dec 9 - Dec 19, 2022",28.0
"Ever experienced long COVID, as a percentage of adults who ever had COVID",By State,Pennsylvania,Pennsylvania,"3,7","Dec 9 - Dec 19, 2022",24.9
"Ever experienced long COVID, as a percentage of adults who ever had COVID",By State,Rhode Island,Rhode Island,"3,7","Dec 9 - Dec 19, 2022",20.5
"Ever experienced long COVID, as a percentage of adults who ever had COVID",By State,South Carolina,South Carolina,"3,7","Dec 9 - Dec 19, 2022",29.6
"Ever experienced long COVID, as a percentage of adults who ever had COVID",By State,South Dakota,South Dakota,"3,7","Dec 9 - Dec 19, 2022",25.4
"Ever experienced long COVID, as a percentage of adults who ever had COVID",By State,Tennessee,Tennessee,"3,7","Dec 9 - Dec 19, 2022",31.1
"Ever experienced long COVID, as a percentage of adults who ever had COVID",By State,Texas,Texas,"3,7","Dec 9 - Dec 19, 2022",32.1
"Ever experienced long COVID, as a percentage of adults who ever had COVID",By State,Utah,Utah,"3,7","Dec 9 - Dec 19, 2022",27.8
"Ever experienced long COVID, as a percentage of adults who ever had COVID",By State,Vermont,Vermont,"3,7","Dec 9 - Dec 19, 2022",18.6
"Ever experienced long COVID, as a percentage of adults who ever had COVID",By State,Virginia,Virginia,"3,7","Dec 9 - Dec 19, 2022",29.6
"Ever experienced long COVID, as a percentage of adults who ever had COVID",By State,Washington,Washington,"3,7","Dec 9 - Dec 19, 2022",22.2
"Ever experienced long COVID, as a percentage of adults who ever had COVID",By State,West Virginia,West Virginia,"3,7","Dec 9 - Dec 19, 2022",32.8
"Ever experienced long COVID, as a percentage of adults who ever had COVID",By State,Wisconsin,Wisconsin,"3,7","Dec 9 - Dec 19, 2022",26.0
"Ever experienced long COVID, as a percentage of adults who ever had COVID",By State,Wyoming,Wyoming,"3,7","Dec 9 - Dec 19, 2022",39.3
"Currently experiencing long COVID, as a percentage of all adults",By Age,United States,18 - 29 years,-1,"Nov 30 - Dec 8, 2022",
"Currently experiencing long COVID, as a percentage of all adults",By Age,United States,30 - 39 years,-1,"Nov 30 - Dec 8, 2022",
"Currently experiencing long COVID, as a percentage of all adults",By Age,United States,40 - 49 years,-1,"Nov 30 - Dec 8, 2022",
"Currently experiencing long COVID, as a percentage of all adults",By Age,United States,50 - 59 years,-1,"Nov 30 - Dec 8, 2022",
"Currently experiencing long COVID, as a percentage of all adults",By Age,United States,60 - 69 years,-1,"Nov 30 - Dec 8, 2022",
"Currently experiencing long COVID, as a percentage of all adults",By Age,United States,70 - 79 years,-1,"Nov 30 - Dec 8, 2022",
"Currently experiencing long COVID, as a percentage of all adults",By Age,United States,80 years and above,-1,"Nov 30 - Dec 8, 2022",
"Currently experiencing long COVID, as a percentage of all adults",By Age,United States,18 - 29 years,"3,7","Dec 9 - Dec 19, 2022",5.0
"Currently experiencing long COVID, as a percentage of all adults",By Age,United States,30 - 39 years,"3,7","Dec 9 - Dec 19, 2022",5.8
"Currently experiencing long COVID, as a percentage of all adults",By Age,United States,40 - 49 years,"3,7","Dec 9 - Dec 19, 2022",7.9
"Currently experiencing long COVID, as a percentage of all adults",By Age,United States,50 - 59 years,"3,7","Dec 9 - Dec 19, 2022",6.9
"Currently experiencing long COVID, as a percentage of all adults",By Age,United States,60 - 69 years,"3,7","Dec 9 - Dec 19, 2022",4.9
"Currently experiencing long COVID, as a percentage of all adults",By Age,United States,70 - 79 years,"3,7","Dec 9 - Dec 19, 2022",3.8
"Currently experiencing long COVID, as a percentage of all adults",By Age,United States,80 years and above,"3,7","Dec 9 - Dec 19, 2022",3.0
"Currently experiencing long COVID, as a percentage of all adults",By State,Alabama,Alabama,"3,7","Dec 9 - Dec 19, 2022",6.8
"Currently experiencing long COVID, as a percentage of all adults",By State,Alaska,Alaska,"3,7","Dec 9 - Dec 19, 2022",5.5
"Currently experiencing long COVID, as a percentage of all adults",By State,Arizona,Arizona,"3,7","Dec 9 - Dec 19, 2022",6.1
"Currently experiencing long COVID, as a percentage of all adults",By State,Arkansas,Arkansas,"3,7","Dec 9 - Dec 19, 2022",6.8
"Currently experiencing long COVID, as a percentage of all adults",By State,California,California,"3,7","Dec 9 - Dec 19, 2022",5.8
"Currently experiencing long COVID, as a percentage of all adults",By State,Colorado,Colorado,"3,7","Dec 9 - Dec 19, 2022",6.6
"Currently experiencing long COVID, as a percentage of all adults",By State,Connecticut,Connecticut,"3,7","Dec 9 - Dec 19, 2022",5.2
"Currently experiencing long COVID, as a percentage of all adults",By State,Delaware,Delaware,"3,7","Dec 9 - Dec 19, 2022",5.3
"Currently experiencing long COVID, as a percentage of all adults",By State,District of Columbia,District of Columbia,"3,7","Dec 9 - Dec 19, 2022",4.1
"Currently experiencing long COVID, as a percentage of all adults",By State,Florida,Florida,"3,7","Dec 9 - Dec 19, 2022",4.5
"Currently experiencing long COVID, as a percentage of all adults",By State,Georgia,Georgia,"3,7","Dec 9 - Dec 19, 2022",6.0
"Currently experiencing long COVID, as a percentage of all adults",By State,Hawaii,Hawaii,"3,7","Dec 9 - Dec 19, 2022",4.9
"Currently experiencing long COVID, as a percentage of all adults",By State,Idaho,Idaho,"3,7","Dec 9 - Dec 19, 2022",5.6
"Currently experiencing long COVID, as a percentage of all adults",By State,Illinois,Illinois,"3,7","Dec 9 - Dec 19, 2022",7.0
"Currently experiencing long COVID, as a percentage of all adults",By State,Indiana,Indiana,"3,7","Dec 9 - Dec 19, 2022",6.1
"Currently experiencing long COVID, as a percentage of all adults",By State,Iowa,Iowa,"3,7","Dec 9 - Dec 19, 2022",6.9
"Currently experiencing long COVID, as a percentage of all adults",By State,Kansas,Kansas,"3,7","Dec 9 - Dec 19, 2022",6.0
"Currently experiencing long COVID, as a percentage of all adults",By State,Kentucky,Kentucky,"3,7","Dec 9 - Dec 19, 2022",7.1
"Currently experiencing long COVID, as a percentage of all adults",By State,Louisiana,Louisiana,"3,7","Dec 9 - Dec 19, 2022",5.5
"Currently experiencing long COVID, as a percentage of all adults",By State,Maine,Maine,"3,7","Dec 9 - Dec 19, 2022",6.5
"Currently experiencing long COVID, as a percentage of all adults",By State,Maryland,Maryland,"3,7","Dec 9 - Dec 19, 2022",4.2
"Currently experiencing long COVID, as a percentage of all adults",By State,Massachusetts,Massachusetts,"3,7","Dec 9 - Dec 19, 2022",5.5
"Currently experiencing long COVID, as a percentage of all adults",By State,Michigan,Michigan,"3,7","Dec 9 - Dec 19, 2022",6.6
"Currently experiencing long COVID, as a percentage of all adults",By State,Minnesota,Minnesota,"3,7","Dec 9 - Dec 19, 2022",4.6
"Currently experiencing long COVID, as a percentage of all adults",By State,Mississippi,Mississippi,"3,7","Dec 9 - Dec 19, 2022",8.1
"Currently experiencing long COVID, as a percentage of all adults",By State,Missouri,Missouri,"3,7","Dec 9 - Dec 19, 2022",6.6
"Currently experiencing long COVID, as a percentage of all adults",By State,Montana,Montana,"3,7","Dec 9 - Dec 19, 2022",7.7
"Currently experiencing long COVID, as a percentage of all adults",By State,Nebraska,Nebraska,"3,7","Dec 9 - Dec 19, 2022",5.3
"Currently experiencing long COVID, as a percentage of all adults",By State,Nevada,Nevada,"3,7","Dec 9 - Dec 19, 2022",4.9
"Currently experiencing long COVID, as a percentage of all adults",By State,New Hampshire,New Hampshire,"3,7","Dec 9 - Dec 19, 2022",6.0
"Currently experiencing long COVID, as a percentage of all adults",By State,New Jersey,New Jersey,"3,7","Dec 9 - Dec 19, 2022",6.5
"Currently experiencing long COVID, as a percentage of all adults",By State,New Mexico,New Mexico,"3,7","Dec 9 - Dec 19, 2022",7.1
"Currently experiencing long COVID, as a percentage of all adults",By State,New York,New York,"3,7","Dec 9 - Dec 19, 2022",5.0
"Currently experiencing long COVID, as a percentage of all adults",By State,North Carolina,North Carolina,"3,7","Dec 9 - Dec 19, 2022",5.5
"Currently experiencing long COVID, as a percentage of all adults",By State,North Dakota,North Dakota,"3,7","Dec 9 - Dec 19, 2022",5.3
"Currently experiencing long COVID, as a percentage of all adults",By State,Ohio,Ohio,"3,7","Dec 9 - Dec 19, 2022",6.0
"Currently experiencing long COVID, as a percentage of all adults",By State,Oklahoma,Oklahoma,"3,7","Dec 9 - Dec 19, 2022",6.1
"Currently experiencing long COVID, as a percentage of all adults",By State,Oregon,Oregon,"3,7","Dec 9 - Dec 19, 2022",5.2
"Currently experiencing long COVID, as a percentage of all adults",By State,Pennsylvania,Pennsylvania,"3,7","Dec 9 - Dec 19, 2022",5.3
"Currently experiencing long COVID, as a percentage of all adults",By State,Rhode Island,Rhode Island,"3,7","Dec 9 - Dec 19, 2022",
"Currently experiencing long COVID, as a percentage of all adults",By State,South Carolina,South Carolina,"3,7","Dec 9 - Dec 19, 2022",5.8
"Currently experiencing long COVID, as a percentage of all adults",By State,South Dakota,South Dakota,"3,7","Dec 9 - Dec 19, 2022",5.0
"Currently experiencing long COVID, as a percentage of all adults",By State,Tennessee,Tennessee,"3,7","Dec 9 - Dec 19, 2022",7.1
"Currently experiencing long COVID, as a percentage of all adults",By State,Texas,Texas,"3,7","Dec 9 - Dec 19, 2022",6.0
"Currently experiencing long COVID, as a percentage of all adults",By State,Utah,Utah,"3,7","Dec 9 - Dec 19, 2022",6.1
"Currently experiencing long COVID, as a percentage of all adults",By State,Vermont,Vermont,"3,7","Dec 9 - Dec 19, 2022",5.3
"Currently experiencing long COVID, as a percentage of all adults",By State,Virginia,Virginia,"3,7","Dec 9 - Dec 19, 2022",6.2
"Currently experiencing long COVID, as a percentage of all adults",By State,Washington,Washington,"3,7","Dec 9 - Dec 19, 2022",4.6
"Currently experiencing long COVID, as a percentage of all adults",By State,West Virginia,West Virginia,"3,7","Dec 9 - Dec 19, 2022",7.2
"Currently experiencing long COVID, as a percentage of all adults",By State,Wisconsin,Wisconsin,"3,7","Dec 9 - Dec 19, 2022",4.5
"Currently experiencing long COVID, as a percentage of all adults",By State,Wyoming,Wyoming,"3,7","Dec 9 - Dec 19, 2022",6.5
"Any activity limitations from long COVID, as a percentage of adults who currently have long COVID",By Age,United States,18 - 29 years,-1,"Nov 30 - Dec 8, 2022",
"Any activity limitations from long COVID, as a percentage of adults who currently have long COVID",By Age,United States,30 - 39 years,-1,"Nov 30 - Dec 8, 2022",
"Any activity limitations from long COVID, as a percentage of adults who currently have long COVID",By Age,United States,40 - 49 years,-1,"Nov 30 - Dec 8, 2022",
"Any activity limitations from long COVID, as a percentage of adults who currently have long COVID",By Age,United States,50 - 59 years,-1,"Nov 30 - Dec 8, 2022",
"Any activity limitations from long COVID, as a percentage of adults who currently have long COVID",By Age,United States,60 - 69 years,-1,"Nov 30 - Dec 8, 2022",
"Any activity limitations from long COVID, as a percentage of adults who currently have long COVID",By Age,United States,70 - 79 years,-1,"Nov 30 - Dec 8, 2022",
"Any activity limitations from long COVID, as a percentage of adults who currently have long COVID",By Age,United States,80 years and above,-1,"Nov 30 - Dec 8, 2022",
"Any activity limitations from long COVID, as a percentage of adults who currently have long COVID",By Age,United States,18 - 29 years,"3,7","Dec 9 - Dec 19, 2022",78.9
"Any activity limitations from long COVID, as a percentage of adults who currently have long COVID",By Age,United States,30 - 39 years,"3,7","Dec 9 - Dec 19, 2022",77.9
"Any activity limitations from long COVID, as a percentage of adults who currently have long COVID",By Age,United States,40 - 49 years,"3,7","Dec 9 - Dec 19, 2022",81.9
"Any activity limitations from long COVID, as a percentage of adults who currently have long COVID",By Age,United States,50 - 59 years,"3,7","Dec 9 - Dec 19, 2022",81.1
"Any activity limitations from long COVID, as a percentage of adults who currently have long COVID",By Age,United States,60 - 69 years,"3,7","Dec 9 - Dec 19, 2022",83.6
"Any activity limitations from long COVID, as a percentage of adults who currently have long COVID",By Age,United States,70 - 79 years,"3,7","Dec 9 - Dec 19, 2022",76.0
"Any activity limitations from long COVID, as a percentage of adults who currently have long COVID",By Age,United States,80 years and above,"3,7","Dec 9 - Dec 19, 2022",
"Any activity limitations from long COVID, as a percentage of adults who currently have long COVID",By State,Alabama,Alabama,"3,7","Dec 9 - Dec 19, 2022",
"Any activity limitations from long COVID, as a percentage of adults who currently have long COVID",By State,Alaska,Alaska,"3,7","Dec 9 - Dec 19, 2022",80.6
"Any activity limitations from long COVID, as a percentage of adults who currently have long COVID",By State,Arizona,Arizona,"3,7","Dec 9 - Dec 19, 2022",75.1
"Any activity limitations from long COVID, as a percentage of adults who currently have long COVID",By State,Arkansas,Arkansas,"3,7","Dec 9 - Dec 19, 2022",
"Any activity limitations from long COVID, as a percentage of adults who currently have long COVID",By State,California,California,"3,7","Dec 9 - Dec 19, 2022",84.8
"Any activity limitations from long COVID, as a percentage of adults who currently have long COVID",By State,Colorado,Colorado,"3,7","Dec 9 - Dec 19, 2022",83.4
"Any activity limitations from long COVID, as a percentage of adults who currently have long COVID",By State,Connecticut,Connecticut,"3,7","Dec 9 - Dec 19, 2022",82.8
"Any activity limitations from long COVID, as a percentage of adults who currently have long COVID",By State,Delaware,Delaware,"3,7","Dec 9 - Dec 19, 2022",
"Any activity limitations from long COVID, as a percentage of adults who currently have long COVID",By State,District of Columbia,District of Columbia,"3,7","Dec 9 - Dec 19, 2022",
"Any activity limitations from long COVID, as a percentage of adults who currently have long COVID",By State,Florida,Florida,"3,7","Dec 9 - Dec 19, 2022",77.3
"Any activity limitations from long COVID, as a percentage of adults who currently have long COVID",By State,Georgia,Georgia,"3,7","Dec 9 - Dec 19, 2022",76.1
"Any activity limitations from long COVID, as a percentage of adults who currently have long COVID",By State,Hawaii,Hawaii,"3,7","Dec 9 - Dec 19, 2022",
"Any activity limitations from long COVID, as a percentage of adults who currently have long COVID",By State,Idaho,Idaho,"3,7","Dec 9 - Dec 19, 2022",86.7
"Any activity limitations from long COVID, as a percentage of adults who currently have long COVID",By State,Illinois,Illinois,"3,7","Dec 9 - Dec 19, 2022",76.4
"Any activity limitations from long COVID, as a percentage of adults who currently have long COVID",By State,Indiana,Indiana,"3,7","Dec 9 - Dec 19, 2022",
"Any activity limitations from long COVID, as a percentage of adults who currently have long COVID",By State,Iowa,Iowa,"3,7","Dec 9 - Dec 19, 2022",
"Any activity limitations from long COVID, as a percentage of adults who currently have long COVID",By State,Kansas,Kansas,"3,7","Dec 9 - Dec 19, 2022",
"Any activity limitations from long COVID, as a percentage of adults who currently have long COVID",By State,Kentucky,Kentucky,"3,7","Dec 9 - Dec 19, 2022",79.6
"Any activity limitations from long COVID, as a percentage of adults who currently have long COVID",By State,Louisiana,Louisiana,"3,7","Dec 9 - Dec 19, 2022",
"Any activity limitations from long COVID, as a percentage of adults who currently have long COVID",By State,Maine,Maine,"3,7","Dec 9 - Dec 19, 2022",
"Any activity limitations from long COVID, as a percentage of adults who currently have long COVID",By State,Maryland,Maryland,"3,7","Dec 9 - Dec 19, 2022",73.4
"Any activity limitations from long COVID, as a percentage of adults who currently have long COVID",By State,Massachusetts,Massachusetts,"3,7","Dec 9 - Dec 19, 2022",79.0
"Any activity limitations from long COVID, as a percentage of adults who currently have long COVID",By State,Michigan,Michigan,"3,7","Dec 9 - Dec 19, 2022",70.7
"Any activity limitations from long COVID, as a percentage of adults who currently have long COVID",By State,Minnesota,Minnesota,"3,7","Dec 9 - Dec 19, 2022",75.5
"Any activity limitations from long COVID, as a percentage of adults who currently have long COVID",By State,Mississippi,Mississippi,"3,7","Dec 9 - Dec 19, 2022",
"Any activity limitations from long COVID, as a percentage of adults who currently have long COVID",By State,Missouri,Missouri,"3,7","Dec 9 - Dec 19, 2022",76.3
"Any activity limitations from long COVID, as a percentage of adults who currently have long COVID",By State,Montana,Montana,"3,7","Dec 9 - Dec 19, 2022",
"Any activity limitations from long COVID, as a percentage of adults who currently have long COVID",By State,Nebraska,Nebraska,"3,7","Dec 9 - Dec 19, 2022",82.5
"Any activity limitations from long COVID, as a percentage of adults who currently have long COVID",By State,Nevada,Nevada,"3,7","Dec 9 - Dec 19, 2022",75.1
"Any activity limitations from long COVID, as a percentage of adults who currently have long COVID",By State,New Hampshire,New Hampshire,"3,7","Dec 9 - Dec 19, 2022",
"Any activity limitations from long COVID, as a percentage of adults who currently have long COVID",By State,New Jersey,New Jersey,"3,7","Dec 9 - Dec 19, 2022",79.6
"Any activity limitations from long COVID, as a percentage of adults who currently have long COVID",By State,New Mexico,New Mexico,"3,7","Dec 9 - Dec 19, 2022",
"Any activity limitations from long COVID, as a percentage of adults who currently have long COVID",By State,New York,New York,"3,7","Dec 9 - Dec 19, 2022",
"Any activity limitations from long COVID, as a percentage of adults who currently have long COVID",By State,North Carolina,North Carolina,"3,7","Dec 9 - Dec 19, 2022",
"Any activity limitations from long COVID, as a percentage of adults who currently have long COVID",By State,North Dakota,North Dakota,"3,7","Dec 9 - Dec 19, 2022",
"Any activity limitations from long COVID, as a percentage of adults who currently have long COVID",By State,Ohio,Ohio,"3,7","Dec 9 - Dec 19, 2022",82.5
"Any activity limitations from long COVID, as a percentage of adults who currently have long COVID",By State,Oklahoma,Oklahoma,"3,7","Dec 9 - Dec 19, 2022",79.2
"Any activity limitations from long COVID, as a percentage of adults who currently have long COVID",By State,Oregon,Oregon,"3,7","Dec 9 - Dec 19, 2022",
"Any activity limitations from long COVID, as a percentage of adults who currently have long COVID",By State,Pennsylvania,Pennsylvania,"3,7","Dec 9 - Dec 19, 2022",
"Any activity limitations from long COVID, as a percentage of adults who currently have long COVID",By State,Rhode Island,Rhode Island,"3,7","Dec 9 - Dec 19, 2022",
"Any activity limitations from long COVID, as a percentage of adults who currently have long COVID",By State,South Carolina,South Carolina,"3,7","Dec 9 - Dec 19, 2022",81.2
"Any activity limitations from long COVID, as a percentage of adults who currently have long COVID",By State,South Dakota,South Dakota,"3,7","Dec 9 - Dec 19, 2022",
"Any activity limitations from long COVID, as a percentage of adults who currently have long COVID",By State,Tennessee,Tennessee,"3,7","Dec 9 - Dec 19, 2022",
"Any activity limitations from long COVID, as a percentage of adults who currently have long COVID",By State,Texas,Texas,"3,7","Dec 9 - Dec 19, 2022",85.6
"Any activity limitations from long COVID, as a percentage of adults who currently have long COVID",By State,Utah,Utah,"3,7","Dec 9 - Dec 19, 2022",83.0
"Any activity limitations from long COVID, as a percentage of adults who currently have long COVID",By State,Vermont,Vermont,"3,7","Dec 9 - Dec 19, 2022",
"Any activity limitations from long COVID, as a percentage of adults who currently have long COVID",By State,Virginia,Virginia,"3,7","Dec 9 - Dec 19, 2022",85.2
"Any activity limitations from long COVID, as a percentage of adults who currently have long COVID",By State,Washington,Washington,"3,7","Dec 9 - Dec 19, 2022",81.8
"Any activity limitations from long COVID, as a percentage of adults who currently have long COVID",By State,West Virginia,West Virginia,"3,7","Dec 9 - Dec 19, 2022",78.1
"Any activity limitations from long COVID, as a percentage of adults who currently have long COVID",By State,Wisconsin,Wisconsin,"3,7","Dec 9 - Dec 19, 2022",79.8
"Any activity limitations from long COVID, as a percentage of adults who currently have long COVID",By State,Wyoming,Wyoming,"3,7","Dec 9 - Dec 19, 2022",
"Ever experienced long COVID, as a percentage of adults who ever had COVID",By Age,United States,18 - 29 years,"3,7","Jan 4 - Jan 16, 2023",27.7
"Ever experienced long COVID, as a percentage of adults who ever had COVID",By Age,United States,30 - 39 years,"3,7","Jan 4 - Jan 16, 2023",26.2
"Ever experienced long COVID, as a percentage of adults who ever had COVID",By Age,United States,40 - 49 years,"3,7","Jan 4 - Jan 16, 2023",30.6
"Ever experienced long COVID, as a percentage of adults who ever had COVID",By Age,United States,50 - 59 years,"3,7","Jan 4 - Jan 16, 2023",33.3
"Ever experienced long COVID, as a percentage of adults who ever had COVID",By Age,United States,60 - 69 years,"3,7","Jan 4 - Jan 16, 2023",28.0
"Ever experienced long COVID, as a percentage of adults who ever had COVID",By Age,United States,70 - 79 years,"3,7","Jan 4 - Jan 16, 2023",22.0
"Ever experienced long COVID, as a percentage of adults who ever had COVID",By Age,United States,80 years and above,"3,7","Jan 4 - Jan 16, 2023",18.8
"Ever experienced long COVID, as a percentage of adults who ever had COVID",By State,Alabama,Alabama,"3,7","Jan 4 - Jan 16, 2023",34.3
"Ever experienced long COVID, as a percentage of adults who ever had COVID",By State,Alaska,Alaska,"3,7","Jan 4 - Jan 16, 2023",27.6
"Ever experienced long COVID, as a percentage of adults who ever had COVID",By State,Arizona,Arizona,"3,7","Jan 4 - Jan 16, 2023",30.9
"Ever experienced long COVID, as a percentage of adults who ever had COVID",By State,Arkansas,Arkansas,"3,7","Jan 4 - Jan 16, 2023",39.9
"Ever experienced long COVID, as a percentage of adults who ever had COVID",By State,California,California,"3,7","Jan 4 - Jan 16, 2023",27.5
"Ever experienced long COVID, as a percentage of adults who ever had COVID",By State,Colorado,Colorado,"3,7","Jan 4 - Jan 16, 2023",29.2
"Ever experienced long COVID, as a percentage of adults who ever had COVID",By State,Connecticut,Connecticut,"3,7","Jan 4 - Jan 16, 2023",26.2
"Ever experienced long COVID, as a percentage of adults who ever had COVID",By State,Delaware,Delaware,"3,7","Jan 4 - Jan 16, 2023",29.7
"Ever experienced long COVID, as a percentage of adults who ever had COVID",By State,District of Columbia,District of Columbia,"3,7","Jan 4 - Jan 16, 2023",12.4
"Ever experienced long COVID, as a percentage of adults who ever had COVID",By State,Florida,Florida,"3,7","Jan 4 - Jan 16, 2023",29.7
"Ever experienced long COVID, as a percentage of adults who ever had COVID",By State,Georgia,Georgia,"3,7","Jan 4 - Jan 16, 2023",30.9
"Ever experienced long COVID, as a percentage of adults who ever had COVID",By State,Hawaii,Hawaii,"3,7","Jan 4 - Jan 16, 2023",21.3
"Ever experienced long COVID, as a percentage of adults who ever had COVID",By State,Idaho,Idaho,"3,7","Jan 4 - Jan 16, 2023",31.7
"Ever experienced long COVID, as a percentage of adults who ever had COVID",By State,Illinois,Illinois,"3,7","Jan 4 - Jan 16, 2023",24.0
"Ever experienced long COVID, as a percentage of adults who ever had COVID",By State,Indiana,Indiana,"3,7","Jan 4 - Jan 16, 2023",32.4
"Ever experienced long COVID, as a percentage of adults who ever had COVID",By State,Iowa,Iowa,"3,7","Jan 4 - Jan 16, 2023",29.4
"Ever experienced long COVID, as a percentage of adults who ever had COVID",By State,Kansas,Kansas,"3,7","Jan 4 - Jan 16, 2023",35.1
"Ever experienced long COVID, as a percentage of adults who ever had COVID",By State,Kentucky,Kentucky,"3,7","Jan 4 - Jan 16, 2023",28.8
"Ever experienced long COVID, as a percentage of adults who ever had COVID",By State,Louisiana,Louisiana,"3,7","Jan 4 - Jan 16, 2023",25.9
"Ever experienced long COVID, as a percentage of adults who ever had COVID",By State,Maine,Maine,"3,7","Jan 4 - Jan 16, 2023",24.5
"Ever experienced long COVID, as a percentage of adults who ever had COVID",By State,Maryland,Maryland,"3,7","Jan 4 - Jan 16, 2023",25.6
"Ever experienced long COVID, as a percentage of adults who ever had COVID",By State,Massachusetts,Massachusetts,"3,7","Jan 4 - Jan 16, 2023",24.0
"Ever experienced long COVID, as a percentage of adults who ever had COVID",By State,Michigan,Michigan,"3,7","Jan 4 - Jan 16, 2023",26.6
"Ever experienced long COVID, as a percentage of adults who ever had COVID",By State,Minnesota,Minnesota,"3,7","Jan 4 - Jan 16, 2023",24.9
"Ever experienced long COVID, as a percentage of adults who ever had COVID",By State,Mississippi,Mississippi,"3,7","Jan 4 - Jan 16, 2023",31.9
"Ever experienced long COVID, as a percentage of adults who ever had COVID",By State,Missouri,Missouri,"3,7","Jan 4 - Jan 16, 2023",27.4
"Ever experienced long COVID, as a percentage of adults who ever had COVID",By State,Montana,Montana,"3,7","Jan 4 - Jan 16, 2023",32.0
"Ever experienced long COVID, as a percentage of adults who ever had COVID",By State,Nebraska,Nebraska,"3,7","Jan 4 - Jan 16, 2023",24.5
"Ever experienced long COVID, as a percentage of adults who ever had COVID",By State,Nevada,Nevada,"3,7","Jan 4 - Jan 16, 2023",28.0
"Ever experienced long COVID, as a percentage of adults who ever had COVID",By State,New Hampshire,New Hampshire,"3,7","Jan 4 - Jan 16, 2023",22.8
"Ever experienced long COVID, as a percentage of adults who ever had COVID",By State,New Jersey,New Jersey,"3,7","Jan 4 - Jan 16, 2023",23.3
"Ever experienced long COVID, as a percentage of adults who ever had COVID",By State,New Mexico,New Mexico,"3,7","Jan 4 - Jan 16, 2023",31.7
"Ever experienced long COVID, as a percentage of adults who ever had COVID",By State,New York,New York,"3,7","Jan 4 - Jan 16, 2023",25.7
"Ever experienced long COVID, as a percentage of adults who ever had COVID",By State,North Carolina,North Carolina,"3,7","Jan 4 - Jan 16, 2023",30.2
"Ever experienced long COVID, as a percentage of adults who ever had COVID",By State,North Dakota,North Dakota,"3,7","Jan 4 - Jan 16, 2023",30.9
"Ever experienced long COVID, as a percentage of adults who ever had COVID",By State,Ohio,Ohio,"3,7","Jan 4 - Jan 16, 2023",25.5
"Ever experienced long COVID, as a percentage of adults who ever had COVID",By State,Oklahoma,Oklahoma,"3,7","Jan 4 - Jan 16, 2023",33.3
"Ever experienced long COVID, as a percentage of adults who ever had COVID",By State,Oregon,Oregon,"3,7","Jan 4 - Jan 16, 2023",29.4
"Ever experienced long COVID, as a percentage of adults who ever had COVID",By State,Pennsylvania,Pennsylvania,"3,7","Jan 4 - Jan 16, 2023",27.8
"Ever experienced long COVID, as a percentage of adults who ever had COVID",By State,Rhode Island,Rhode Island,"3,7","Jan 4 - Jan 16, 2023",26.6
"Ever experienced long COVID, as a percentage of adults who ever had COVID",By State,South Carolina,South Carolina,"3,7","Jan 4 - Jan 16, 2023",29.0
"Ever experienced long COVID, as a percentage of adults who ever had COVID",By State,South Dakota,South Dakota,"3,7","Jan 4 - Jan 16, 2023",32.1
"Ever experienced long COVID, as a percentage of adults who ever had COVID",By State,Tennessee,Tennessee,"3,7","Jan 4 - Jan 16, 2023",32.7
"Ever experienced long COVID, as a percentage of adults who ever had COVID",By State,Texas,Texas,"3,7","Jan 4 - Jan 16, 2023",30.6
"Ever experienced long COVID, as a percentage of adults who ever had COVID",By State,Utah,Utah,"3,7","Jan 4 - Jan 16, 2023",33.8
"Ever experienced long COVID, as a percentage of adults who ever had COVID",By State,Vermont,Vermont,"3,7","Jan 4 - Jan 16, 2023",21.9
"Ever experienced long COVID, as a percentage of adults who ever had COVID",By State,Virginia,Virginia,"3,7","Jan 4 - Jan 16, 2023",27.6
"Ever experienced long COVID, as a percentage of adults who ever had COVID",By State,Washington,Washington,"3,7","Jan 4 - Jan 16, 2023",26.7
"Ever experienced long COVID, as a percentage of adults who ever had COVID",By State,West Virginia,West Virginia,"3,7","Jan 4 - Jan 16, 2023",34.4
"Ever experienced long COVID, as a percentage of adults who ever had COVID",By State,Wisconsin,Wisconsin,"3,7","Jan 4 - Jan 16, 2023",30.7
"Ever experienced long COVID, as a percentage of adults who ever had COVID",By State,Wyoming,Wyoming,"3,7","Jan 4 - Jan 16, 2023",36.1
"Currently experiencing long COVID, as a percentage of all adults",By Age,United States,18 - 29 years,"3,7","Jan 4 - Jan 16, 2023",5.2
"Currently experiencing long COVID, as a percentage of all adults",By Age,United States,30 - 39 years,"3,7","Jan 4 - Jan 16, 2023",6.2
"Currently experiencing long COVID, as a percentage of all adults",By Age,United States,40 - 49 years,"3,7","Jan 4 - Jan 16, 2023",7.1
"Currently experiencing long COVID, as a percentage of all adults",By Age,United States,50 - 59 years,"3,7","Jan 4 - Jan 16, 2023",7.1
"Currently experiencing long COVID, as a percentage of all adults",By Age,United States,60 - 69 years,"3,7","Jan 4 - Jan 16, 2023",5.5
"Currently experiencing long COVID, as a percentage of all adults",By Age,United States,70 - 79 years,"3,7","Jan 4 - Jan 16, 2023",3.7
"Currently experiencing long COVID, as a percentage of all adults",By Age,United States,80 years and above,"3,7","Jan 4 - Jan 16, 2023",2.3
"Currently experiencing long COVID, as a percentage of all adults",By State,Alabama,Alabama,"3,7","Jan 4 - Jan 16, 2023",7.3
"Currently experiencing long COVID, as a percentage of all adults",By State,Alaska,Alaska,"3,7","Jan 4 - Jan 16, 2023",4.9
"Currently experiencing long COVID, as a percentage of all adults",By State,Arizona,Arizona,"3,7","Jan 4 - Jan 16, 2023",5.9
"Currently experiencing long COVID, as a percentage of all adults",By State,Arkansas,Arkansas,"3,7","Jan 4 - Jan 16, 2023",8.0
"Currently experiencing long COVID, as a percentage of all adults",By State,California,California,"3,7","Jan 4 - Jan 16, 2023",5.3
"Currently experiencing long COVID, as a percentage of all adults",By State,Colorado,Colorado,"3,7","Jan 4 - Jan 16, 2023",5.4
"Currently experiencing long COVID, as a percentage of all adults",By State,Connecticut,Connecticut,"3,7","Jan 4 - Jan 16, 2023",7.5
"Currently experiencing long COVID, as a percentage of all adults",By State,Delaware,Delaware,"3,7","Jan 4 - Jan 16, 2023",8.4
"Currently experiencing long COVID, as a percentage of all adults",By State,District of Columbia,District of Columbia,"3,7","Jan 4 - Jan 16, 2023",3.8
"Currently experiencing long COVID, as a percentage of all adults",By State,Florida,Florida,"3,7","Jan 4 - Jan 16, 2023",5.1
"Currently experiencing long COVID, as a percentage of all adults",By State,Georgia,Georgia,"3,7","Jan 4 - Jan 16, 2023",5.6
"Currently experiencing long COVID, as a percentage of all adults",By State,Hawaii,Hawaii,"3,7","Jan 4 - Jan 16, 2023",3.3
"Currently experiencing long COVID, as a percentage of all adults",By State,Idaho,Idaho,"3,7","Jan 4 - Jan 16, 2023",6.8
"Currently experiencing long COVID, as a percentage of all adults",By State,Illinois,Illinois,"3,7","Jan 4 - Jan 16, 2023",3.8
"Currently experiencing long COVID, as a percentage of all adults",By State,Indiana,Indiana,"3,7","Jan 4 - Jan 16, 2023",6.6
"Currently experiencing long COVID, as a percentage of all adults",By State,Iowa,Iowa,"3,7","Jan 4 - Jan 16, 2023",6.6
"Currently experiencing long COVID, as a percentage of all adults",By State,Kansas,Kansas,"3,7","Jan 4 - Jan 16, 2023",6.7
"Currently experiencing long COVID, as a percentage of all adults",By State,Kentucky,Kentucky,"3,7","Jan 4 - Jan 16, 2023",5.0
"Currently experiencing long COVID, as a percentage of all adults",By State,Louisiana,Louisiana,"3,7","Jan 4 - Jan 16, 2023",5.5
"Currently experiencing long COVID, as a percentage of all adults",By State,Maine,Maine,"3,7","Jan 4 - Jan 16, 2023",7.1
"Currently experiencing long COVID, as a percentage of all adults",By State,Maryland,Maryland,"3,7","Jan 4 - Jan 16, 2023",5.5
"Currently experiencing long COVID, as a percentage of all adults",By State,Massachusetts,Massachusetts,"3,7","Jan 4 - Jan 16, 2023",5.7
"Currently experiencing long COVID, as a percentage of all adults",By State,Michigan,Michigan,"3,7","Jan 4 - Jan 16, 2023",6.2
"Currently experiencing long COVID, as a percentage of all adults",By State,Minnesota,Minnesota,"3,7","Jan 4 - Jan 16, 2023",5.9
"Currently experiencing long COVID, as a percentage of all adults",By State,Mississippi,Mississippi,"3,7","Jan 4 - Jan 16, 2023",8.0
"Currently experiencing long COVID, as a percentage of all adults",By State,Missouri,Missouri,"3,7","Jan 4 - Jan 16, 2023",5.2
"Currently experiencing long COVID, as a percentage of all adults",By State,Montana,Montana,"3,7","Jan 4 - Jan 16, 2023",7.9
"Currently experiencing long COVID, as a percentage of all adults",By State,Nebraska,Nebraska,"3,7","Jan 4 - Jan 16, 2023",6.2
"Currently experiencing long COVID, as a percentage of all adults",By State,Nevada,Nevada,"3,7","Jan 4 - Jan 16, 2023",5.8
"Currently experiencing long COVID, as a percentage of all adults",By State,New Hampshire,New Hampshire,"3,7","Jan 4 - Jan 16, 2023",5.0
"Currently experiencing long COVID, as a percentage of all adults",By State,New Jersey,New Jersey,"3,7","Jan 4 - Jan 16, 2023",6.6
"Currently experiencing long COVID, as a percentage of all adults",By State,New Mexico,New Mexico,"3,7","Jan 4 - Jan 16, 2023",6.8
"Currently experiencing long COVID, as a percentage of all adults",By State,New York,New York,"3,7","Jan 4 - Jan 16, 2023",4.2
"Currently experiencing long COVID, as a percentage of all adults",By State,North Carolina,North Carolina,"3,7","Jan 4 - Jan 16, 2023",7.0
"Currently experiencing long COVID, as a percentage of all adults",By State,North Dakota,North Dakota,"3,7","Jan 4 - Jan 16, 2023",7.2
"Currently experiencing long COVID, as a percentage of all adults",By State,Ohio,Ohio,"3,7","Jan 4 - Jan 16, 2023",6.1
"Currently experiencing long COVID, as a percentage of all adults",By State,Oklahoma,Oklahoma,"3,7","Jan 4 - Jan 16, 2023",6.1
"Currently experiencing long COVID, as a percentage of all adults",By State,Oregon,Oregon,"3,7","Jan 4 - Jan 16, 2023",4.7
"Currently experiencing long COVID, as a percentage of all adults",By State,Pennsylvania,Pennsylvania,"3,7","Jan 4 - Jan 16, 2023",4.4
"Currently experiencing long COVID, as a percentage of all adults",By State,Rhode Island,Rhode Island,"3,7","Jan 4 - Jan 16, 2023",10.2
"Currently experiencing long COVID, as a percentage of all adults",By State,South Carolina,South Carolina,"3,7","Jan 4 - Jan 16, 2023",6.2
"Currently experiencing long COVID, as a percentage of all adults",By State,South Dakota,South Dakota,"3,7","Jan 4 - Jan 16, 2023",5.8
"Currently experiencing long COVID, as a percentage of all adults",By State,Tennessee,Tennessee,"3,7","Jan 4 - Jan 16, 2023",8.1
"Currently experiencing long COVID, as a percentage of all adults",By State,Texas,Texas,"3,7","Jan 4 - Jan 16, 2023",6.5
"Currently experiencing long COVID, as a percentage of all adults",By State,Utah,Utah,"3,7","Jan 4 - Jan 16, 2023",8.9
"Currently experiencing long COVID, as a percentage of all adults",By State,Vermont,Vermont,"3,7","Jan 4 - Jan 16, 2023",4.9
"Currently experiencing long COVID, as a percentage of all adults",By State,Virginia,Virginia,"3,7","Jan 4 - Jan 16, 2023",4.9
"Currently experiencing long COVID, as a percentage of all adults",By State,Washington,Washington,"3,7","Jan 4 - Jan 16, 2023",7.9
"Currently experiencing long COVID, as a percentage of all adults",By State,West Virginia,West Virginia,"3,7","Jan 4 - Jan 16, 2023",9.0
"Currently experiencing long COVID, as a percentage of all adults",By State,Wisconsin,Wisconsin,"3,7","Jan 4 - Jan 16, 2023",7.2
"Currently experiencing long COVID, as a percentage of all adults",By State,Wyoming,Wyoming,"3,7","Jan 4 - Jan 16, 2023",6.4
"Any activity limitations from long COVID, as a percentage of adults who currently have long COVID",By Age,United States,18 - 29 years,"3,7","Jan 4 - Jan 16, 2023",73.1
"Any activity limitations from long COVID, as a percentage of adults who currently have long COVID",By Age,United States,30 - 39 years,"3,7","Jan 4 - Jan 16, 2023",77.6
"Any activity limitations from long COVID, as a percentage of adults who currently have long COVID",By Age,United States,40 - 49 years,"3,7","Jan 4 - Jan 16, 2023",80.6
"Any activity limitations from long COVID, as a percentage of adults who currently have long COVID",By Age,United States,50 - 59 years,"3,7","Jan 4 - Jan 16, 2023",82.7
"Any activity limitations from long COVID, as a percentage of adults who currently have long COVID",By Age,United States,60 - 69 years,"3,7","Jan 4 - Jan 16, 2023",77.3
"Any activity limitations from long COVID, as a percentage of adults who currently have long COVID",By Age,United States,70 - 79 years,"3,7","Jan 4 - Jan 16, 2023",80.7
"Any activity limitations from long COVID, as a percentage of adults who currently have long COVID",By Age,United States,80 years and above,"3,7","Jan 4 - Jan 16, 2023",
"Any activity limitations from long COVID, as a percentage of adults who currently have long COVID",By State,Alabama,Alabama,"3,7","Jan 4 - Jan 16, 2023",84.5
"Any activity limitations from long COVID, as a percentage of adults who currently have long COVID",By State,Alaska,Alaska,"3,7","Jan 4 - Jan 16, 2023",75.3
"Any activity limitations from long COVID, as a percentage of adults who currently have long COVID",By State,Arizona,Arizona,"3,7","Jan 4 - Jan 16, 2023",
"Any activity limitations from long COVID, as a percentage of adults who currently have long COVID",By State,Arkansas,Arkansas,"3,7","Jan 4 - Jan 16, 2023",83.9
"Any activity limitations from long COVID, as a percentage of adults who currently have long COVID",By State,California,California,"3,7","Jan 4 - Jan 16, 2023",79.3
"Any activity limitations from long COVID, as a percentage of adults who currently have long COVID",By State,Colorado,Colorado,"3,7","Jan 4 - Jan 16, 2023",75.8
"Any activity limitations from long COVID, as a percentage of adults who currently have long COVID",By State,Connecticut,Connecticut,"3,7","Jan 4 - Jan 16, 2023",86.1
"Any activity limitations from long COVID, as a percentage of adults who currently have long COVID",By State,Delaware,Delaware,"3,7","Jan 4 - Jan 16, 2023",
"Any activity limitations from long COVID, as a percentage of adults who currently have long COVID",By State,District of Columbia,District of Columbia,"3,7","Jan 4 - Jan 16, 2023",
"Any activity limitations from long COVID, as a percentage of adults who currently have long COVID",By State,Florida,Florida,"3,7","Jan 4 - Jan 16, 2023",81.9
"Any activity limitations from long COVID, as a percentage of adults who currently have long COVID",By State,Georgia,Georgia,"3,7","Jan 4 - Jan 16, 2023",
"Any activity limitations from long COVID, as a percentage of adults who currently have long COVID",By State,Hawaii,Hawaii,"3,7","Jan 4 - Jan 16, 2023",
"Any activity limitations from long COVID, as a percentage of adults who currently have long COVID",By State,Idaho,Idaho,"3,7","Jan 4 - Jan 16, 2023",
"Any activity limitations from long COVID, as a percentage of adults who currently have long COVID",By State,Illinois,Illinois,"3,7","Jan 4 - Jan 16, 2023",67.5
"Any activity limitations from long COVID, as a percentage of adults who currently have long COVID",By State,Indiana,Indiana,"3,7","Jan 4 - Jan 16, 2023",72.5
"Any activity limitations from long COVID, as a percentage of adults who currently have long COVID",By State,Iowa,Iowa,"3,7","Jan 4 - Jan 16, 2023",
"Any activity limitations from long COVID, as a percentage of adults who currently have long COVID",By State,Kansas,Kansas,"3,7","Jan 4 - Jan 16, 2023",
"Any activity limitations from long COVID, as a percentage of adults who currently have long COVID",By State,Kentucky,Kentucky,"3,7","Jan 4 - Jan 16, 2023",
"Any activity limitations from long COVID, as a percentage of adults who currently have long COVID",By State,Louisiana,Louisiana,"3,7","Jan 4 - Jan 16, 2023",
"Any activity limitations from long COVID, as a percentage of adults who currently have long COVID",By State,Maine,Maine,"3,7","Jan 4 - Jan 16, 2023",
"Any activity limitations from long COVID, as a percentage of adults who currently have long COVID",By State,Maryland,Maryland,"3,7","Jan 4 - Jan 16, 2023",75.4
"Any activity limitations from long COVID, as a percentage of adults who currently have long COVID",By State,Massachusetts,Massachusetts,"3,7","Jan 4 - Jan 16, 2023",
"Any activity limitations from long COVID, as a percentage of adults who currently have long COVID",By State,Michigan,Michigan,"3,7","Jan 4 - Jan 16, 2023",82.7
"Any activity limitations from long COVID, as a percentage of adults who currently have long COVID",By State,Minnesota,Minnesota,"3,7","Jan 4 - Jan 16, 2023",83.5
"Any activity limitations from long COVID, as a percentage of adults who currently have long COVID",By State,Mississippi,Mississippi,"3,7","Jan 4 - Jan 16, 2023",81.9
"Any activity limitations from long COVID, as a percentage of adults who currently have long COVID",By State,Missouri,Missouri,"3,7","Jan 4 - Jan 16, 2023",72.5
"Any activity limitations from long COVID, as a percentage of adults who currently have long COVID",By State,Montana,Montana,"3,7","Jan 4 - Jan 16, 2023",
"Any activity limitations from long COVID, as a percentage of adults who currently have long COVID",By State,Nebraska,Nebraska,"3,7","Jan 4 - Jan 16, 2023",
"Any activity limitations from long COVID, as a percentage of adults who currently have long COVID",By State,Nevada,Nevada,"3,7","Jan 4 - Jan 16, 2023",
"Any activity limitations from long COVID, as a percentage of adults who currently have long COVID",By State,New Hampshire,New Hampshire,"3,7","Jan 4 - Jan 16, 2023",
"Any activity limitations from long COVID, as a percentage of adults who currently have long COVID",By State,New Jersey,New Jersey,"3,7","Jan 4 - Jan 16, 2023",
"Any activity limitations from long COVID, as a percentage of adults who currently have long COVID",By State,New Mexico,New Mexico,"3,7","Jan 4 - Jan 16, 2023",
"Any activity limitations from long COVID, as a percentage of adults who currently have long COVID",By State,New York,New York,"3,7","Jan 4 - Jan 16, 2023",
"Any activity limitations from long COVID, as a percentage of adults who currently have long COVID",By State,North Carolina,North Carolina,"3,7","Jan 4 - Jan 16, 2023",74.5
"Any activity limitations from long COVID, as a percentage of adults who currently have long COVID",By State,North Dakota,North Dakota,"3,7","Jan 4 - Jan 16, 2023",
"Any activity limitations from long COVID, as a percentage of adults who currently have long COVID",By State,Ohio,Ohio,"3,7","Jan 4 - Jan 16, 2023",78.7
"Any activity limitations from long COVID, as a percentage of adults who currently have long COVID",By State,Oklahoma,Oklahoma,"3,7","Jan 4 - Jan 16, 2023",82.7
"Any activity limitations from long COVID, as a percentage of adults who currently have long COVID",By State,Oregon,Oregon,"3,7","Jan 4 - Jan 16, 2023",81.5
"Any activity limitations from long COVID, as a percentage of adults who currently have long COVID",By State,Pennsylvania,Pennsylvania,"3,7","Jan 4 - Jan 16, 2023",
"Any activity limitations from long COVID, as a percentage of adults who currently have long COVID",By State,Rhode Island,Rhode Island,"3,7","Jan 4 - Jan 16, 2023",
"Any activity limitations from long COVID, as a percentage of adults who currently have long COVID",By State,South Carolina,South Carolina,"3,7","Jan 4 - Jan 16, 2023",
"Any activity limitations from long COVID, as a percentage of adults who currently have long COVID",By State,South Dakota,South Dakota,"3,7","Jan 4 - Jan 16, 2023",
"Any activity limitations from long COVID, as a percentage of adults who currently have long COVID",By State,Tennessee,Tennessee,"3,7","Jan 4 - Jan 16, 2023",74.5
"Any activity limitations from long COVID, as a percentage of adults who currently have long COVID",By State,Texas,Texas,"3,7","Jan 4 - Jan 16, 2023",73.0
"Any activity limitations from long COVID, as a percentage of adults who currently have long COVID",By State,Utah,Utah,"3,7","Jan 4 - Jan 16, 2023",74.4
"Any activity limitations from long COVID, as a percentage of adults who currently have long COVID",By State,Vermont,Vermont,"3,7","Jan 4 - Jan 16, 2023",
"Any activity limitations from long COVID, as a percentage of adults who currently have long COVID",By State,Virginia,Virginia,"3,7","Jan 4 - Jan 16, 2023",79.4
"Any activity limitations from long COVID, as a percentage of adults who currently have long COVID",By State,Washington,Washington,"3,7","Jan 4 - Jan 16, 2023",86.8
"Any activity limitations from long COVID, as a percentage of adults who currently have long COVID",By State,West Virginia,West Virginia,"3,7","Jan 4 - Jan 16, 2023",
"Any activity limitations from long COVID, as a percentage of adults who currently have long COVID",By State,Wisconsin,Wisconsin,"3,7","Jan 4 - Jan 16, 2023",
"Any activity limitations from long COVID, as a percentage of adults who currently have long COVID",By State,Wyoming,Wyoming,"3,7","Jan 4 - Jan 16, 2023",
"Ever experienced long COVID, as a percentage of adults who ever had COVID",By Age,United States,18 - 29 years,"3,7","Feb 1 - Feb 13, 2023",27.1
"Ever experienced long COVID, as a percentage of adults who ever had COVID",By Age,United States,30 - 39 years,"3,7","Feb 1 - Feb 13, 2023",26.1
"Ever experienced long COVID, as a percentage of adults who ever had COVID",By Age,United States,40 - 49 years,"3,7","Feb 1 - Feb 13, 2023",29.7
"Ever experienced long COVID, as a percentage of adults who ever had COVID",By Age,United States,50 - 59 years,"3,7","Feb 1 - Feb 13, 2023",28.8
"Ever experienced long COVID, as a percentage of adults who ever had COVID",By Age,United States,60 - 69 years,"3,7","Feb 1 - Feb 13, 2023",28.5
"Ever experienced long COVID, as a percentage of adults who ever had COVID",By Age,United States,70 - 79 years,"3,7","Feb 1 - Feb 13, 2023",21.9
"Ever experienced long COVID, as a percentage of adults who ever had COVID",By Age,United States,80 years and above,"3,7","Feb 1 - Feb 13, 2023",24.5
"Ever experienced long COVID, as a percentage of adults who ever had COVID",By State,Alabama,Alabama,"3,7","Feb 1 - Feb 13, 2023",31.0
"Ever experienced long COVID, as a percentage of adults who ever had COVID",By State,Alaska,Alaska,"3,7","Feb 1 - Feb 13, 2023",28.7
"Ever experienced long COVID, as a percentage of adults who ever had COVID",By State,Arizona,Arizona,"3,7","Feb 1 - Feb 13, 2023",30.3
"Ever experienced long COVID, as a percentage of adults who ever had COVID",By State,Arkansas,Arkansas,"3,7","Feb 1 - Feb 13, 2023",28.8
"Ever experienced long COVID, as a percentage of adults who ever had COVID",By State,California,California,"3,7","Feb 1 - Feb 13, 2023",28.8
"Ever experienced long COVID, as a percentage of adults who ever had COVID",By State,Colorado,Colorado,"3,7","Feb 1 - Feb 13, 2023",32.4
"Ever experienced long COVID, as a percentage of adults who ever had COVID",By State,Connecticut,Connecticut,"3,7","Feb 1 - Feb 13, 2023",25.2
"Ever experienced long COVID, as a percentage of adults who ever had COVID",By State,Delaware,Delaware,"3,7","Feb 1 - Feb 13, 2023",29.9
"Ever experienced long COVID, as a percentage of adults who ever had COVID",By State,District of Columbia,District of Columbia,"3,7","Feb 1 - Feb 13, 2023",17.2
"Ever experienced long COVID, as a percentage of adults who ever had COVID",By State,Florida,Florida,"3,7","Feb 1 - Feb 13, 2023",22.9
"Ever experienced long COVID, as a percentage of adults who ever had COVID",By State,Georgia,Georgia,"3,7","Feb 1 - Feb 13, 2023",28.2
"Ever experienced long COVID, as a percentage of adults who ever had COVID",By State,Hawaii,Hawaii,"3,7","Feb 1 - Feb 13, 2023",19.0
"Ever experienced long COVID, as a percentage of adults who ever had COVID",By State,Idaho,Idaho,"3,7","Feb 1 - Feb 13, 2023",29.9
"Ever experienced long COVID, as a percentage of adults who ever had COVID",By State,Illinois,Illinois,"3,7","Feb 1 - Feb 13, 2023",28.9
"Ever experienced long COVID, as a percentage of adults who ever had COVID",By State,Indiana,Indiana,"3,7","Feb 1 - Feb 13, 2023",29.0
"Ever experienced long COVID, as a percentage of adults who ever had COVID",By State,Iowa,Iowa,"3,7","Feb 1 - Feb 13, 2023",27.0
"Ever experienced long COVID, as a percentage of adults who ever had COVID",By State,Kansas,Kansas,"3,7","Feb 1 - Feb 13, 2023",30.5
"Ever experienced long COVID, as a percentage of adults who ever had COVID",By State,Kentucky,Kentucky,"3,7","Feb 1 - Feb 13, 2023",29.3
"Ever experienced long COVID, as a percentage of adults who ever had COVID",By State,Louisiana,Louisiana,"3,7","Feb 1 - Feb 13, 2023",31.0
"Ever experienced long COVID, as a percentage of adults who ever had COVID",By State,Maine,Maine,"3,7","Feb 1 - Feb 13, 2023",26.6
"Ever experienced long COVID, as a percentage of adults who ever had COVID",By State,Maryland,Maryland,"3,7","Feb 1 - Feb 13, 2023",23.7
"Ever experienced long COVID, as a percentage of adults who ever had COVID",By State,Massachusetts,Massachusetts,"3,7","Feb 1 - Feb 13, 2023",20.6
"Ever experienced long COVID, as a percentage of adults who ever had COVID",By State,Michigan,Michigan,"3,7","Feb 1 - Feb 13, 2023",30.0
"Ever experienced long COVID, as a percentage of adults who ever had COVID",By State,Minnesota,Minnesota,"3,7","Feb 1 - Feb 13, 2023",25.2
"Ever experienced long COVID, as a percentage of adults who ever had COVID",By State,Mississippi,Mississippi,"3,7","Feb 1 - Feb 13, 2023",36.9
"Ever experienced long COVID, as a percentage of adults who ever had COVID",By State,Missouri,Missouri,"3,7","Feb 1 - Feb 13, 2023",33.3
"Ever experienced long COVID, as a percentage of adults who ever had COVID",By State,Montana,Montana,"3,7","Feb 1 - Feb 13, 2023",38.9
"Ever experienced long COVID, as a percentage of adults who ever had COVID",By State,Nebraska,Nebraska,"3,7","Feb 1 - Feb 13, 2023",33.8
"Ever experienced long COVID, as a percentage of adults who ever had COVID",By State,Nevada,Nevada,"3,7","Feb 1 - Feb 13, 2023",30.5
"Ever experienced long COVID, as a percentage of adults who ever had COVID",By State,New Hampshire,New Hampshire,"3,7","Feb 1 - Feb 13, 2023",25.7
"Ever experienced long COVID, as a percentage of adults who ever had COVID",By State,New Jersey,New Jersey,"3,7","Feb 1 - Feb 13, 2023",22.1
"Ever experienced long COVID, as a percentage of adults who ever had COVID",By State,New Mexico,New Mexico,"3,7","Feb 1 - Feb 13, 2023",28.9
"Ever experienced long COVID, as a percentage of adults who ever had COVID",By State,New York,New York,"3,7","Feb 1 - Feb 13, 2023",23.2
"Ever experienced long COVID, as a percentage of adults who ever had COVID",By State,North Carolina,North Carolina,"3,7","Feb 1 - Feb 13, 2023",23.5
"Ever experienced long COVID, as a percentage of adults who ever had COVID",By State,North Dakota,North Dakota,"3,7","Feb 1 - Feb 13, 2023",32.3
"Ever experienced long COVID, as a percentage of adults who ever had COVID",By State,Ohio,Ohio,"3,7","Feb 1 - Feb 13, 2023",26.7
"Ever experienced long COVID, as a percentage of adults who ever had COVID",By State,Oklahoma,Oklahoma,"3,7","Feb 1 - Feb 13, 2023",30.5
"Ever experienced long COVID, as a percentage of adults who ever had COVID",By State,Oregon,Oregon,"3,7","Feb 1 - Feb 13, 2023",26.0
"Ever experienced long COVID, as a percentage of adults who ever had COVID",By State,Pennsylvania,Pennsylvania,"3,7","Feb 1 - Feb 13, 2023",32.2
"Ever experienced long COVID, as a percentage of adults who ever had COVID",By State,Rhode Island,Rhode Island,"3,7","Feb 1 - Feb 13, 2023",26.1
"Ever experienced long COVID, as a percentage of adults who ever had COVID",By State,South Carolina,South Carolina,"3,7","Feb 1 - Feb 13, 2023",30.7
"Ever experienced long COVID, as a percentage of adults who ever had COVID",By State,South Dakota,South Dakota,"3,7","Feb 1 - Feb 13, 2023",22.9
"Ever experienced long COVID, as a percentage of adults who ever had COVID",By State,Tennessee,Tennessee,"3,7","Feb 1 - Feb 13, 2023",30.4
"Ever experienced long COVID, as a percentage of adults who ever had COVID",By State,Texas,Texas,"3,7","Feb 1 - Feb 13, 2023",25.6
"Ever experienced long COVID, as a percentage of adults who ever had COVID",By State,Utah,Utah,"3,7","Feb 1 - Feb 13, 2023",31.3
"Ever experienced long COVID, as a percentage of adults who ever had COVID",By State,Vermont,Vermont,"3,7","Feb 1 - Feb 13, 2023",29.3
"Ever experienced long COVID, as a percentage of adults who ever had COVID",By State,Virginia,Virginia,"3,7","Feb 1 - Feb 13, 2023",27.5
"Ever experienced long COVID, as a percentage of adults who ever had COVID",By State,Washington,Washington,"3,7","Feb 1 - Feb 13, 2023",25.3
"Ever experienced long COVID, as a percentage of adults who ever had COVID",By State,West Virginia,West Virginia,"3,7","Feb 1 - Feb 13, 2023",40.9
"Ever experienced long COVID, as a percentage of adults who ever had COVID",By State,Wisconsin,Wisconsin,"3,7","Feb 1 - Feb 13, 2023",24.7
"Ever experienced long COVID, as a percentage of adults who ever had COVID",By State,Wyoming,Wyoming,"3,7","Feb 1 - Feb 13, 2023",37.3
"Currently experiencing long COVID, as a percentage of all adults",By Age,United States,18 - 29 years,"3,7","Feb 1 - Feb 13, 2023",5.6
"Currently experiencing long COVID, as a percentage of all adults",By Age,United States,30 - 39 years,"3,7","Feb 1 - Feb 13, 2023",5.2
"Currently experiencing long COVID, as a percentage of all adults",By Age,United States,40 - 49 years,"3,7","Feb 1 - Feb 13, 2023",6.8
"Currently experiencing long COVID, as a percentage of all adults",By Age,United States,50 - 59 years,"3,7","Feb 1 - Feb 13, 2023",6.1
"Currently experiencing long COVID, as a percentage of all adults",By Age,United States,60 - 69 years,"3,7","Feb 1 - Feb 13, 2023",6.3
"Currently experiencing long COVID, as a percentage of all adults",By Age,United States,70 - 79 years,"3,7","Feb 1 - Feb 13, 2023",4.4
"Currently experiencing long COVID, as a percentage of all adults",By Age,United States,80 years and above,"3,7","Feb 1 - Feb 13, 2023",3.9
"Currently experiencing long COVID, as a percentage of all adults",By State,Alabama,Alabama,"3,7","Feb 1 - Feb 13, 2023",5.7
"Currently experiencing long COVID, as a percentage of all adults",By State,Alaska,Alaska,"3,7","Feb 1 - Feb 13, 2023",5.4
"Currently experiencing long COVID, as a percentage of all adults",By State,Arizona,Arizona,"3,7","Feb 1 - Feb 13, 2023",6.9
"Currently experiencing long COVID, as a percentage of all adults",By State,Arkansas,Arkansas,"3,7","Feb 1 - Feb 13, 2023",6.4
"Currently experiencing long COVID, as a percentage of all adults",By State,California,California,"3,7","Feb 1 - Feb 13, 2023",5.8
"Currently experiencing long COVID, as a percentage of all adults",By State,Colorado,Colorado,"3,7","Feb 1 - Feb 13, 2023",7.8
"Currently experiencing long COVID, as a percentage of all adults",By State,Connecticut,Connecticut,"3,7","Feb 1 - Feb 13, 2023",5.9
"Currently experiencing long COVID, as a percentage of all adults",By State,Delaware,Delaware,"3,7","Feb 1 - Feb 13, 2023",7.3
"Currently experiencing long COVID, as a percentage of all adults",By State,District of Columbia,District of Columbia,"3,7","Feb 1 - Feb 13, 2023",3.8
"Currently experiencing long COVID, as a percentage of all adults",By State,Florida,Florida,"3,7","Feb 1 - Feb 13, 2023",4.6
"Currently experiencing long COVID, as a percentage of all adults",By State,Georgia,Georgia,"3,7","Feb 1 - Feb 13, 2023",6.9
"Currently experiencing long COVID, as a percentage of all adults",By State,Hawaii,Hawaii,"3,7","Feb 1 - Feb 13, 2023",2.9
"Currently experiencing long COVID, as a percentage of all adults",By State,Idaho,Idaho,"3,7","Feb 1 - Feb 13, 2023",5.0
"Currently experiencing long COVID, as a percentage of all adults",By State,Illinois,Illinois,"3,7","Feb 1 - Feb 13, 2023",5.6
"Currently experiencing long COVID, as a percentage of all adults",By State,Indiana,Indiana,"3,7","Feb 1 - Feb 13, 2023",7.2
"Currently experiencing long COVID, as a percentage of all adults",By State,Iowa,Iowa,"3,7","Feb 1 - Feb 13, 2023",5.3
"Currently experiencing long COVID, as a percentage of all adults",By State,Kansas,Kansas,"3,7","Feb 1 - Feb 13, 2023",6.5
"Currently experiencing long COVID, as a percentage of all adults",By State,Kentucky,Kentucky,"3,7","Feb 1 - Feb 13, 2023",5.1
"Currently experiencing long COVID, as a percentage of all adults",By State,Louisiana,Louisiana,"3,7","Feb 1 - Feb 13, 2023",6.2
"Currently experiencing long COVID, as a percentage of all adults",By State,Maine,Maine,"3,7","Feb 1 - Feb 13, 2023",7.9
"Currently experiencing long COVID, as a percentage of all adults",By State,Maryland,Maryland,"3,7","Feb 1 - Feb 13, 2023",5.1
"Currently experiencing long COVID, as a percentage of all adults",By State,Massachusetts,Massachusetts,"3,7","Feb 1 - Feb 13, 2023",4.4
"Currently experiencing long COVID, as a percentage of all adults",By State,Michigan,Michigan,"3,7","Feb 1 - Feb 13, 2023",7.3
"Currently experiencing long COVID, as a percentage of all adults",By State,Minnesota,Minnesota,"3,7","Feb 1 - Feb 13, 2023",6.3
"Currently experiencing long COVID, as a percentage of all adults",By State,Mississippi,Mississippi,"3,7","Feb 1 - Feb 13, 2023",5.9
"Currently experiencing long COVID, as a percentage of all adults",By State,Missouri,Missouri,"3,7","Feb 1 - Feb 13, 2023",7.5
"Currently experiencing long COVID, as a percentage of all adults",By State,Montana,Montana,"3,7","Feb 1 - Feb 13, 2023",9.1
"Currently experiencing long COVID, as a percentage of all adults",By State,Nebraska,Nebraska,"3,7","Feb 1 - Feb 13, 2023",6.8
"Currently experiencing long COVID, as a percentage of all adults",By State,Nevada,Nevada,"3,7","Feb 1 - Feb 13, 2023",6.8
"Currently experiencing long COVID, as a percentage of all adults",By State,New Hampshire,New Hampshire,"3,7","Feb 1 - Feb 13, 2023",4.3
"Currently experiencing long COVID, as a percentage of all adults",By State,New Jersey,New Jersey,"3,7","Feb 1 - Feb 13, 2023",5.4
"Currently experiencing long COVID, as a percentage of all adults",By State,New Mexico,New Mexico,"3,7","Feb 1 - Feb 13, 2023",5.7
"Currently experiencing long COVID, as a percentage of all adults",By State,New York,New York,"3,7","Feb 1 - Feb 13, 2023",4.4
"Currently experiencing long COVID, as a percentage of all adults",By State,North Carolina,North Carolina,"3,7","Feb 1 - Feb 13, 2023",4.5
"Currently experiencing long COVID, as a percentage of all adults",By State,North Dakota,North Dakota,"3,7","Feb 1 - Feb 13, 2023",6.8
"Currently experiencing long COVID, as a percentage of all adults",By State,Ohio,Ohio,"3,7","Feb 1 - Feb 13, 2023",6.8
"Currently experiencing long COVID, as a percentage of all adults",By State,Oklahoma,Oklahoma,"3,7","Feb 1 - Feb 13, 2023",7.3
"Currently experiencing long COVID, as a percentage of all adults",By State,Oregon,Oregon,"3,7","Feb 1 - Feb 13, 2023",6.0
"Currently experiencing long COVID, as a percentage of all adults",By State,Pennsylvania,Pennsylvania,"3,7","Feb 1 - Feb 13, 2023",7.0
"Currently experiencing long COVID, as a percentage of all adults",By State,Rhode Island,Rhode Island,"3,7","Feb 1 - Feb 13, 2023",4.9
"Currently experiencing long COVID, as a percentage of all adults",By State,South Carolina,South Carolina,"3,7","Feb 1 - Feb 13, 2023",5.7
"Currently experiencing long COVID, as a percentage of all adults",By State,South Dakota,South Dakota,"3,7","Feb 1 - Feb 13, 2023",5.0
"Currently experiencing long COVID, as a percentage of all adults",By State,Tennessee,Tennessee,"3,7","Feb 1 - Feb 13, 2023",6.4
"Currently experiencing long COVID, as a percentage of all adults",By State,Texas,Texas,"3,7","Feb 1 - Feb 13, 2023",4.3
"Currently experiencing long COVID, as a percentage of all adults",By State,Utah,Utah,"3,7","Feb 1 - Feb 13, 2023",8.3
"Currently experiencing long COVID, as a percentage of all adults",By State,Vermont,Vermont,"3,7","Feb 1 - Feb 13, 2023",6.5
"Currently experiencing long COVID, as a percentage of all adults",By State,Virginia,Virginia,"3,7","Feb 1 - Feb 13, 2023",5.5
"Currently experiencing long COVID, as a percentage of all adults",By State,Washington,Washington,"3,7","Feb 1 - Feb 13, 2023",5.4
"Currently experiencing long COVID, as a percentage of all adults",By State,West Virginia,West Virginia,"3,7","Feb 1 - Feb 13, 2023",10.8
"Currently experiencing long COVID, as a percentage of all adults",By State,Wisconsin,Wisconsin,"3,7","Feb 1 - Feb 13, 2023",5.0
"Currently experiencing long COVID, as a percentage of all adults",By State,Wyoming,Wyoming,"3,7","Feb 1 - Feb 13, 2023",9.7
"Any activity limitations from long COVID, as a percentage of adults who currently have long COVID",By Age,United States,18 - 29 years,"3,7","Feb 1 - Feb 13, 2023",73.0
"Any activity limitations from long COVID, as a percentage of adults who currently have long COVID",By Age,United States,30 - 39 years,"3,7","Feb 1 - Feb 13, 2023",79.0
"Any activity limitations from long COVID, as a percentage of adults who currently have long COVID",By Age,United States,40 - 49 years,"3,7","Feb 1 - Feb 13, 2023",83.5
"Any activity limitations from long COVID, as a percentage of adults who currently have long COVID",By Age,United States,50 - 59 years,"3,7","Feb 1 - Feb 13, 2023",82.7
"Any activity limitations from long COVID, as a percentage of adults who currently have long COVID",By Age,United States,60 - 69 years,"3,7","Feb 1 - Feb 13, 2023",81.0
"Any activity limitations from long COVID, as a percentage of adults who currently have long COVID",By Age,United States,70 - 79 years,"3,7","Feb 1 - Feb 13, 2023",76.1
"Any activity limitations from long COVID, as a percentage of adults who currently have long COVID",By Age,United States,80 years and above,"3,7","Feb 1 - Feb 13, 2023",78.9
"Any activity limitations from long COVID, as a percentage of adults who currently have long COVID",By State,Alabama,Alabama,"3,7","Feb 1 - Feb 13, 2023",
"Any activity limitations from long COVID, as a percentage of adults who currently have long COVID",By State,Alaska,Alaska,"3,7","Feb 1 - Feb 13, 2023",
"Any activity limitations from long COVID, as a percentage of adults who currently have long COVID",By State,Arizona,Arizona,"3,7","Feb 1 - Feb 13, 2023",78.3
"Any activity limitations from long COVID, as a percentage of adults who currently have long COVID",By State,Arkansas,Arkansas,"3,7","Feb 1 - Feb 13, 2023",
"Any activity limitations from long COVID, as a percentage of adults who currently have long COVID",By State,California,California,"3,7","Feb 1 - Feb 13, 2023",81.1
"Any activity limitations from long COVID, as a percentage of adults who currently have long COVID",By State,Colorado,Colorado,"3,7","Feb 1 - Feb 13, 2023",73.4
"Any activity limitations from long COVID, as a percentage of adults who currently have long COVID",By State,Connecticut,Connecticut,"3,7","Feb 1 - Feb 13, 2023",77.3
"Any activity limitations from long COVID, as a percentage of adults who currently have long COVID",By State,Delaware,Delaware,"3,7","Feb 1 - Feb 13, 2023",
"Any activity limitations from long COVID, as a percentage of adults who currently have long COVID",By State,District of Columbia,District of Columbia,"3,7","Feb 1 - Feb 13, 2023",
"Any activity limitations from long COVID, as a percentage of adults who currently have long COVID",By State,Florida,Florida,"3,7","Feb 1 - Feb 13, 2023",79.0
"Any activity limitations from long COVID, as a percentage of adults who currently have long COVID",By State,Georgia,Georgia,"3,7","Feb 1 - Feb 13, 2023",
"Any activity limitations from long COVID, as a percentage of adults who currently have long COVID",By State,Hawaii,Hawaii,"3,7","Feb 1 - Feb 13, 2023",
"Any activity limitations from long COVID, as a percentage of adults who currently have long COVID",By State,Idaho,Idaho,"3,7","Feb 1 - Feb 13, 2023",71.9
"Any activity limitations from long COVID, as a percentage of adults who currently have long COVID",By State,Illinois,Illinois,"3,7","Feb 1 - Feb 13, 2023",
"Any activity limitations from long COVID, as a percentage of adults who currently have long COVID",By State,Indiana,Indiana,"3,7","Feb 1 - Feb 13, 2023",85.6
"Any activity limitations from long COVID, as a percentage of adults who currently have long COVID",By State,Iowa,Iowa,"3,7","Feb 1 - Feb 13, 2023",80.5
"Any activity limitations from long COVID, as a percentage of adults who currently have long COVID",By State,Kansas,Kansas,"3,7","Feb 1 - Feb 13, 2023",74.3
"Any activity limitations from long COVID, as a percentage of adults who currently have long COVID",By State,Kentucky,Kentucky,"3,7","Feb 1 - Feb 13, 2023",81.5
"Any activity limitations from long COVID, as a percentage of adults who currently have long COVID",By State,Louisiana,Louisiana,"3,7","Feb 1 - Feb 13, 2023",
"Any activity limitations from long COVID, as a percentage of adults who currently have long COVID",By State,Maine,Maine,"3,7","Feb 1 - Feb 13, 2023",
"Any activity limitations from long COVID, as a percentage of adults who currently have long COVID",By State,Maryland,Maryland,"3,7","Feb 1 - Feb 13, 2023",
"Any activity limitations from long COVID, as a percentage of adults who currently have long COVID",By State,Massachusetts,Massachusetts,"3,7","Feb 1 - Feb 13, 2023",86.3
"Any activity limitations from long COVID, as a percentage of adults who currently have long COVID",By State,Michigan,Michigan,"3,7","Feb 1 - Feb 13, 2023",74.3
"Any activity limitations from long COVID, as a percentage of adults who currently have long COVID",By State,Minnesota,Minnesota,"3,7","Feb 1 - Feb 13, 2023",79.8
"Any activity limitations from long COVID, as a percentage of adults who currently have long COVID",By State,Mississippi,Mississippi,"3,7","Feb 1 - Feb 13, 2023",
"Any activity limitations from long COVID, as a percentage of adults who currently have long COVID",By State,Missouri,Missouri,"3,7","Feb 1 - Feb 13, 2023",79.9
"Any activity limitations from long COVID, as a percentage of adults who currently have long COVID",By State,Montana,Montana,"3,7","Feb 1 - Feb 13, 2023",79.4
"Any activity limitations from long COVID, as a percentage of adults who currently have long COVID",By State,Nebraska,Nebraska,"3,7","Feb 1 - Feb 13, 2023",86.0
"Any activity limitations from long COVID, as a percentage of adults who currently have long COVID",By State,Nevada,Nevada,"3,7","Feb 1 - Feb 13, 2023",72.6
"Any activity limitations from long COVID, as a percentage of adults who currently have long COVID",By State,New Hampshire,New Hampshire,"3,7","Feb 1 - Feb 13, 2023",
"Any activity limitations from long COVID, as a percentage of adults who currently have long COVID",By State,New Jersey,New Jersey,"3,7","Feb 1 - Feb 13, 2023",84.2
"Any activity limitations from long COVID, as a percentage of adults who currently have long COVID",By State,New Mexico,New Mexico,"3,7","Feb 1 - Feb 13, 2023",
"Any activity limitations from long COVID, as a percentage of adults who currently have long COVID",By State,New York,New York,"3,7","Feb 1 - Feb 13, 2023",
"Any activity limitations from long COVID, as a percentage of adults who currently have long COVID",By State,North Carolina,North Carolina,"3,7","Feb 1 - Feb 13, 2023",86.3
"Any activity limitations from long COVID, as a percentage of adults who currently have long COVID",By State,North Dakota,North Dakota,"3,7","Feb 1 - Feb 13, 2023",
"Any activity limitations from long COVID, as a percentage of adults who currently have long COVID",By State,Ohio,Ohio,"3,7","Feb 1 - Feb 13, 2023",79.8
"Any activity limitations from long COVID, as a percentage of adults who currently have long COVID",By State,Oklahoma,Oklahoma,"3,7","Feb 1 - Feb 13, 2023",76.2
"Any activity limitations from long COVID, as a percentage of adults who currently have long COVID",By State,Oregon,Oregon,"3,7","Feb 1 - Feb 13, 2023",77.5
"Any activity limitations from long COVID, as a percentage of adults who currently have long COVID",By State,Pennsylvania,Pennsylvania,"3,7","Feb 1 - Feb 13, 2023",
"Any activity limitations from long COVID, as a percentage of adults who currently have long COVID",By State,Rhode Island,Rhode Island,"3,7","Feb 1 - Feb 13, 2023",
"Any activity limitations from long COVID, as a percentage of adults who currently have long COVID",By State,South Carolina,South Carolina,"3,7","Feb 1 - Feb 13, 2023",
"Any activity limitations from long COVID, as a percentage of adults who currently have long COVID",By State,South Dakota,South Dakota,"3,7","Feb 1 - Feb 13, 2023",
"Any activity limitations from long COVID, as a percentage of adults who currently have long COVID",By State,Tennessee,Tennessee,"3,7","Feb 1 - Feb 13, 2023",78.7
"Any activity limitations from long COVID, as a percentage of adults who currently have long COVID",By State,Texas,Texas,"3,7","Feb 1 - Feb 13, 2023",81.3
"Any activity limitations from long COVID, as a percentage of adults who currently have long COVID",By State,Utah,Utah,"3,7","Feb 1 - Feb 13, 2023",82.1
"Any activity limitations from long COVID, as a percentage of adults who currently have long COVID",By State,Vermont,Vermont,"3,7","Feb 1 - Feb 13, 2023",
"Any activity limitations from long COVID, as a percentage of adults who currently have long COVID",By State,Virginia,Virginia,"3,7","Feb 1 - Feb 13, 2023",87.8
"Any activity limitations from long COVID, as a percentage of adults who currently have long COVID",By State,Washington,Washington,"3,7","Feb 1 - Feb 13, 2023",77.7
"Any activity limitations from long COVID, as a percentage of adults who currently have long COVID",By State,West Virginia,West Virginia,"3,7","Feb 1 - Feb 13, 2023",
"Any activity limitations from long COVID, as a percentage of adults who currently have long COVID",By State,Wisconsin,Wisconsin,"3,7","Feb 1 - Feb 13, 2023",69.9
"Any activity limitations from long COVID, as a percentage of adults who currently have long COVID",By State,Wyoming,Wyoming,"3,7","Feb 1 - Feb 13, 2023",
"Ever experienced long COVID, as a percentage of adults who ever had COVID",By Age,United States,18 - 29 years,"3,8","Mar 1 - Mar 13, 2023",26.0
"Ever experienced long COVID, as a percentage of adults who ever had COVID",By Age,United States,30 - 39 years,"3,8","Mar 1 - Mar 13, 2023",25.2
"Ever experienced long COVID, as a percentage of adults who ever had COVID",By Age,United States,40 - 49 years,"3,8","Mar 1 - Mar 13, 2023",29.5
"Ever experienced long COVID, as a percentage of adults who ever had COVID",By Age,United States,50 - 59 years,"3,8","Mar 1 - Mar 13, 2023",31.2
"Ever experienced long COVID, as a percentage of adults who ever had COVID",By Age,United States,60 - 69 years,"3,8","Mar 1 - Mar 13, 2023",25.9
"Ever experienced long COVID, as a percentage of adults who ever had COVID",By Age,United States,70 - 79 years,"3,8","Mar 1 - Mar 13, 2023",22.6
"Ever experienced long COVID, as a percentage of adults who ever had COVID",By Age,United States,80 years and above,"3,8","Mar 1 - Mar 13, 2023",25.0
"Ever experienced long COVID, as a percentage of adults who ever had COVID",By State,Alabama,Alabama,"3,8","Mar 1 - Mar 13, 2023",28.8
"Ever experienced long COVID, as a percentage of adults who ever had COVID",By State,Alaska,Alaska,"3,8","Mar 1 - Mar 13, 2023",20.9
"Ever experienced long COVID, as a percentage of adults who ever had COVID",By State,Arizona,Arizona,"3,8","Mar 1 - Mar 13, 2023",31.8
"Ever experienced long COVID, as a percentage of adults who ever had COVID",By State,Arkansas,Arkansas,"3,8","Mar 1 - Mar 13, 2023",31.5
"Ever experienced long COVID, as a percentage of adults who ever had COVID",By State,California,California,"3,8","Mar 1 - Mar 13, 2023",27.0
"Ever experienced long COVID, as a percentage of adults who ever had COVID",By State,Colorado,Colorado,"3,8","Mar 1 - Mar 13, 2023",29.0
"Ever experienced long COVID, as a percentage of adults who ever had COVID",By State,Connecticut,Connecticut,"3,8","Mar 1 - Mar 13, 2023",24.8
"Ever experienced long COVID, as a percentage of adults who ever had COVID",By State,Delaware,Delaware,"3,8","Mar 1 - Mar 13, 2023",28.1
"Ever experienced long COVID, as a percentage of adults who ever had COVID",By State,District of Columbia,District of Columbia,"3,8","Mar 1 - Mar 13, 2023",17.4
"Ever experienced long COVID, as a percentage of adults who ever had COVID",By State,Florida,Florida,"3,8","Mar 1 - Mar 13, 2023",27.8
"Ever experienced long COVID, as a percentage of adults who ever had COVID",By State,Georgia,Georgia,"3,8","Mar 1 - Mar 13, 2023",31.1
"Ever experienced long COVID, as a percentage of adults who ever had COVID",By State,Hawaii,Hawaii,"3,8","Mar 1 - Mar 13, 2023",26.7
"Ever experienced long COVID, as a percentage of adults who ever had COVID",By State,Idaho,Idaho,"3,8","Mar 1 - Mar 13, 2023",30.7
"Ever experienced long COVID, as a percentage of adults who ever had COVID",By State,Illinois,Illinois,"3,8","Mar 1 - Mar 13, 2023",28.3
"Ever experienced long COVID, as a percentage of adults who ever had COVID",By State,Indiana,Indiana,"3,8","Mar 1 - Mar 13, 2023",31.3
"Ever experienced long COVID, as a percentage of adults who ever had COVID",By State,Iowa,Iowa,"3,8","Mar 1 - Mar 13, 2023",25.6
"Ever experienced long COVID, as a percentage of adults who ever had COVID",By State,Kansas,Kansas,"3,8","Mar 1 - Mar 13, 2023",27.9
"Ever experienced long COVID, as a percentage of adults who ever had COVID",By State,Kentucky,Kentucky,"3,8","Mar 1 - Mar 13, 2023",33.7
"Ever experienced long COVID, as a percentage of adults who ever had COVID",By State,Louisiana,Louisiana,"3,8","Mar 1 - Mar 13, 2023",26.5
"Ever experienced long COVID, as a percentage of adults who ever had COVID",By State,Maine,Maine,"3,8","Mar 1 - Mar 13, 2023",27.1
"Ever experienced long COVID, as a percentage of adults who ever had COVID",By State,Maryland,Maryland,"3,8","Mar 1 - Mar 13, 2023",21.6
"Ever experienced long COVID, as a percentage of adults who ever had COVID",By State,Massachusetts,Massachusetts,"3,8","Mar 1 - Mar 13, 2023",25.3
"Ever experienced long COVID, as a percentage of adults who ever had COVID",By State,Michigan,Michigan,"3,8","Mar 1 - Mar 13, 2023",26.5
"Ever experienced long COVID, as a percentage of adults who ever had COVID",By State,Minnesota,Minnesota,"3,8","Mar 1 - Mar 13, 2023",24.3
"Ever experienced long COVID, as a percentage of adults who ever had COVID",By State,Mississippi,Mississippi,"3,8","Mar 1 - Mar 13, 2023",35.0
"Ever experienced long COVID, as a percentage of adults who ever had COVID",By State,Missouri,Missouri,"3,8","Mar 1 - Mar 13, 2023",26.8
"Ever experienced long COVID, as a percentage of adults who ever had COVID",By State,Montana,Montana,"3,8","Mar 1 - Mar 13, 2023",28.4
"Ever experienced long COVID, as a percentage of adults who ever had COVID",By State,Nebraska,Nebraska,"3,8","Mar 1 - Mar 13, 2023",24.5
"Ever experienced long COVID, as a percentage of adults who ever had COVID",By State,Nevada,Nevada,"3,8","Mar 1 - Mar 13, 2023",33.8
"Ever experienced long COVID, as a percentage of adults who ever had COVID",By State,New Hampshire,New Hampshire,"3,8","Mar 1 - Mar 13, 2023",23.9
"Ever experienced long COVID, as a percentage of adults who ever had COVID",By State,New Jersey,New Jersey,"3,8","Mar 1 - Mar 13, 2023",18.8
"Ever experienced long COVID, as a percentage of adults who ever had COVID",By State,New Mexico,New Mexico,"3,8","Mar 1 - Mar 13, 2023",37.9
"Ever experienced long COVID, as a percentage of adults who ever had COVID",By State,New York,New York,"3,8","Mar 1 - Mar 13, 2023",22.9
"Ever experienced long COVID, as a percentage of adults who ever had COVID",By State,North Carolina,North Carolina,"3,8","Mar 1 - Mar 13, 2023",28.3
"Ever experienced long COVID, as a percentage of adults who ever had COVID",By State,North Dakota,North Dakota,"3,8","Mar 1 - Mar 13, 2023",31.9
"Ever experienced long COVID, as a percentage of adults who ever had COVID",By State,Ohio,Ohio,"3,8","Mar 1 - Mar 13, 2023",29.6
"Ever experienced long COVID, as a percentage of adults who ever had COVID",By State,Oklahoma,Oklahoma,"3,8","Mar 1 - Mar 13, 2023",31.2
"Ever experienced long COVID, as a percentage of adults who ever had COVID",By State,Oregon,Oregon,"3,8","Mar 1 - Mar 13, 2023",25.5
"Ever experienced long COVID, as a percentage of adults who ever had COVID",By State,Pennsylvania,Pennsylvania,"3,8","Mar 1 - Mar 13, 2023",27.6
"Ever experienced long COVID, as a percentage of adults who ever had COVID",By State,Rhode Island,Rhode Island,"3,8","Mar 1 - Mar 13, 2023",27.7
"Ever experienced long COVID, as a percentage of adults who ever had COVID",By State,South Carolina,South Carolina,"3,8","Mar 1 - Mar 13, 2023",33.9
"Ever experienced long COVID, as a percentage of adults who ever had COVID",By State,South Dakota,South Dakota,"3,8","Mar 1 - Mar 13, 2023",32.7
"Ever experienced long COVID, as a percentage of adults who ever had COVID",By State,Tennessee,Tennessee,"3,8","Mar 1 - Mar 13, 2023",27.8
"Ever experienced long COVID, as a percentage of adults who ever had COVID",By State,Texas,Texas,"3,8","Mar 1 - Mar 13, 2023",24.4
"Ever experienced long COVID, as a percentage of adults who ever had COVID",By State,Utah,Utah,"3,8","Mar 1 - Mar 13, 2023",24.2
"Ever experienced long COVID, as a percentage of adults who ever had COVID",By State,Vermont,Vermont,"3,8","Mar 1 - Mar 13, 2023",30.5
"Ever experienced long COVID, as a percentage of adults who ever had COVID",By State,Virginia,Virginia,"3,8","Mar 1 - Mar 13, 2023",24.6
"Ever experienced long COVID, as a percentage of adults who ever had COVID",By State,Washington,Washington,"3,8","Mar 1 - Mar 13, 2023",24.0
"Ever experienced long COVID, as a percentage of adults who ever had COVID",By State,West Virginia,West Virginia,"3,8","Mar 1 - Mar 13, 2023",40.7
"Ever experienced long COVID, as a percentage of adults who ever had COVID",By State,Wisconsin,Wisconsin,"3,8","Mar 1 - Mar 13, 2023",23.6
"Ever experienced long COVID, as a percentage of adults who ever had COVID",By State,Wyoming,Wyoming,"3,8","Mar 1 - Mar 13, 2023",37.9
"Currently experiencing long COVID, as a percentage of all adults",By Age,United States,18 - 29 years,"3,8","Mar 1 - Mar 13, 2023",4.8
"Currently experiencing long COVID, as a percentage of all adults",By Age,United States,30 - 39 years,"3,8","Mar 1 - Mar 13, 2023",5.5
"Currently experiencing long COVID, as a percentage of all adults",By Age,United States,40 - 49 years,"3,8","Mar 1 - Mar 13, 2023",7.8
"Currently experiencing long COVID, as a percentage of all adults",By Age,United States,50 - 59 years,"3,8","Mar 1 - Mar 13, 2023",7.7
"Currently experiencing long COVID, as a percentage of all adults",By Age,United States,60 - 69 years,"3,8","Mar 1 - Mar 13, 2023",5.3
"Currently experiencing long COVID, as a percentage of all adults",By Age,United States,70 - 79 years,"3,8","Mar 1 - Mar 13, 2023",4.4
"Currently experiencing long COVID, as a percentage of all adults",By Age,United States,80 years and above,"3,8","Mar 1 - Mar 13, 2023",6.3
"Currently experiencing long COVID, as a percentage of all adults",By State,Alabama,Alabama,"3,8","Mar 1 - Mar 13, 2023",7.6
"Currently experiencing long COVID, as a percentage of all adults",By State,Alaska,Alaska,"3,8","Mar 1 - Mar 13, 2023",4.9
"Currently experiencing long COVID, as a percentage of all adults",By State,Arizona,Arizona,"3,8","Mar 1 - Mar 13, 2023",7.6
"Currently experiencing long COVID, as a percentage of all adults",By State,Arkansas,Arkansas,"3,8","Mar 1 - Mar 13, 2023",6.2
"Currently experiencing long COVID, as a percentage of all adults",By State,California,California,"3,8","Mar 1 - Mar 13, 2023",5.5
"Currently experiencing long COVID, as a percentage of all adults",By State,Colorado,Colorado,"3,8","Mar 1 - Mar 13, 2023",6.1
"Currently experiencing long COVID, as a percentage of all adults",By State,Connecticut,Connecticut,"3,8","Mar 1 - Mar 13, 2023",6.7
"Currently experiencing long COVID, as a percentage of all adults",By State,Delaware,Delaware,"3,8","Mar 1 - Mar 13, 2023",6.3
"Currently experiencing long COVID, as a percentage of all adults",By State,District of Columbia,District of Columbia,"3,8","Mar 1 - Mar 13, 2023",3.2
"Currently experiencing long COVID, as a percentage of all adults",By State,Florida,Florida,"3,8","Mar 1 - Mar 13, 2023",5.8
"Currently experiencing long COVID, as a percentage of all adults",By State,Georgia,Georgia,"3,8","Mar 1 - Mar 13, 2023",6.7
"Currently experiencing long COVID, as a percentage of all adults",By State,Hawaii,Hawaii,"3,8","Mar 1 - Mar 13, 2023",2.7
"Currently experiencing long COVID, as a percentage of all adults",By State,Idaho,Idaho,"3,8","Mar 1 - Mar 13, 2023",7.4
"Currently experiencing long COVID, as a percentage of all adults",By State,Illinois,Illinois,"3,8","Mar 1 - Mar 13, 2023",6.5
"Currently experiencing long COVID, as a percentage of all adults",By State,Indiana,Indiana,"3,8","Mar 1 - Mar 13, 2023",6.9
"Currently experiencing long COVID, as a percentage of all adults",By State,Iowa,Iowa,"3,8","Mar 1 - Mar 13, 2023",6.1
"Currently experiencing long COVID, as a percentage of all adults",By State,Kansas,Kansas,"3,8","Mar 1 - Mar 13, 2023",7.5
"Currently experiencing long COVID, as a percentage of all adults",By State,Kentucky,Kentucky,"3,8","Mar 1 - Mar 13, 2023",8.4
"Currently experiencing long COVID, as a percentage of all adults",By State,Louisiana,Louisiana,"3,8","Mar 1 - Mar 13, 2023",5.9
"Currently experiencing long COVID, as a percentage of all adults",By State,Maine,Maine,"3,8","Mar 1 - Mar 13, 2023",7.4
"Currently experiencing long COVID, as a percentage of all adults",By State,Maryland,Maryland,"3,8","Mar 1 - Mar 13, 2023",5.3
"Currently experiencing long COVID, as a percentage of all adults",By State,Massachusetts,Massachusetts,"3,8","Mar 1 - Mar 13, 2023",7.4
"Currently experiencing long COVID, as a percentage of all adults",By State,Michigan,Michigan,"3,8","Mar 1 - Mar 13, 2023",7.1
"Currently experiencing long COVID, as a percentage of all adults",By State,Minnesota,Minnesota,"3,8","Mar 1 - Mar 13, 2023",5.6
"Currently experiencing long COVID, as a percentage of all adults",By State,Mississippi,Mississippi,"3,8","Mar 1 - Mar 13, 2023",7.3
"Currently experiencing long COVID, as a percentage of all adults",By State,Missouri,Missouri,"3,8","Mar 1 - Mar 13, 2023",6.3
"Currently experiencing long COVID, as a percentage of all adults",By State,Montana,Montana,"3,8","Mar 1 - Mar 13, 2023",8.1
"Currently experiencing long COVID, as a percentage of all adults",By State,Nebraska,Nebraska,"3,8","Mar 1 - Mar 13, 2023",4.3
"Currently experiencing long COVID, as a percentage of all adults",By State,Nevada,Nevada,"3,8","Mar 1 - Mar 13, 2023",6.7
"Currently experiencing long COVID, as a percentage of all adults",By State,New Hampshire,New Hampshire,"3,8","Mar 1 - Mar 13, 2023",5.5
"Currently experiencing long COVID, as a percentage of all adults",By State,New Jersey,New Jersey,"3,8","Mar 1 - Mar 13, 2023",5.1
"Currently experiencing long COVID, as a percentage of all adults",By State,New Mexico,New Mexico,"3,8","Mar 1 - Mar 13, 2023",6.6
"Currently experiencing long COVID, as a percentage of all adults",By State,New York,New York,"3,8","Mar 1 - Mar 13, 2023",4.5
"Currently experiencing long COVID, as a percentage of all adults",By State,North Carolina,North Carolina,"3,8","Mar 1 - Mar 13, 2023",6.9
"Currently experiencing long COVID, as a percentage of all adults",By State,North Dakota,North Dakota,"3,8","Mar 1 - Mar 13, 2023",7.4
"Currently experiencing long COVID, as a percentage of all adults",By State,Ohio,Ohio,"3,8","Mar 1 - Mar 13, 2023",6.4
"Currently experiencing long COVID, as a percentage of all adults",By State,Oklahoma,Oklahoma,"3,8","Mar 1 - Mar 13, 2023",8.1
"Currently experiencing long COVID, as a percentage of all adults",By State,Oregon,Oregon,"3,8","Mar 1 - Mar 13, 2023",4.5
"Currently experiencing long COVID, as a percentage of all adults",By State,Pennsylvania,Pennsylvania,"3,8","Mar 1 - Mar 13, 2023",6.3
"Currently experiencing long COVID, as a percentage of all adults",By State,Rhode Island,Rhode Island,"3,8","Mar 1 - Mar 13, 2023",6.6
"Currently experiencing long COVID, as a percentage of all adults",By State,South Carolina,South Carolina,"3,8","Mar 1 - Mar 13, 2023",7.2
"Currently experiencing long COVID, as a percentage of all adults",By State,South Dakota,South Dakota,"3,8","Mar 1 - Mar 13, 2023",8.6
"Currently experiencing long COVID, as a percentage of all adults",By State,Tennessee,Tennessee,"3,8","Mar 1 - Mar 13, 2023",5.0
"Currently experiencing long COVID, as a percentage of all adults",By State,Texas,Texas,"3,8","Mar 1 - Mar 13, 2023",4.7
"Currently experiencing long COVID, as a percentage of all adults",By State,Utah,Utah,"3,8","Mar 1 - Mar 13, 2023",5.1
"Currently experiencing long COVID, as a percentage of all adults",By State,Vermont,Vermont,"3,8","Mar 1 - Mar 13, 2023",11.7
"Currently experiencing long COVID, as a percentage of all adults",By State,Virginia,Virginia,"3,8","Mar 1 - Mar 13, 2023",5.4
"Currently experiencing long COVID, as a percentage of all adults",By State,Washington,Washington,"3,8","Mar 1 - Mar 13, 2023",5.3
"Currently experiencing long COVID, as a percentage of all adults",By State,West Virginia,West Virginia,"3,8","Mar 1 - Mar 13, 2023",12.5
"Currently experiencing long COVID, as a percentage of all adults",By State,Wisconsin,Wisconsin,"3,8","Mar 1 - Mar 13, 2023",6.0
"Currently experiencing long COVID, as a percentage of all adults",By State,Wyoming,Wyoming,"3,8","Mar 1 - Mar 13, 2023",5.4
"Any activity limitations from long COVID, as a percentage of adults who currently have long COVID",By Age,United States,18 - 29 years,"3,8","Mar 1 - Mar 13, 2023",79.1
"Any activity limitations from long COVID, as a percentage of adults who currently have long COVID",By Age,United States,30 - 39 years,"3,8","Mar 1 - Mar 13, 2023",77.5
"Any activity limitations from long COVID, as a percentage of adults who currently have long COVID",By Age,United States,40 - 49 years,"3,8","Mar 1 - Mar 13, 2023",83.6
"Any activity limitations from long COVID, as a percentage of adults who currently have long COVID",By Age,United States,50 - 59 years,"3,8","Mar 1 - Mar 13, 2023",79.3
"Any activity limitations from long COVID, as a percentage of adults who currently have long COVID",By Age,United States,60 - 69 years,"3,8","Mar 1 - Mar 13, 2023",80.5
"Any activity limitations from long COVID, as a percentage of adults who currently have long COVID",By Age,United States,70 - 79 years,"3,8","Mar 1 - Mar 13, 2023",81.8
"Any activity limitations from long COVID, as a percentage of adults who currently have long COVID",By Age,United States,80 years and above,"3,8","Mar 1 - Mar 13, 2023",
"Any activity limitations from long COVID, as a percentage of adults who currently have long COVID",By State,Alabama,Alabama,"3,8","Mar 1 - Mar 13, 2023",82.4
"Any activity limitations from long COVID, as a percentage of adults who currently have long COVID",By State,Alaska,Alaska,"3,8","Mar 1 - Mar 13, 2023",
"Any activity limitations from long COVID, as a percentage of adults who currently have long COVID",By State,Arizona,Arizona,"3,8","Mar 1 - Mar 13, 2023",83.5
"Any activity limitations from long COVID, as a percentage of adults who currently have long COVID",By State,Arkansas,Arkansas,"3,8","Mar 1 - Mar 13, 2023",
"Any activity limitations from long COVID, as a percentage of adults who currently have long COVID",By State,California,California,"3,8","Mar 1 - Mar 13, 2023",82.1
"Any activity limitations from long COVID, as a percentage of adults who currently have long COVID",By State,Colorado,Colorado,"3,8","Mar 1 - Mar 13, 2023",
"Any activity limitations from long COVID, as a percentage of adults who currently have long COVID",By State,Connecticut,Connecticut,"3,8","Mar 1 - Mar 13, 2023",
"Any activity limitations from long COVID, as a percentage of adults who currently have long COVID",By State,Delaware,Delaware,"3,8","Mar 1 - Mar 13, 2023",
"Any activity limitations from long COVID, as a percentage of adults who currently have long COVID",By State,District of Columbia,District of Columbia,"3,8","Mar 1 - Mar 13, 2023",
"Any activity limitations from long COVID, as a percentage of adults who currently have long COVID",By State,Florida,Florida,"3,8","Mar 1 - Mar 13, 2023",73.6
"Any activity limitations from long COVID, as a percentage of adults who currently have long COVID",By State,Georgia,Georgia,"3,8","Mar 1 - Mar 13, 2023",
"Any activity limitations from long COVID, as a percentage of adults who currently have long COVID",By State,Hawaii,Hawaii,"3,8","Mar 1 - Mar 13, 2023",
"Any activity limitations from long COVID, as a percentage of adults who currently have long COVID",By State,Idaho,Idaho,"3,8","Mar 1 - Mar 13, 2023",76.9
"Any activity limitations from long COVID, as a percentage of adults who currently have long COVID",By State,Illinois,Illinois,"3,8","Mar 1 - Mar 13, 2023",78.0
"Any activity limitations from long COVID, as a percentage of adults who currently have long COVID",By State,Indiana,Indiana,"3,8","Mar 1 - Mar 13, 2023",85.2
"Any activity limitations from long COVID, as a percentage of adults who currently have long COVID",By State,Iowa,Iowa,"3,8","Mar 1 - Mar 13, 2023",
"Any activity limitations from long COVID, as a percentage of adults who currently have long COVID",By State,Kansas,Kansas,"3,8","Mar 1 - Mar 13, 2023",84.3
"Any activity limitations from long COVID, as a percentage of adults who currently have long COVID",By State,Kentucky,Kentucky,"3,8","Mar 1 - Mar 13, 2023",
"Any activity limitations from long COVID, as a percentage of adults who currently have long COVID",By State,Louisiana,Louisiana,"3,8","Mar 1 - Mar 13, 2023",
"Any activity limitations from long COVID, as a percentage of adults who currently have long COVID",By State,Maine,Maine,"3,8","Mar 1 - Mar 13, 2023",
"Any activity limitations from long COVID, as a percentage of adults who currently have long COVID",By State,Maryland,Maryland,"3,8","Mar 1 - Mar 13, 2023",79.3
"Any activity limitations from long COVID, as a percentage of adults who currently have long COVID",By State,Massachusetts,Massachusetts,"3,8","Mar 1 - Mar 13, 2023",
"Any activity limitations from long COVID, as a percentage of adults who currently have long COVID",By State,Michigan,Michigan,"3,8","Mar 1 - Mar 13, 2023",77.3
"Any activity limitations from long COVID, as a percentage of adults who currently have long COVID",By State,Minnesota,Minnesota,"3,8","Mar 1 - Mar 13, 2023",82.6
"Any activity limitations from long COVID, as a percentage of adults who currently have long COVID",By State,Mississippi,Mississippi,"3,8","Mar 1 - Mar 13, 2023",
"Any activity limitations from long COVID, as a percentage of adults who currently have long COVID",By State,Missouri,Missouri,"3,8","Mar 1 - Mar 13, 2023",86.0
"Any activity limitations from long COVID, as a percentage of adults who currently have long COVID",By State,Montana,Montana,"3,8","Mar 1 - Mar 13, 2023",80.6
"Any activity limitations from long COVID, as a percentage of adults who currently have long COVID",By State,Nebraska,Nebraska,"3,8","Mar 1 - Mar 13, 2023",81.8
"Any activity limitations from long COVID, as a percentage of adults who currently have long COVID",By State,Nevada,Nevada,"3,8","Mar 1 - Mar 13, 2023",76.1
"Any activity limitations from long COVID, as a percentage of adults who currently have long COVID",By State,New Hampshire,New Hampshire,"3,8","Mar 1 - Mar 13, 2023",
"Any activity limitations from long COVID, as a percentage of adults who currently have long COVID",By State,New Jersey,New Jersey,"3,8","Mar 1 - Mar 13, 2023",79.4
"Any activity limitations from long COVID, as a percentage of adults who currently have long COVID",By State,New Mexico,New Mexico,"3,8","Mar 1 - Mar 13, 2023",85.8
"Any activity limitations from long COVID, as a percentage of adults who currently have long COVID",By State,New York,New York,"3,8","Mar 1 - Mar 13, 2023",80.2
"Any activity limitations from long COVID, as a percentage of adults who currently have long COVID",By State,North Carolina,North Carolina,"3,8","Mar 1 - Mar 13, 2023",87.9
"Any activity limitations from long COVID, as a percentage of adults who currently have long COVID",By State,North Dakota,North Dakota,"3,8","Mar 1 - Mar 13, 2023",
"Any activity limitations from long COVID, as a percentage of adults who currently have long COVID",By State,Ohio,Ohio,"3,8","Mar 1 - Mar 13, 2023",80.3
"Any activity limitations from long COVID, as a percentage of adults who currently have long COVID",By State,Oklahoma,Oklahoma,"3,8","Mar 1 - Mar 13, 2023",79.0
"Any activity limitations from long COVID, as a percentage of adults who currently have long COVID",By State,Oregon,Oregon,"3,8","Mar 1 - Mar 13, 2023",85.7
"Any activity limitations from long COVID, as a percentage of adults who currently have long COVID",By State,Pennsylvania,Pennsylvania,"3,8","Mar 1 - Mar 13, 2023",85.4
"Any activity limitations from long COVID, as a percentage of adults who currently have long COVID",By State,Rhode Island,Rhode Island,"3,8","Mar 1 - Mar 13, 2023",
"Any activity limitations from long COVID, as a percentage of adults who currently have long COVID",By State,South Carolina,South Carolina,"3,8","Mar 1 - Mar 13, 2023",84.9
"Any activity limitations from long COVID, as a percentage of adults who currently have long COVID",By State,South Dakota,South Dakota,"3,8","Mar 1 - Mar 13, 2023",78.8
"Any activity limitations from long COVID, as a percentage of adults who currently have long COVID",By State,Tennessee,Tennessee,"3,8","Mar 1 - Mar 13, 2023",
"Any activity limitations from long COVID, as a percentage of adults who currently have long COVID",By State,Texas,Texas,"3,8","Mar 1 - Mar 13, 2023",75.8
"Any activity limitations from long COVID, as a percentage of adults who currently have long COVID",By State,Utah,Utah,"3,8","Mar 1 - Mar 13, 2023",74.3
"Any activity limitations from long COVID, as a percentage of adults who currently have long COVID",By State,Vermont,Vermont,"3,8","Mar 1 - Mar 13, 2023",
"Any activity limitations from long COVID, as a percentage of adults who currently have long COVID",By State,Virginia,Virginia,"3,8","Mar 1 - Mar 13, 2023",
"Any activity limitations from long COVID, as a percentage of adults who currently have long COVID",By State,Washington,Washington,"3,8","Mar 1 - Mar 13, 2023",81.9
"Any activity limitations from long COVID, as a percentage of adults who currently have long COVID",By State,West Virginia,West Virginia,"3,8","Mar 1 - Mar 13, 2023",
"Any activity limitations from long COVID, as a percentage of adults who currently have long COVID",By State,Wisconsin,Wisconsin,"3,8","Mar 1 - Mar 13, 2023",73.1
"Any activity limitations from long COVID, as a percentage of adults who currently have long COVID",By State,Wyoming,Wyoming,"3,8","Mar 1 - Mar 13, 2023",75.8
"Ever experienced long COVID, as a percentage of adults who ever had COVID",By Age,United States,18 - 29 years,"3,8","Mar 29 - Apr 10, 2023",30.4
"Ever experienced long COVID, as a percentage of adults who ever had COVID",By Age,United States,30 - 39 years,"3,8","Mar 29 - Apr 10, 2023",28.8
"Ever experienced long COVID, as a percentage of adults who ever had COVID",By Age,United States,40 - 49 years,"3,8","Mar 29 - Apr 10, 2023",29.6
"Ever experienced long COVID, as a percentage of adults who ever had COVID",By Age,United States,50 - 59 years,"3,8","Mar 29 - Apr 10, 2023",30.0
"Ever experienced long COVID, as a percentage of adults who ever had COVID",By Age,United States,60 - 69 years,"3,8","Mar 29 - Apr 10, 2023",25.8
"Ever experienced long COVID, as a percentage of adults who ever had COVID",By Age,United States,70 - 79 years,"3,8","Mar 29 - Apr 10, 2023",22.7
"Ever experienced long COVID, as a percentage of adults who ever had COVID",By Age,United States,80 years and above,"3,8","Mar 29 - Apr 10, 2023",22.8
"Ever experienced long COVID, as a percentage of adults who ever had COVID",By State,Alabama,Alabama,"3,8","Mar 29 - Apr 10, 2023",38.1
"Ever experienced long COVID, as a percentage of adults who ever had COVID",By State,Alaska,Alaska,"3,8","Mar 29 - Apr 10, 2023",24.2
"Ever experienced long COVID, as a percentage of adults who ever had COVID",By State,Arizona,Arizona,"3,8","Mar 29 - Apr 10, 2023",27.4
"Ever experienced long COVID, as a percentage of adults who ever had COVID",By State,Arkansas,Arkansas,"3,8","Mar 29 - Apr 10, 2023",36.0
"Ever experienced long COVID, as a percentage of adults who ever had COVID",By State,California,California,"3,8","Mar 29 - Apr 10, 2023",27.7
"Ever experienced long COVID, as a percentage of adults who ever had COVID",By State,Colorado,Colorado,"3,8","Mar 29 - Apr 10, 2023",30.6
"Ever experienced long COVID, as a percentage of adults who ever had COVID",By State,Connecticut,Connecticut,"3,8","Mar 29 - Apr 10, 2023",24.9
"Ever experienced long COVID, as a percentage of adults who ever had COVID",By State,Delaware,Delaware,"3,8","Mar 29 - Apr 10, 2023",24.5
"Ever experienced long COVID, as a percentage of adults who ever had COVID",By State,District of Columbia,District of Columbia,"3,8","Mar 29 - Apr 10, 2023",15.7
"Ever experienced long COVID, as a percentage of adults who ever had COVID",By State,Florida,Florida,"3,8","Mar 29 - Apr 10, 2023",26.9
"Ever experienced long COVID, as a percentage of adults who ever had COVID",By State,Georgia,Georgia,"3,8","Mar 29 - Apr 10, 2023",28.1
"Ever experienced long COVID, as a percentage of adults who ever had COVID",By State,Hawaii,Hawaii,"3,8","Mar 29 - Apr 10, 2023",19.4
"Ever experienced long COVID, as a percentage of adults who ever had COVID",By State,Idaho,Idaho,"3,8","Mar 29 - Apr 10, 2023",30.8
"Ever experienced long COVID, as a percentage of adults who ever had COVID",By State,Illinois,Illinois,"3,8","Mar 29 - Apr 10, 2023",23.9
"Ever experienced long COVID, as a percentage of adults who ever had COVID",By State,Indiana,Indiana,"3,8","Mar 29 - Apr 10, 2023",34.2
"Ever experienced long COVID, as a percentage of adults who ever had COVID",By State,Iowa,Iowa,"3,8","Mar 29 - Apr 10, 2023",31.3
"Ever experienced long COVID, as a percentage of adults who ever had COVID",By State,Kansas,Kansas,"3,8","Mar 29 - Apr 10, 2023",33.0
"Ever experienced long COVID, as a percentage of adults who ever had COVID",By State,Kentucky,Kentucky,"3,8","Mar 29 - Apr 10, 2023",35.5
"Ever experienced long COVID, as a percentage of adults who ever had COVID",By State,Louisiana,Louisiana,"3,8","Mar 29 - Apr 10, 2023",27.4
"Ever experienced long COVID, as a percentage of adults who ever had COVID",By State,Maine,Maine,"3,8","Mar 29 - Apr 10, 2023",26.0
"Ever experienced long COVID, as a percentage of adults who ever had COVID",By State,Maryland,Maryland,"3,8","Mar 29 - Apr 10, 2023",27.5
"Ever experienced long COVID, as a percentage of adults who ever had COVID",By State,Massachusetts,Massachusetts,"3,8","Mar 29 - Apr 10, 2023",22.1
"Ever experienced long COVID, as a percentage of adults who ever had COVID",By State,Michigan,Michigan,"3,8","Mar 29 - Apr 10, 2023",29.3
"Ever experienced long COVID, as a percentage of adults who ever had COVID",By State,Minnesota,Minnesota,"3,8","Mar 29 - Apr 10, 2023",23.0
"Ever experienced long COVID, as a percentage of adults who ever had COVID",By State,Mississippi,Mississippi,"3,8","Mar 29 - Apr 10, 2023",38.2
"Ever experienced long COVID, as a percentage of adults who ever had COVID",By State,Missouri,Missouri,"3,8","Mar 29 - Apr 10, 2023",30.1
"Ever experienced long COVID, as a percentage of adults who ever had COVID",By State,Montana,Montana,"3,8","Mar 29 - Apr 10, 2023",34.5
"Ever experienced long COVID, as a percentage of adults who ever had COVID",By State,Nebraska,Nebraska,"3,8","Mar 29 - Apr 10, 2023",27.3
"Ever experienced long COVID, as a percentage of adults who ever had COVID",By State,Nevada,Nevada,"3,8","Mar 29 - Apr 10, 2023",30.2
"Ever experienced long COVID, as a percentage of adults who ever had COVID",By State,New Hampshire,New Hampshire,"3,8","Mar 29 - Apr 10, 2023",23.3
"Ever experienced long COVID, as a percentage of adults who ever had COVID",By State,New Jersey,New Jersey,"3,8","Mar 29 - Apr 10, 2023",28.8
"Ever experienced long COVID, as a percentage of adults who ever had COVID",By State,New Mexico,New Mexico,"3,8","Mar 29 - Apr 10, 2023",28.7
"Ever experienced long COVID, as a percentage of adults who ever had COVID",By State,New York,New York,"3,8","Mar 29 - Apr 10, 2023",23.0
"Ever experienced long COVID, as a percentage of adults who ever had COVID",By State,North Carolina,North Carolina,"3,8","Mar 29 - Apr 10, 2023",27.2
"Ever experienced long COVID, as a percentage of adults who ever had COVID",By State,North Dakota,North Dakota,"3,8","Mar 29 - Apr 10, 2023",27.6
"Ever experienced long COVID, as a percentage of adults who ever had COVID",By State,Ohio,Ohio,"3,8","Mar 29 - Apr 10, 2023",29.5
"Ever experienced long COVID, as a percentage of adults who ever had COVID",By State,Oklahoma,Oklahoma,"3,8","Mar 29 - Apr 10, 2023",36.4
"Ever experienced long COVID, as a percentage of adults who ever had COVID",By State,Oregon,Oregon,"3,8","Mar 29 - Apr 10, 2023",32.9
"Ever experienced long COVID, as a percentage of adults who ever had COVID",By State,Pennsylvania,Pennsylvania,"3,8","Mar 29 - Apr 10, 2023",30.4
"Ever experienced long COVID, as a percentage of adults who ever had COVID",By State,Rhode Island,Rhode Island,"3,8","Mar 29 - Apr 10, 2023",22.8
"Ever experienced long COVID, as a percentage of adults who ever had COVID",By State,South Carolina,South Carolina,"3,8","Mar 29 - Apr 10, 2023",26.6
"Ever experienced long COVID, as a percentage of adults who ever had COVID",By State,South Dakota,South Dakota,"3,8","Mar 29 - Apr 10, 2023",29.8
"Ever experienced long COVID, as a percentage of adults who ever had COVID",By State,Tennessee,Tennessee,"3,8","Mar 29 - Apr 10, 2023",37.6
"Ever experienced long COVID, as a percentage of adults who ever had COVID",By State,Texas,Texas,"3,8","Mar 29 - Apr 10, 2023",31.1
"Ever experienced long COVID, as a percentage of adults who ever had COVID",By State,Utah,Utah,"3,8","Mar 29 - Apr 10, 2023",30.5
"Ever experienced long COVID, as a percentage of adults who ever had COVID",By State,Vermont,Vermont,"3,8","Mar 29 - Apr 10, 2023",20.4
"Ever experienced long COVID, as a percentage of adults who ever had COVID",By State,Virginia,Virginia,"3,8","Mar 29 - Apr 10, 2023",26.9
"Ever experienced long COVID, as a percentage of adults who ever had COVID",By State,Washington,Washington,"3,8","Mar 29 - Apr 10, 2023",25.4
"Ever experienced long COVID, as a percentage of adults who ever had COVID",By State,West Virginia,West Virginia,"3,8","Mar 29 - Apr 10, 2023",28.3
"Ever experienced long COVID, as a percentage of adults who ever had COVID",By State,Wisconsin,Wisconsin,"3,8","Mar 29 - Apr 10, 2023",23.6
"Ever experienced long COVID, as a percentage of adults who ever had COVID",By State,Wyoming,Wyoming,"3,8","Mar 29 - Apr 10, 2023",28.3
"Currently experiencing long COVID, as a percentage of all adults",By Age,United States,18 - 29 years,"3,8","Mar 29 - Apr 10, 2023",5.9
"Currently experiencing long COVID, as a percentage of all adults",By Age,United States,30 - 39 years,"3,8","Mar 29 - Apr 10, 2023",6.2
"Currently experiencing long COVID, as a percentage of all adults",By Age,United States,40 - 49 years,"3,8","Mar 29 - Apr 10, 2023",7.2
"Currently experiencing long COVID, as a percentage of all adults",By Age,United States,50 - 59 years,"3,8","Mar 29 - Apr 10, 2023",7.1
"Currently experiencing long COVID, as a percentage of all adults",By Age,United States,60 - 69 years,"3,8","Mar 29 - Apr 10, 2023",5.4
"Currently experiencing long COVID, as a percentage of all adults",By Age,United States,70 - 79 years,"3,8","Mar 29 - Apr 10, 2023",4.4
"Currently experiencing long COVID, as a percentage of all adults",By Age,United States,80 years and above,"3,8","Mar 29 - Apr 10, 2023",5.4
"Currently experiencing long COVID, as a percentage of all adults",By State,Alabama,Alabama,"3,8","Mar 29 - Apr 10, 2023",7.3
"Currently experiencing long COVID, as a percentage of all adults",By State,Alaska,Alaska,"3,8","Mar 29 - Apr 10, 2023",5.3
"Currently experiencing long COVID, as a percentage of all adults",By State,Arizona,Arizona,"3,8","Mar 29 - Apr 10, 2023",7.0
"Currently experiencing long COVID, as a percentage of all adults",By State,Arkansas,Arkansas,"3,8","Mar 29 - Apr 10, 2023",8.9
"Currently experiencing long COVID, as a percentage of all adults",By State,California,California,"3,8","Mar 29 - Apr 10, 2023",5.4
"Currently experiencing long COVID, as a percentage of all adults",By State,Colorado,Colorado,"3,8","Mar 29 - Apr 10, 2023",6.1
"Currently experiencing long COVID, as a percentage of all adults",By State,Connecticut,Connecticut,"3,8","Mar 29 - Apr 10, 2023",8.0
"Currently experiencing long COVID, as a percentage of all adults",By State,Delaware,Delaware,"3,8","Mar 29 - Apr 10, 2023",5.9
"Currently experiencing long COVID, as a percentage of all adults",By State,District of Columbia,District of Columbia,"3,8","Mar 29 - Apr 10, 2023",4.0
"Currently experiencing long COVID, as a percentage of all adults",By State,Florida,Florida,"3,8","Mar 29 - Apr 10, 2023",4.6
"Currently experiencing long COVID, as a percentage of all adults",By State,Georgia,Georgia,"3,8","Mar 29 - Apr 10, 2023",6.2
"Currently experiencing long COVID, as a percentage of all adults",By State,Hawaii,Hawaii,"3,8","Mar 29 - Apr 10, 2023",5.6
"Currently experiencing long COVID, as a percentage of all adults",By State,Idaho,Idaho,"3,8","Mar 29 - Apr 10, 2023",6.1
"Currently experiencing long COVID, as a percentage of all adults",By State,Illinois,Illinois,"3,8","Mar 29 - Apr 10, 2023",5.6
"Currently experiencing long COVID, as a percentage of all adults",By State,Indiana,Indiana,"3,8","Mar 29 - Apr 10, 2023",8.2
"Currently experiencing long COVID, as a percentage of all adults",By State,Iowa,Iowa,"3,8","Mar 29 - Apr 10, 2023",5.4
"Currently experiencing long COVID, as a percentage of all adults",By State,Kansas,Kansas,"3,8","Mar 29 - Apr 10, 2023",7.2
"Currently experiencing long COVID, as a percentage of all adults",By State,Kentucky,Kentucky,"3,8","Mar 29 - Apr 10, 2023",8.6
"Currently experiencing long COVID, as a percentage of all adults",By State,Louisiana,Louisiana,"3,8","Mar 29 - Apr 10, 2023",4.5
"Currently experiencing long COVID, as a percentage of all adults",By State,Maine,Maine,"3,8","Mar 29 - Apr 10, 2023",5.9
"Currently experiencing long COVID, as a percentage of all adults",By State,Maryland,Maryland,"3,8","Mar 29 - Apr 10, 2023",6.1
"Currently experiencing long COVID, as a percentage of all adults",By State,Massachusetts,Massachusetts,"3,8","Mar 29 - Apr 10, 2023",5.0
"Currently experiencing long COVID, as a percentage of all adults",By State,Michigan,Michigan,"3,8","Mar 29 - Apr 10, 2023",6.8
"Currently experiencing long COVID, as a percentage of all adults",By State,Minnesota,Minnesota,"3,8","Mar 29 - Apr 10, 2023",4.5
"Currently experiencing long COVID, as a percentage of all adults",By State,Mississippi,Mississippi,"3,8","Mar 29 - Apr 10, 2023",9.4
"Currently experiencing long COVID, as a percentage of all adults",By State,Missouri,Missouri,"3,8","Mar 29 - Apr 10, 2023",6.8
"Currently experiencing long COVID, as a percentage of all adults",By State,Montana,Montana,"3,8","Mar 29 - Apr 10, 2023",8.2
"Currently experiencing long COVID, as a percentage of all adults",By State,Nebraska,Nebraska,"3,8","Mar 29 - Apr 10, 2023",5.9
"Currently experiencing long COVID, as a percentage of all adults",By State,Nevada,Nevada,"3,8","Mar 29 - Apr 10, 2023",6.5
"Currently experiencing long COVID, as a percentage of all adults",By State,New Hampshire,New Hampshire,"3,8","Mar 29 - Apr 10, 2023",5.4
"Currently experiencing long COVID, as a percentage of all adults",By State,New Jersey,New Jersey,"3,8","Mar 29 - Apr 10, 2023",6.7
"Currently experiencing long COVID, as a percentage of all adults",By State,New Mexico,New Mexico,"3,8","Mar 29 - Apr 10, 2023",5.9
"Currently experiencing long COVID, as a percentage of all adults",By State,New York,New York,"3,8","Mar 29 - Apr 10, 2023",5.2
"Currently experiencing long COVID, as a percentage of all adults",By State,North Carolina,North Carolina,"3,8","Mar 29 - Apr 10, 2023",6.3
"Currently experiencing long COVID, as a percentage of all adults",By State,North Dakota,North Dakota,"3,8","Mar 29 - Apr 10, 2023",9.0
"Currently experiencing long COVID, as a percentage of all adults",By State,Ohio,Ohio,"3,8","Mar 29 - Apr 10, 2023",6.7
"Currently experiencing long COVID, as a percentage of all adults",By State,Oklahoma,Oklahoma,"3,8","Mar 29 - Apr 10, 2023",8.4
"Currently experiencing long COVID, as a percentage of all adults",By State,Oregon,Oregon,"3,8","Mar 29 - Apr 10, 2023",7.2
"Currently experiencing long COVID, as a percentage of all adults",By State,Pennsylvania,Pennsylvania,"3,8","Mar 29 - Apr 10, 2023",7.3
"Currently experiencing long COVID, as a percentage of all adults",By State,Rhode Island,Rhode Island,"3,8","Mar 29 - Apr 10, 2023",6.0
"Currently experiencing long COVID, as a percentage of all adults",By State,South Carolina,South Carolina,"3,8","Mar 29 - Apr 10, 2023",5.2
"Currently experiencing long COVID, as a percentage of all adults",By State,South Dakota,South Dakota,"3,8","Mar 29 - Apr 10, 2023",9.5
"Currently experiencing long COVID, as a percentage of all adults",By State,Tennessee,Tennessee,"3,8","Mar 29 - Apr 10, 2023",6.9
"Currently experiencing long COVID, as a percentage of all adults",By State,Texas,Texas,"3,8","Mar 29 - Apr 10, 2023",6.2
"Currently experiencing long COVID, as a percentage of all adults",By State,Utah,Utah,"3,8","Mar 29 - Apr 10, 2023",8.0
"Currently experiencing long COVID, as a percentage of all adults",By State,Vermont,Vermont,"3,8","Mar 29 - Apr 10, 2023",5.5
"Currently experiencing long COVID, as a percentage of all adults",By State,Virginia,Virginia,"3,8","Mar 29 - Apr 10, 2023",5.6
"Currently experiencing long COVID, as a percentage of all adults",By State,Washington,Washington,"3,8","Mar 29 - Apr 10, 2023",6.2
"Currently experiencing long COVID, as a percentage of all adults",By State,West Virginia,West Virginia,"3,8","Mar 29 - Apr 10, 2023",5.3
"Currently experiencing long COVID, as a percentage of all adults",By State,Wisconsin,Wisconsin,"3,8","Mar 29 - Apr 10, 2023",3.9
"Currently experiencing long COVID, as a percentage of all adults",By State,Wyoming,Wyoming,"3,8","Mar 29 - Apr 10, 2023",5.9
"Any activity limitations from long COVID, as a percentage of adults who currently have long COVID",By Age,United States,18 - 29 years,"3,8","Mar 29 - Apr 10, 2023",77.8
"Any activity limitations from long COVID, as a percentage of adults who currently have long COVID",By Age,United States,30 - 39 years,"3,8","Mar 29 - Apr 10, 2023",79.5
"Any activity limitations from long COVID, as a percentage of adults who currently have long COVID",By Age,United States,40 - 49 years,"3,8","Mar 29 - Apr 10, 2023",83.1
"Any activity limitations from long COVID, as a percentage of adults who currently have long COVID",By Age,United States,50 - 59 years,"3,8","Mar 29 - Apr 10, 2023",78.6
"Any activity limitations from long COVID, as a percentage of adults who currently have long COVID",By Age,United States,60 - 69 years,"3,8","Mar 29 - Apr 10, 2023",84.8
"Any activity limitations from long COVID, as a percentage of adults who currently have long COVID",By Age,United States,70 - 79 years,"3,8","Mar 29 - Apr 10, 2023",81.3
"Any activity limitations from long COVID, as a percentage of adults who currently have long COVID",By Age,United States,80 years and above,"3,8","Mar 29 - Apr 10, 2023",
"Any activity limitations from long COVID, as a percentage of adults who currently have long COVID",By State,Alabama,Alabama,"3,8","Mar 29 - Apr 10, 2023",79.4
"Any activity limitations from long COVID, as a percentage of adults who currently have long COVID",By State,Alaska,Alaska,"3,8","Mar 29 - Apr 10, 2023",
"Any activity limitations from long COVID, as a percentage of adults who currently have long COVID",By State,Arizona,Arizona,"3,8","Mar 29 - Apr 10, 2023",79.5
"Any activity limitations from long COVID, as a percentage of adults who currently have long COVID",By State,Arkansas,Arkansas,"3,8","Mar 29 - Apr 10, 2023",
"Any activity limitations from long COVID, as a percentage of adults who currently have long COVID",By State,California,California,"3,8","Mar 29 - Apr 10, 2023",
"Any activity limitations from long COVID, as a percentage of adults who currently have long COVID",By State,Colorado,Colorado,"3,8","Mar 29 - Apr 10, 2023",84.6
"Any activity limitations from long COVID, as a percentage of adults who currently have long COVID",By State,Connecticut,Connecticut,"3,8","Mar 29 - Apr 10, 2023",75.9
"Any activity limitations from long COVID, as a percentage of adults who currently have long COVID",By State,Delaware,Delaware,"3,8","Mar 29 - Apr 10, 2023",79.5
"Any activity limitations from long COVID, as a percentage of adults who currently have long COVID",By State,District of Columbia,District of Columbia,"3,8","Mar 29 - Apr 10, 2023",
"Any activity limitations from long COVID, as a percentage of adults who currently have long COVID",By State,Florida,Florida,"3,8","Mar 29 - Apr 10, 2023",81.7
"Any activity limitations from long COVID, as a percentage of adults who currently have long COVID",By State,Georgia,Georgia,"3,8","Mar 29 - Apr 10, 2023",81.6
"Any activity limitations from long COVID, as a percentage of adults who currently have long COVID",By State,Hawaii,Hawaii,"3,8","Mar 29 - Apr 10, 2023",
"Any activity limitations from long COVID, as a percentage of adults who currently have long COVID",By State,Idaho,Idaho,"3,8","Mar 29 - Apr 10, 2023",71.6
"Any activity limitations from long COVID, as a percentage of adults who currently have long COVID",By State,Illinois,Illinois,"3,8","Mar 29 - Apr 10, 2023",
"Any activity limitations from long COVID, as a percentage of adults who currently have long COVID",By State,Indiana,Indiana,"3,8","Mar 29 - Apr 10, 2023",83.6
"Any activity limitations from long COVID, as a percentage of adults who currently have long COVID",By State,Iowa,Iowa,"3,8","Mar 29 - Apr 10, 2023",83.1
"Any activity limitations from long COVID, as a percentage of adults who currently have long COVID",By State,Kansas,Kansas,"3,8","Mar 29 - Apr 10, 2023",77.1
"Any activity limitations from long COVID, as a percentage of adults who currently have long COVID",By State,Kentucky,Kentucky,"3,8","Mar 29 - Apr 10, 2023",
"Any activity limitations from long COVID, as a percentage of adults who currently have long COVID",By State,Louisiana,Louisiana,"3,8","Mar 29 - Apr 10, 2023",
"Any activity limitations from long COVID, as a percentage of adults who currently have long COVID",By State,Maine,Maine,"3,8","Mar 29 - Apr 10, 2023",
"Any activity limitations from long COVID, as a percentage of adults who currently have long COVID",By State,Maryland,Maryland,"3,8","Mar 29 - Apr 10, 2023",
"Any activity limitations from long COVID, as a percentage of adults who currently have long COVID",By State,Massachusetts,Massachusetts,"3,8","Mar 29 - Apr 10, 2023",74.0
"Any activity limitations from long COVID, as a percentage of adults who currently have long COVID",By State,Michigan,Michigan,"3,8","Mar 29 - Apr 10, 2023",80.9
"Any activity limitations from long COVID, as a percentage of adults who currently have long COVID",By State,Minnesota,Minnesota,"3,8","Mar 29 - Apr 10, 2023",78.4
"Any activity limitations from long COVID, as a percentage of adults who currently have long COVID",By State,Mississippi,Mississippi,"3,8","Mar 29 - Apr 10, 2023",83.6
"Any activity limitations from long COVID, as a percentage of adults who currently have long COVID",By State,Missouri,Missouri,"3,8","Mar 29 - Apr 10, 2023",75.6
"Any activity limitations from long COVID, as a percentage of adults who currently have long COVID",By State,Montana,Montana,"3,8","Mar 29 - Apr 10, 2023",
"Any activity limitations from long COVID, as a percentage of adults who currently have long COVID",By State,Nebraska,Nebraska,"3,8","Mar 29 - Apr 10, 2023",83.3
"Any activity limitations from long COVID, as a percentage of adults who currently have long COVID",By State,Nevada,Nevada,"3,8","Mar 29 - Apr 10, 2023",87.0
"Any activity limitations from long COVID, as a percentage of adults who currently have long COVID",By State,New Hampshire,New Hampshire,"3,8","Mar 29 - Apr 10, 2023",
"Any activity limitations from long COVID, as a percentage of adults who currently have long COVID",By State,New Jersey,New Jersey,"3,8","Mar 29 - Apr 10, 2023",82.5
"Any activity limitations from long COVID, as a percentage of adults who currently have long COVID",By State,New Mexico,New Mexico,"3,8","Mar 29 - Apr 10, 2023",
"Any activity limitations from long COVID, as a percentage of adults who currently have long COVID",By State,New York,New York,"3,8","Mar 29 - Apr 10, 2023",
"Any activity limitations from long COVID, as a percentage of adults who currently have long COVID",By State,North Carolina,North Carolina,"3,8","Mar 29 - Apr 10, 2023",
"Any activity limitations from long COVID, as a percentage of adults who currently have long COVID",By State,North Dakota,North Dakota,"3,8","Mar 29 - Apr 10, 2023",
"Any activity limitations from long COVID, as a percentage of adults who currently have long COVID",By State,Ohio,Ohio,"3,8","Mar 29 - Apr 10, 2023",
"Any activity limitations from long COVID, as a percentage of adults who currently have long COVID",By State,Oklahoma,Oklahoma,"3,8","Mar 29 - Apr 10, 2023",72.7
"Any activity limitations from long COVID, as a percentage of adults who currently have long COVID",By State,Oregon,Oregon,"3,8","Mar 29 - Apr 10, 2023",84.1
"Any activity limitations from long COVID, as a percentage of adults who currently have long COVID",By State,Pennsylvania,Pennsylvania,"3,8","Mar 29 - Apr 10, 2023",87.1
"Any activity limitations from long COVID, as a percentage of adults who currently have long COVID",By State,Rhode Island,Rhode Island,"3,8","Mar 29 - Apr 10, 2023",
"Any activity limitations from long COVID, as a percentage of adults who currently have long COVID",By State,South Carolina,South Carolina,"3,8","Mar 29 - Apr 10, 2023",
"Any activity limitations from long COVID, as a percentage of adults who currently have long COVID",By State,South Dakota,South Dakota,"3,8","Mar 29 - Apr 10, 2023",
"Any activity limitations from long COVID, as a percentage of adults who currently have long COVID",By State,Tennessee,Tennessee,"3,8","Mar 29 - Apr 10, 2023",
"Any activity limitations from long COVID, as a percentage of adults who currently have long COVID",By State,Texas,Texas,"3,8","Mar 29 - Apr 10, 2023",71.9
"Any activity limitations from long COVID, as a percentage of adults who currently have long COVID",By State,Utah,Utah,"3,8","Mar 29 - Apr 10, 2023",77.2
"Any activity limitations from long COVID, as a percentage of adults who currently have long COVID",By State,Vermont,Vermont,"3,8","Mar 29 - Apr 10, 2023",
"Any activity limitations from long COVID, as a percentage of adults who currently have long COVID",By State,Virginia,Virginia,"3,8","Mar 29 - Apr 10, 2023",79.7
"Any activity limitations from long COVID, as a percentage of adults who currently have long COVID",By State,Washington,Washington,"3,8","Mar 29 - Apr 10, 2023",81.2
"Any activity limitations from long COVID, as a percentage of adults who currently have long COVID",By State,West Virginia,West Virginia,"3,8","Mar 29 - Apr 10, 2023",
"Any activity limitations from long COVID, as a percentage of adults who currently have long COVID",By State,Wisconsin,Wisconsin,"3,8","Mar 29 - Apr 10, 2023",
"Any activity limitations from long COVID, as a percentage of adults who currently have long COVID",By State,Wyoming,Wyoming,"3,8","Mar 29 - Apr 10, 2023",
"Ever experienced long COVID, as a percentage of adults who ever had COVID",By Age,United States,18 - 29 years,"3,8","Apr 26 - May 8, 2023",27.1
"Ever experienced long COVID, as a percentage of adults who ever had COVID",By Age,United States,30 - 39 years,"3,8","Apr 26 - May 8, 2023",25.7
"Ever experienced long COVID, as a percentage of adults who ever had COVID",By Age,United States,40 - 49 years,"3,8","Apr 26 - May 8, 2023",30.5
"Ever experienced long COVID, as a percentage of adults who ever had COVID",By Age,United States,50 - 59 years,"3,8","Apr 26 - May 8, 2023",30.4
"Ever experienced long COVID, as a percentage of adults who ever had COVID",By Age,United States,60 - 69 years,"3,8","Apr 26 - May 8, 2023",28.2
"Ever experienced long COVID, as a percentage of adults who ever had COVID",By Age,United States,70 - 79 years,"3,8","Apr 26 - May 8, 2023",23.0
"Ever experienced long COVID, as a percentage of adults who ever had COVID",By Age,United States,80 years and above,"3,8","Apr 26 - May 8, 2023",24.8
"Ever experienced long COVID, as a percentage of adults who ever had COVID",By State,Alabama,Alabama,"3,8","Apr 26 - May 8, 2023",25.9
"Ever experienced long COVID, as a percentage of adults who ever had COVID",By State,Alaska,Alaska,"3,8","Apr 26 - May 8, 2023",38.7
"Ever experienced long COVID, as a percentage of adults who ever had COVID",By State,Arizona,Arizona,"3,8","Apr 26 - May 8, 2023",29.9
"Ever experienced long COVID, as a percentage of adults who ever had COVID",By State,Arkansas,Arkansas,"3,8","Apr 26 - May 8, 2023",34.2
"Ever experienced long COVID, as a percentage of adults who ever had COVID",By State,California,California,"3,8","Apr 26 - May 8, 2023",26.5
"Ever experienced long COVID, as a percentage of adults who ever had COVID",By State,Colorado,Colorado,"3,8","Apr 26 - May 8, 2023",30.5
"Ever experienced long COVID, as a percentage of adults who ever had COVID",By State,Connecticut,Connecticut,"3,8","Apr 26 - May 8, 2023",26.9
"Ever experienced long COVID, as a percentage of adults who ever had COVID",By State,Delaware,Delaware,"3,8","Apr 26 - May 8, 2023",19.3
"Ever experienced long COVID, as a percentage of adults who ever had COVID",By State,District of Columbia,District of Columbia,"3,8","Apr 26 - May 8, 2023",22.6
"Ever experienced long COVID, as a percentage of adults who ever had COVID",By State,Florida,Florida,"3,8","Apr 26 - May 8, 2023",24.0
"Ever experienced long COVID, as a percentage of adults who ever had COVID",By State,Georgia,Georgia,"3,8","Apr 26 - May 8, 2023",27.4
"Ever experienced long COVID, as a percentage of adults who ever had COVID",By State,Hawaii,Hawaii,"3,8","Apr 26 - May 8, 2023",23.5
"Ever experienced long COVID, as a percentage of adults who ever had COVID",By State,Idaho,Idaho,"3,8","Apr 26 - May 8, 2023",32.8
"Ever experienced long COVID, as a percentage of adults who ever had COVID",By State,Illinois,Illinois,"3,8","Apr 26 - May 8, 2023",27.7
"Ever experienced long COVID, as a percentage of adults who ever had COVID",By State,Indiana,Indiana,"3,8","Apr 26 - May 8, 2023",31.8
"Ever experienced long COVID, as a percentage of adults who ever had COVID",By State,Iowa,Iowa,"3,8","Apr 26 - May 8, 2023",31.5
"Ever experienced long COVID, as a percentage of adults who ever had COVID",By State,Kansas,Kansas,"3,8","Apr 26 - May 8, 2023",30.0
"Ever experienced long COVID, as a percentage of adults who ever had COVID",By State,Kentucky,Kentucky,"3,8","Apr 26 - May 8, 2023",31.0
"Ever experienced long COVID, as a percentage of adults who ever had COVID",By State,Louisiana,Louisiana,"3,8","Apr 26 - May 8, 2023",26.8
"Ever experienced long COVID, as a percentage of adults who ever had COVID",By State,Maine,Maine,"3,8","Apr 26 - May 8, 2023",29.6
"Ever experienced long COVID, as a percentage of adults who ever had COVID",By State,Maryland,Maryland,"3,8","Apr 26 - May 8, 2023",20.2
"Ever experienced long COVID, as a percentage of adults who ever had COVID",By State,Massachusetts,Massachusetts,"3,8","Apr 26 - May 8, 2023",24.6
"Ever experienced long COVID, as a percentage of adults who ever had COVID",By State,Michigan,Michigan,"3,8","Apr 26 - May 8, 2023",33.3
"Ever experienced long COVID, as a percentage of adults who ever had COVID",By State,Minnesota,Minnesota,"3,8","Apr 26 - May 8, 2023",22.8
"Ever experienced long COVID, as a percentage of adults who ever had COVID",By State,Mississippi,Mississippi,"3,8","Apr 26 - May 8, 2023",32.8
"Ever experienced long COVID, as a percentage of adults who ever had COVID",By State,Missouri,Missouri,"3,8","Apr 26 - May 8, 2023",31.2
"Ever experienced long COVID, as a percentage of adults who ever had COVID",By State,Montana,Montana,"3,8","Apr 26 - May 8, 2023",30.6
"Ever experienced long COVID, as a percentage of adults who ever had COVID",By State,Nebraska,Nebraska,"3,8","Apr 26 - May 8, 2023",29.1
"Ever experienced long COVID, as a percentage of adults who ever had COVID",By State,Nevada,Nevada,"3,8","Apr 26 - May 8, 2023",28.5
"Ever experienced long COVID, as a percentage of adults who ever had COVID",By State,New Hampshire,New Hampshire,"3,8","Apr 26 - May 8, 2023",21.4
"Ever experienced long COVID, as a percentage of adults who ever had COVID",By State,New Jersey,New Jersey,"3,8","Apr 26 - May 8, 2023",21.9
"Ever experienced long COVID, as a percentage of adults who ever had COVID",By State,New Mexico,New Mexico,"3,8","Apr 26 - May 8, 2023",29.4
"Ever experienced long COVID, as a percentage of adults who ever had COVID",By State,New York,New York,"3,8","Apr 26 - May 8, 2023",25.6
"Ever experienced long COVID, as a percentage of adults who ever had COVID",By State,North Carolina,North Carolina,"3,8","Apr 26 - May 8, 2023",25.2
"Ever experienced long COVID, as a percentage of adults who ever had COVID",By State,North Dakota,North Dakota,"3,8","Apr 26 - May 8, 2023",26.5
"Ever experienced long COVID, as a percentage of adults who ever had COVID",By State,Ohio,Ohio,"3,8","Apr 26 - May 8, 2023",31.2
"Ever experienced long COVID, as a percentage of adults who ever had COVID",By State,Oklahoma,Oklahoma,"3,8","Apr 26 - May 8, 2023",37.1
"Ever experienced long COVID, as a percentage of adults who ever had COVID",By State,Oregon,Oregon,"3,8","Apr 26 - May 8, 2023",28.4
"Ever experienced long COVID, as a percentage of adults who ever had COVID",By State,Pennsylvania,Pennsylvania,"3,8","Apr 26 - May 8, 2023",27.6
"Ever experienced long COVID, as a percentage of adults who ever had COVID",By State,Rhode Island,Rhode Island,"3,8","Apr 26 - May 8, 2023",24.1
"Ever experienced long COVID, as a percentage of adults who ever had COVID",By State,South Carolina,South Carolina,"3,8","Apr 26 - May 8, 2023",25.9
"Ever experienced long COVID, as a percentage of adults who ever had COVID",By State,South Dakota,South Dakota,"3,8","Apr 26 - May 8, 2023",34.5
"Ever experienced long COVID, as a percentage of adults who ever had COVID",By State,Tennessee,Tennessee,"3,8","Apr 26 - May 8, 2023",32.7
"Ever experienced long COVID, as a percentage of adults who ever had COVID",By State,Texas,Texas,"3,8","Apr 26 - May 8, 2023",30.0
"Ever experienced long COVID, as a percentage of adults who ever had COVID",By State,Utah,Utah,"3,8","Apr 26 - May 8, 2023",29.8
"Ever experienced long COVID, as a percentage of adults who ever had COVID",By State,Vermont,Vermont,"3,8","Apr 26 - May 8, 2023",20.0
"Ever experienced long COVID, as a percentage of adults who ever had COVID",By State,Virginia,Virginia,"3,8","Apr 26 - May 8, 2023",29.0
"Ever experienced long COVID, as a percentage of adults who ever had COVID",By State,Washington,Washington,"3,8","Apr 26 - May 8, 2023",28.0
"Ever experienced long COVID, as a percentage of adults who ever had COVID",By State,West Virginia,West Virginia,"3,8","Apr 26 - May 8, 2023",34.5
"Ever experienced long COVID, as a percentage of adults who ever had COVID",By State,Wisconsin,Wisconsin,"3,8","Apr 26 - May 8, 2023",25.8
"Ever experienced long COVID, as a percentage of adults who ever had COVID",By State,Wyoming,Wyoming,"3,8","Apr 26 - May 8, 2023",31.4
"Currently experiencing long COVID, as a percentage of all adults",By Age,United States,18 - 29 years,"3,8","Apr 26 - May 8, 2023",4.6
"Currently experiencing long COVID, as a percentage of all adults",By Age,United States,30 - 39 years,"3,8","Apr 26 - May 8, 2023",4.7
"Currently experiencing long COVID, as a percentage of all adults",By Age,United States,40 - 49 years,"3,8","Apr 26 - May 8, 2023",7.2
"Currently experiencing long COVID, as a percentage of all adults",By Age,United States,50 - 59 years,"3,8","Apr 26 - May 8, 2023",6.9
"Currently experiencing long COVID, as a percentage of all adults",By Age,United States,60 - 69 years,"3,8","Apr 26 - May 8, 2023",6.1
"Currently experiencing long COVID, as a percentage of all adults",By Age,United States,70 - 79 years,"3,8","Apr 26 - May 8, 2023",3.7
"Currently experiencing long COVID, as a percentage of all adults",By Age,United States,80 years and above,"3,8","Apr 26 - May 8, 2023",3.7
"Currently experiencing long COVID, as a percentage of all adults",By State,Alabama,Alabama,"3,8","Apr 26 - May 8, 2023",5.5
"Currently experiencing long COVID, as a percentage of all adults",By State,Alaska,Alaska,"3,8","Apr 26 - May 8, 2023",9.9
"Currently experiencing long COVID, as a percentage of all adults",By State,Arizona,Arizona,"3,8","Apr 26 - May 8, 2023",6.4
"Currently experiencing long COVID, as a percentage of all adults",By State,Arkansas,Arkansas,"3,8","Apr 26 - May 8, 2023",9.7
"Currently experiencing long COVID, as a percentage of all adults",By State,California,California,"3,8","Apr 26 - May 8, 2023",4.7
"Currently experiencing long COVID, as a percentage of all adults",By State,Colorado,Colorado,"3,8","Apr 26 - May 8, 2023",7.6
"Currently experiencing long COVID, as a percentage of all adults",By State,Connecticut,Connecticut,"3,8","Apr 26 - May 8, 2023",6.5
"Currently experiencing long COVID, as a percentage of all adults",By State,Delaware,Delaware,"3,8","Apr 26 - May 8, 2023",4.3
"Currently experiencing long COVID, as a percentage of all adults",By State,District of Columbia,District of Columbia,"3,8","Apr 26 - May 8, 2023",2.0
"Currently experiencing long COVID, as a percentage of all adults",By State,Florida,Florida,"3,8","Apr 26 - May 8, 2023",4.3
"Currently experiencing long COVID, as a percentage of all adults",By State,Georgia,Georgia,"3,8","Apr 26 - May 8, 2023",6.3
"Currently experiencing long COVID, as a percentage of all adults",By State,Hawaii,Hawaii,"3,8","Apr 26 - May 8, 2023",3.6
"Currently experiencing long COVID, as a percentage of all adults",By State,Idaho,Idaho,"3,8","Apr 26 - May 8, 2023",5.7
"Currently experiencing long COVID, as a percentage of all adults",By State,Illinois,Illinois,"3,8","Apr 26 - May 8, 2023",5.6
"Currently experiencing long COVID, as a percentage of all adults",By State,Indiana,Indiana,"3,8","Apr 26 - May 8, 2023",5.9
"Currently experiencing long COVID, as a percentage of all adults",By State,Iowa,Iowa,"3,8","Apr 26 - May 8, 2023",6.1
"Currently experiencing long COVID, as a percentage of all adults",By State,Kansas,Kansas,"3,8","Apr 26 - May 8, 2023",7.4
"Currently experiencing long COVID, as a percentage of all adults",By State,Kentucky,Kentucky,"3,8","Apr 26 - May 8, 2023",6.8
"Currently experiencing long COVID, as a percentage of all adults",By State,Louisiana,Louisiana,"3,8","Apr 26 - May 8, 2023",5.9
"Currently experiencing long COVID, as a percentage of all adults",By State,Maine,Maine,"3,8","Apr 26 - May 8, 2023",6.4
"Currently experiencing long COVID, as a percentage of all adults",By State,Maryland,Maryland,"3,8","Apr 26 - May 8, 2023",4.4
"Currently experiencing long COVID, as a percentage of all adults",By State,Massachusetts,Massachusetts,"3,8","Apr 26 - May 8, 2023",5.9
"Currently experiencing long COVID, as a percentage of all adults",By State,Michigan,Michigan,"3,8","Apr 26 - May 8, 2023",6.5
"Currently experiencing long COVID, as a percentage of all adults",By State,Minnesota,Minnesota,"3,8","Apr 26 - May 8, 2023",4.6
"Currently experiencing long COVID, as a percentage of all adults",By State,Mississippi,Mississippi,"3,8","Apr 26 - May 8, 2023",8.8
"Currently experiencing long COVID, as a percentage of all adults",By State,Missouri,Missouri,"3,8","Apr 26 - May 8, 2023",6.5
"Currently experiencing long COVID, as a percentage of all adults",By State,Montana,Montana,"3,8","Apr 26 - May 8, 2023",5.6
"Currently experiencing long COVID, as a percentage of all adults",By State,Nebraska,Nebraska,"3,8","Apr 26 - May 8, 2023",4.8
"Currently experiencing long COVID, as a percentage of all adults",By State,Nevada,Nevada,"3,8","Apr 26 - May 8, 2023",4.3
"Currently experiencing long COVID, as a percentage of all adults",By State,New Hampshire,New Hampshire,"3,8","Apr 26 - May 8, 2023",6.1
"Currently experiencing long COVID, as a percentage of all adults",By State,New Jersey,New Jersey,"3,8","Apr 26 - May 8, 2023",4.1
"Currently experiencing long COVID, as a percentage of all adults",By State,New Mexico,New Mexico,"3,8","Apr 26 - May 8, 2023",7.8
"Currently experiencing long COVID, as a percentage of all adults",By State,New York,New York,"3,8","Apr 26 - May 8, 2023",5.4
"Currently experiencing long COVID, as a percentage of all adults",By State,North Carolina,North Carolina,"3,8","Apr 26 - May 8, 2023",4.9
"Currently experiencing long COVID, as a percentage of all adults",By State,North Dakota,North Dakota,"3,8","Apr 26 - May 8, 2023",5.7
"Currently experiencing long COVID, as a percentage of all adults",By State,Ohio,Ohio,"3,8","Apr 26 - May 8, 2023",5.6
"Currently experiencing long COVID, as a percentage of all adults",By State,Oklahoma,Oklahoma,"3,8","Apr 26 - May 8, 2023",8.2
"Currently experiencing long COVID, as a percentage of all adults",By State,Oregon,Oregon,"3,8","Apr 26 - May 8, 2023",6.8
"Currently experiencing long COVID, as a percentage of all adults",By State,Pennsylvania,Pennsylvania,"3,8","Apr 26 - May 8, 2023",6.3
"Currently experiencing long COVID, as a percentage of all adults",By State,Rhode Island,Rhode Island,"3,8","Apr 26 - May 8, 2023",5.6
"Currently experiencing long COVID, as a percentage of all adults",By State,South Carolina,South Carolina,"3,8","Apr 26 - May 8, 2023",4.0
"Currently experiencing long COVID, as a percentage of all adults",By State,South Dakota,South Dakota,"3,8","Apr 26 - May 8, 2023",7.7
"Currently experiencing long COVID, as a percentage of all adults",By State,Tennessee,Tennessee,"3,8","Apr 26 - May 8, 2023",6.8
"Currently experiencing long COVID, as a percentage of all adults",By State,Texas,Texas,"3,8","Apr 26 - May 8, 2023",4.8
"Currently experiencing long COVID, as a percentage of all adults",By State,Utah,Utah,"3,8","Apr 26 - May 8, 2023",8.2
"Currently experiencing long COVID, as a percentage of all adults",By State,Vermont,Vermont,"3,8","Apr 26 - May 8, 2023",7.7
"Currently experiencing long COVID, as a percentage of all adults",By State,Virginia,Virginia,"3,8","Apr 26 - May 8, 2023",4.9
"Currently experiencing long COVID, as a percentage of all adults",By State,Washington,Washington,"3,8","Apr 26 - May 8, 2023",6.3
"Currently experiencing long COVID, as a percentage of all adults",By State,West Virginia,West Virginia,"3,8","Apr 26 - May 8, 2023",6.6
"Currently experiencing long COVID, as a percentage of all adults",By State,Wisconsin,Wisconsin,"3,8","Apr 26 - May 8, 2023",6.1
"Currently experiencing long COVID, as a percentage of all adults",By State,Wyoming,Wyoming,"3,8","Apr 26 - May 8, 2023",6.8
"Any activity limitations from long COVID, as a percentage of adults who currently have long COVID",By Age,United States,18 - 29 years,"3,8","Apr 26 - May 8, 2023",70.7
"Any activity limitations from long COVID, as a percentage of adults who currently have long COVID",By Age,United States,30 - 39 years,"3,8","Apr 26 - May 8, 2023",78.7
"Any activity limitations from long COVID, as a percentage of adults who currently have long COVID",By Age,United States,40 - 49 years,"3,8","Apr 26 - May 8, 2023",79.3
"Any activity limitations from long COVID, as a percentage of adults who currently have long COVID",By Age,United States,50 - 59 years,"3,8","Apr 26 - May 8, 2023",82.8
"Any activity limitations from long COVID, as a percentage of adults who currently have long COVID",By Age,United States,60 - 69 years,"3,8","Apr 26 - May 8, 2023",82.1
"Any activity limitations from long COVID, as a percentage of adults who currently have long COVID",By Age,United States,70 - 79 years,"3,8","Apr 26 - May 8, 2023",81.9
"Any activity limitations from long COVID, as a percentage of adults who currently have long COVID",By Age,United States,80 years and above,"3,8","Apr 26 - May 8, 2023",
"Any activity limitations from long COVID, as a percentage of adults who currently have long COVID",By State,Alabama,Alabama,"3,8","Apr 26 - May 8, 2023",
"Any activity limitations from long COVID, as a percentage of adults who currently have long COVID",By State,Alaska,Alaska,"3,8","Apr 26 - May 8, 2023",
"Any activity limitations from long COVID, as a percentage of adults who currently have long COVID",By State,Arizona,Arizona,"3,8","Apr 26 - May 8, 2023",
"Any activity limitations from long COVID, as a percentage of adults who currently have long COVID",By State,Arkansas,Arkansas,"3,8","Apr 26 - May 8, 2023",
"Any activity limitations from long COVID, as a percentage of adults who currently have long COVID",By State,California,California,"3,8","Apr 26 - May 8, 2023",78.7
"Any activity limitations from long COVID, as a percentage of adults who currently have long COVID",By State,Colorado,Colorado,"3,8","Apr 26 - May 8, 2023",74.0
"Any activity limitations from long COVID, as a percentage of adults who currently have long COVID",By State,Connecticut,Connecticut,"3,8","Apr 26 - May 8, 2023",
"Any activity limitations from long COVID, as a percentage of adults who currently have long COVID",By State,Delaware,Delaware,"3,8","Apr 26 - May 8, 2023",
"Any activity limitations from long COVID, as a percentage of adults who currently have long COVID",By State,District of Columbia,District of Columbia,"3,8","Apr 26 - May 8, 2023",
"Any activity limitations from long COVID, as a percentage of adults who currently have long COVID",By State,Florida,Florida,"3,8","Apr 26 - May 8, 2023",76.9
"Any activity limitations from long COVID, as a percentage of adults who currently have long COVID",By State,Georgia,Georgia,"3,8","Apr 26 - May 8, 2023",84.6
"Any activity limitations from long COVID, as a percentage of adults who currently have long COVID",By State,Hawaii,Hawaii,"3,8","Apr 26 - May 8, 2023",
"Any activity limitations from long COVID, as a percentage of adults who currently have long COVID",By State,Idaho,Idaho,"3,8","Apr 26 - May 8, 2023",80.6
"Any activity limitations from long COVID, as a percentage of adults who currently have long COVID",By State,Illinois,Illinois,"3,8","Apr 26 - May 8, 2023",
"Any activity limitations from long COVID, as a percentage of adults who currently have long COVID",By State,Indiana,Indiana,"3,8","Apr 26 - May 8, 2023",
"Any activity limitations from long COVID, as a percentage of adults who currently have long COVID",By State,Iowa,Iowa,"3,8","Apr 26 - May 8, 2023",
"Any activity limitations from long COVID, as a percentage of adults who currently have long COVID",By State,Kansas,Kansas,"3,8","Apr 26 - May 8, 2023",
"Any activity limitations from long COVID, as a percentage of adults who currently have long COVID",By State,Kentucky,Kentucky,"3,8","Apr 26 - May 8, 2023",
"Any activity limitations from long COVID, as a percentage of adults who currently have long COVID",By State,Louisiana,Louisiana,"3,8","Apr 26 - May 8, 2023",
"Any activity limitations from long COVID, as a percentage of adults who currently have long COVID",By State,Maine,Maine,"3,8","Apr 26 - May 8, 2023",
"Any activity limitations from long COVID, as a percentage of adults who currently have long COVID",By State,Maryland,Maryland,"3,8","Apr 26 - May 8, 2023",76.9
"Any activity limitations from long COVID, as a percentage of adults who currently have long COVID",By State,Massachusetts,Massachusetts,"3,8","Apr 26 - May 8, 2023",69.6
"Any activity limitations from long COVID, as a percentage of adults who currently have long COVID",By State,Michigan,Michigan,"3,8","Apr 26 - May 8, 2023",
"Any activity limitations from long COVID, as a percentage of adults who currently have long COVID",By State,Minnesota,Minnesota,"3,8","Apr 26 - May 8, 2023",
"Any activity limitations from long COVID, as a percentage of adults who currently have long COVID",By State,Mississippi,Mississippi,"3,8","Apr 26 - May 8, 2023",
"Any activity limitations from long COVID, as a percentage of adults who currently have long COVID",By State,Missouri,Missouri,"3,8","Apr 26 - May 8, 2023",
"Any activity limitations from long COVID, as a percentage of adults who currently have long COVID",By State,Montana,Montana,"3,8","Apr 26 - May 8, 2023",75.8
"Any activity limitations from long COVID, as a percentage of adults who currently have long COVID",By State,Nebraska,Nebraska,"3,8","Apr 26 - May 8, 2023",
"Any activity limitations from long COVID, as a percentage of adults who currently have long COVID",By State,Nevada,Nevada,"3,8","Apr 26 - May 8, 2023",
"Any activity limitations from long COVID, as a percentage of adults who currently have long COVID",By State,New Hampshire,New Hampshire,"3,8","Apr 26 - May 8, 2023",
"Any activity limitations from long COVID, as a percentage of adults who currently have long COVID",By State,New Jersey,New Jersey,"3,8","Apr 26 - May 8, 2023",
"Any activity limitations from long COVID, as a percentage of adults who currently have long COVID",By State,New Mexico,New Mexico,"3,8","Apr 26 - May 8, 2023",
"Any activity limitations from long COVID, as a percentage of adults who currently have long COVID",By State,New York,New York,"3,8","Apr 26 - May 8, 2023",
"Any activity limitations from long COVID, as a percentage of adults who currently have long COVID",By State,North Carolina,North Carolina,"3,8","Apr 26 - May 8, 2023",73.1
"Any activity limitations from long COVID, as a percentage of adults who currently have long COVID",By State,North Dakota,North Dakota,"3,8","Apr 26 - May 8, 2023",
"Any activity limitations from long COVID, as a percentage of adults who currently have long COVID",By State,Ohio,Ohio,"3,8","Apr 26 - May 8, 2023",74.1
"Any activity limitations from long COVID, as a percentage of adults who currently have long COVID",By State,Oklahoma,Oklahoma,"3,8","Apr 26 - May 8, 2023",
"Any activity limitations from long COVID, as a percentage of adults who currently have long COVID",By State,Oregon,Oregon,"3,8","Apr 26 - May 8, 2023",
"Any activity limitations from long COVID, as a percentage of adults who currently have long COVID",By State,Pennsylvania,Pennsylvania,"3,8","Apr 26 - May 8, 2023",77.5
"Any activity limitations from long COVID, as a percentage of adults who currently have long COVID",By State,Rhode Island,Rhode Island,"3,8","Apr 26 - May 8, 2023",
"Any activity limitations from long COVID, as a percentage of adults who currently have long COVID",By State,South Carolina,South Carolina,"3,8","Apr 26 - May 8, 2023",
"Any activity limitations from long COVID, as a percentage of adults who currently have long COVID",By State,South Dakota,South Dakota,"3,8","Apr 26 - May 8, 2023",
"Any activity limitations from long COVID, as a percentage of adults who currently have long COVID",By State,Tennessee,Tennessee,"3,8","Apr 26 - May 8, 2023",84.4
"Any activity limitations from long COVID, as a percentage of adults who currently have long COVID",By State,Texas,Texas,"3,8","Apr 26 - May 8, 2023",
"Any activity limitations from long COVID, as a percentage of adults who currently have long COVID",By State,Utah,Utah,"3,8","Apr 26 - May 8, 2023",74.4
"Any activity limitations from long COVID, as a percentage of adults who currently have long COVID",By State,Vermont,Vermont,"3,8","Apr 26 - May 8, 2023",
"Any activity limitations from long COVID, as a percentage of adults who currently have long COVID",By State,Virginia,Virginia,"3,8","Apr 26 - May 8, 2023",
"Any activity limitations from long COVID, as a percentage of adults who currently have long COVID",By State,Washington,Washington,"3,8","Apr 26 - May 8, 2023",67.7
"Any activity limitations from long COVID, as a percentage of adults who currently have long COVID",By State,West Virginia,West Virginia,"3,8","Apr 26 - May 8, 2023",
"Any activity limitations from long COVID, as a percentage of adults who currently have long COVID",By State,Wisconsin,Wisconsin,"3,8","Apr 26 - May 8, 2023",
"Any activity limitations from long COVID, as a percentage of adults who currently have long COVID",By State,Wyoming,Wyoming,"3,8","Apr 26 - May 8, 2023",
"Ever experienced long COVID, as a percentage of adults who ever had COVID",By Age,United States,18 - 29 years,"3,9","Jun 7 - Jun 19, 2023",27.1
"Ever experienced long COVID, as a percentage of adults who ever had COVID",By Age,United States,30 - 39 years,"3,9","Jun 7 - Jun 19, 2023",27.3
"Ever experienced long COVID, as a percentage of adults who ever had COVID",By Age,United States,40 - 49 years,"3,9","Jun 7 - Jun 19, 2023",32.7
"Ever experienced long COVID, as a percentage of adults who ever had COVID",By Age,United States,50 - 59 years,"3,9","Jun 7 - Jun 19, 2023",31.1
"Ever experienced long COVID, as a percentage of adults who ever had COVID",By Age,United States,60 - 69 years,"3,9","Jun 7 - Jun 19, 2023",28.3
"Ever experienced long COVID, as a percentage of adults who ever had COVID",By Age,United States,70 - 79 years,"3,9","Jun 7 - Jun 19, 2023",23.8
"Ever experienced long COVID, as a percentage of adults who ever had COVID",By Age,United States,80 years and above,"3,9","Jun 7 - Jun 19, 2023",26.7
"Ever experienced long COVID, as a percentage of adults who ever had COVID",By State,Alabama,Alabama,"3,9","Jun 7 - Jun 19, 2023",33.2
"Ever experienced long COVID, as a percentage of adults who ever had COVID",By State,Alaska,Alaska,"3,9","Jun 7 - Jun 19, 2023",26.1
"Ever experienced long COVID, as a percentage of adults who ever had COVID",By State,Arizona,Arizona,"3,9","Jun 7 - Jun 19, 2023",31.8
"Ever experienced long COVID, as a percentage of adults who ever had COVID",By State,Arkansas,Arkansas,"3,9","Jun 7 - Jun 19, 2023",32.3
"Ever experienced long COVID, as a percentage of adults who ever had COVID",By State,California,California,"3,9","Jun 7 - Jun 19, 2023",29.5
"Ever experienced long COVID, as a percentage of adults who ever had COVID",By State,Colorado,Colorado,"3,9","Jun 7 - Jun 19, 2023",31.3
"Ever experienced long COVID, as a percentage of adults who ever had COVID",By State,Connecticut,Connecticut,"3,9","Jun 7 - Jun 19, 2023",26.3
"Ever experienced long COVID, as a percentage of adults who ever had COVID",By State,Delaware,Delaware,"3,9","Jun 7 - Jun 19, 2023",23.9
"Ever experienced long COVID, as a percentage of adults who ever had COVID",By State,District of Columbia,District of Columbia,"3,9","Jun 7 - Jun 19, 2023",21.7
"Ever experienced long COVID, as a percentage of adults who ever had COVID",By State,Florida,Florida,"3,9","Jun 7 - Jun 19, 2023",27.7
"Ever experienced long COVID, as a percentage of adults who ever had COVID",By State,Georgia,Georgia,"3,9","Jun 7 - Jun 19, 2023",27.9
"Ever experienced long COVID, as a percentage of adults who ever had COVID",By State,Hawaii,Hawaii,"3,9","Jun 7 - Jun 19, 2023",26.1
"Ever experienced long COVID, as a percentage of adults who ever had COVID",By State,Idaho,Idaho,"3,9","Jun 7 - Jun 19, 2023",38.3
"Ever experienced long COVID, as a percentage of adults who ever had COVID",By State,Illinois,Illinois,"3,9","Jun 7 - Jun 19, 2023",29.7
"Ever experienced long COVID, as a percentage of adults who ever had COVID",By State,Indiana,Indiana,"3,9","Jun 7 - Jun 19, 2023",29.9
"Ever experienced long COVID, as a percentage of adults who ever had COVID",By State,Iowa,Iowa,"3,9","Jun 7 - Jun 19, 2023",26.0
"Ever experienced long COVID, as a percentage of adults who ever had COVID",By State,Kansas,Kansas,"3,9","Jun 7 - Jun 19, 2023",32.0
"Ever experienced long COVID, as a percentage of adults who ever had COVID",By State,Kentucky,Kentucky,"3,9","Jun 7 - Jun 19, 2023",26.4
"Ever experienced long COVID, as a percentage of adults who ever had COVID",By State,Louisiana,Louisiana,"3,9","Jun 7 - Jun 19, 2023",31.6
"Ever experienced long COVID, as a percentage of adults who ever had COVID",By State,Maine,Maine,"3,9","Jun 7 - Jun 19, 2023",26.5
"Ever experienced long COVID, as a percentage of adults who ever had COVID",By State,Maryland,Maryland,"3,9","Jun 7 - Jun 19, 2023",20.4
"Ever experienced long COVID, as a percentage of adults who ever had COVID",By State,Massachusetts,Massachusetts,"3,9","Jun 7 - Jun 19, 2023",23.8
"Ever experienced long COVID, as a percentage of adults who ever had COVID",By State,Michigan,Michigan,"3,9","Jun 7 - Jun 19, 2023",27.7
"Ever experienced long COVID, as a percentage of adults who ever had COVID",By State,Minnesota,Minnesota,"3,9","Jun 7 - Jun 19, 2023",23.3
"Ever experienced long COVID, as a percentage of adults who ever had COVID",By State,Mississippi,Mississippi,"3,9","Jun 7 - Jun 19, 2023",32.6
"Ever experienced long COVID, as a percentage of adults who ever had COVID",By State,Missouri,Missouri,"3,9","Jun 7 - Jun 19, 2023",28.1
"Ever experienced long COVID, as a percentage of adults who ever had COVID",By State,Montana,Montana,"3,9","Jun 7 - Jun 19, 2023",36.8
"Ever experienced long COVID, as a percentage of adults who ever had COVID",By State,Nebraska,Nebraska,"3,9","Jun 7 - Jun 19, 2023",23.5
"Ever experienced long COVID, as a percentage of adults who ever had COVID",By State,Nevada,Nevada,"3,9","Jun 7 - Jun 19, 2023",33.9
"Ever experienced long COVID, as a percentage of adults who ever had COVID",By State,New Hampshire,New Hampshire,"3,9","Jun 7 - Jun 19, 2023",26.5
"Ever experienced long COVID, as a percentage of adults who ever had COVID",By State,New Jersey,New Jersey,"3,9","Jun 7 - Jun 19, 2023",26.3
"Ever experienced long COVID, as a percentage of adults who ever had COVID",By State,New Mexico,New Mexico,"3,9","Jun 7 - Jun 19, 2023",36.2
"Ever experienced long COVID, as a percentage of adults who ever had COVID",By State,New York,New York,"3,9","Jun 7 - Jun 19, 2023",29.1
"Ever experienced long COVID, as a percentage of adults who ever had COVID",By State,North Carolina,North Carolina,"3,9","Jun 7 - Jun 19, 2023",27.4
"Ever experienced long COVID, as a percentage of adults who ever had COVID",By State,North Dakota,North Dakota,"3,9","Jun 7 - Jun 19, 2023",36.3
"Ever experienced long COVID, as a percentage of adults who ever had COVID",By State,Ohio,Ohio,"3,9","Jun 7 - Jun 19, 2023",27.3
"Ever experienced long COVID, as a percentage of adults who ever had COVID",By State,Oklahoma,Oklahoma,"3,9","Jun 7 - Jun 19, 2023",33.2
"Ever experienced long COVID, as a percentage of adults who ever had COVID",By State,Oregon,Oregon,"3,9","Jun 7 - Jun 19, 2023",22.5
"Ever experienced long COVID, as a percentage of adults who ever had COVID",By State,Pennsylvania,Pennsylvania,"3,9","Jun 7 - Jun 19, 2023",30.6
"Ever experienced long COVID, as a percentage of adults who ever had COVID",By State,Rhode Island,Rhode Island,"3,9","Jun 7 - Jun 19, 2023",30.2
"Ever experienced long COVID, as a percentage of adults who ever had COVID",By State,South Carolina,South Carolina,"3,9","Jun 7 - Jun 19, 2023",29.8
"Ever experienced long COVID, as a percentage of adults who ever had COVID",By State,South Dakota,South Dakota,"3,9","Jun 7 - Jun 19, 2023",31.4
"Ever experienced long COVID, as a percentage of adults who ever had COVID",By State,Tennessee,Tennessee,"3,9","Jun 7 - Jun 19, 2023",33.9
"Ever experienced long COVID, as a percentage of adults who ever had COVID",By State,Texas,Texas,"3,9","Jun 7 - Jun 19, 2023",29.3
"Ever experienced long COVID, as a percentage of adults who ever had COVID",By State,Utah,Utah,"3,9","Jun 7 - Jun 19, 2023",31.3
"Ever experienced long COVID, as a percentage of adults who ever had COVID",By State,Vermont,Vermont,"3,9","Jun 7 - Jun 19, 2023",30.8
"Ever experienced long COVID, as a percentage of adults who ever had COVID",By State,Virginia,Virginia,"3,9","Jun 7 - Jun 19, 2023",26.3
"Ever experienced long COVID, as a percentage of adults who ever had COVID",By State,Washington,Washington,"3,9","Jun 7 - Jun 19, 2023",28.3
"Ever experienced long COVID, as a percentage of adults who ever had COVID",By State,West Virginia,West Virginia,"3,9","Jun 7 - Jun 19, 2023",40.7
"Ever experienced long COVID, as a percentage of adults who ever had COVID",By State,Wisconsin,Wisconsin,"3,9","Jun 7 - Jun 19, 2023",25.2
"Ever experienced long COVID, as a percentage of adults who ever had COVID",By State,Wyoming,Wyoming,"3,9","Jun 7 - Jun 19, 2023",40.5
"Currently experiencing long COVID, as a percentage of all adults",By Age,United States,18 - 29 years,"3,9","Jun 7 - Jun 19, 2023",4.8
"Currently experiencing long COVID, as a percentage of all adults",By Age,United States,30 - 39 years,"3,9","Jun 7 - Jun 19, 2023",5.8
"Currently experiencing long COVID, as a percentage of all adults",By Age,United States,40 - 49 years,"3,9","Jun 7 - Jun 19, 2023",7.1
"Currently experiencing long COVID, as a percentage of all adults",By Age,United States,50 - 59 years,"3,9","Jun 7 - Jun 19, 2023",7.4
"Currently experiencing long COVID, as a percentage of all adults",By Age,United States,60 - 69 years,"3,9","Jun 7 - Jun 19, 2023",6.1
"Currently experiencing long COVID, as a percentage of all adults",By Age,United States,70 - 79 years,"3,9","Jun 7 - Jun 19, 2023",4.2
"Currently experiencing long COVID, as a percentage of all adults",By Age,United States,80 years and above,"3,9","Jun 7 - Jun 19, 2023",5.3
"Currently experiencing long COVID, as a percentage of all adults",By State,Alabama,Alabama,"3,9","Jun 7 - Jun 19, 2023",7.7
"Currently experiencing long COVID, as a percentage of all adults",By State,Alaska,Alaska,"3,9","Jun 7 - Jun 19, 2023",5.2
"Currently experiencing long COVID, as a percentage of all adults",By State,Arizona,Arizona,"3,9","Jun 7 - Jun 19, 2023",8.3
"Currently experiencing long COVID, as a percentage of all adults",By State,Arkansas,Arkansas,"3,9","Jun 7 - Jun 19, 2023",6.9
"Currently experiencing long COVID, as a percentage of all adults",By State,California,California,"3,9","Jun 7 - Jun 19, 2023",5.8
"Currently experiencing long COVID, as a percentage of all adults",By State,Colorado,Colorado,"3,9","Jun 7 - Jun 19, 2023",6.4
"Currently experiencing long COVID, as a percentage of all adults",By State,Connecticut,Connecticut,"3,9","Jun 7 - Jun 19, 2023",5.1
"Currently experiencing long COVID, as a percentage of all adults",By State,Delaware,Delaware,"3,9","Jun 7 - Jun 19, 2023",7.8
"Currently experiencing long COVID, as a percentage of all adults",By State,District of Columbia,District of Columbia,"3,9","Jun 7 - Jun 19, 2023",
"Currently experiencing long COVID, as a percentage of all adults",By State,Florida,Florida,"3,9","Jun 7 - Jun 19, 2023",4.6
"Currently experiencing long COVID, as a percentage of all adults",By State,Georgia,Georgia,"3,9","Jun 7 - Jun 19, 2023",6.7
"Currently experiencing long COVID, as a percentage of all adults",By State,Hawaii,Hawaii,"3,9","Jun 7 - Jun 19, 2023",4.5
"Currently experiencing long COVID, as a percentage of all adults",By State,Idaho,Idaho,"3,9","Jun 7 - Jun 19, 2023",8.2
"Currently experiencing long COVID, as a percentage of all adults",By State,Illinois,Illinois,"3,9","Jun 7 - Jun 19, 2023",7.4
"Currently experiencing long COVID, as a percentage of all adults",By State,Indiana,Indiana,"3,9","Jun 7 - Jun 19, 2023",5.2
"Currently experiencing long COVID, as a percentage of all adults",By State,Iowa,Iowa,"3,9","Jun 7 - Jun 19, 2023",4.8
"Currently experiencing long COVID, as a percentage of all adults",By State,Kansas,Kansas,"3,9","Jun 7 - Jun 19, 2023",8.0
"Currently experiencing long COVID, as a percentage of all adults",By State,Kentucky,Kentucky,"3,9","Jun 7 - Jun 19, 2023",6.4
"Currently experiencing long COVID, as a percentage of all adults",By State,Louisiana,Louisiana,"3,9","Jun 7 - Jun 19, 2023",6.6
"Currently experiencing long COVID, as a percentage of all adults",By State,Maine,Maine,"3,9","Jun 7 - Jun 19, 2023",5.6
"Currently experiencing long COVID, as a percentage of all adults",By State,Maryland,Maryland,"3,9","Jun 7 - Jun 19, 2023",4.3
"Currently experiencing long COVID, as a percentage of all adults",By State,Massachusetts,Massachusetts,"3,9","Jun 7 - Jun 19, 2023",5.9
"Currently experiencing long COVID, as a percentage of all adults",By State,Michigan,Michigan,"3,9","Jun 7 - Jun 19, 2023",5.9
"Currently experiencing long COVID, as a percentage of all adults",By State,Minnesota,Minnesota,"3,9","Jun 7 - Jun 19, 2023",4.4
"Currently experiencing long COVID, as a percentage of all adults",By State,Mississippi,Mississippi,"3,9","Jun 7 - Jun 19, 2023",7.2
"Currently experiencing long COVID, as a percentage of all adults",By State,Missouri,Missouri,"3,9","Jun 7 - Jun 19, 2023",6.2
"Currently experiencing long COVID, as a percentage of all adults",By State,Montana,Montana,"3,9","Jun 7 - Jun 19, 2023",10.7
"Currently experiencing long COVID, as a percentage of all adults",By State,Nebraska,Nebraska,"3,9","Jun 7 - Jun 19, 2023",4.4
"Currently experiencing long COVID, as a percentage of all adults",By State,Nevada,Nevada,"3,9","Jun 7 - Jun 19, 2023",5.9
"Currently experiencing long COVID, as a percentage of all adults",By State,New Hampshire,New Hampshire,"3,9","Jun 7 - Jun 19, 2023",5.7
"Currently experiencing long COVID, as a percentage of all adults",By State,New Jersey,New Jersey,"3,9","Jun 7 - Jun 19, 2023",6.0
"Currently experiencing long COVID, as a percentage of all adults",By State,New Mexico,New Mexico,"3,9","Jun 7 - Jun 19, 2023",8.1
"Currently experiencing long COVID, as a percentage of all adults",By State,New York,New York,"3,9","Jun 7 - Jun 19, 2023",6.2
"Currently experiencing long COVID, as a percentage of all adults",By State,North Carolina,North Carolina,"3,9","Jun 7 - Jun 19, 2023",6.0
"Currently experiencing long COVID, as a percentage of all adults",By State,North Dakota,North Dakota,"3,9","Jun 7 - Jun 19, 2023",5.8
"Currently experiencing long COVID, as a percentage of all adults",By State,Ohio,Ohio,"3,9","Jun 7 - Jun 19, 2023",6.5
"Currently experiencing long COVID, as a percentage of all adults",By State,Oklahoma,Oklahoma,"3,9","Jun 7 - Jun 19, 2023",7.0
"Currently experiencing long COVID, as a percentage of all adults",By State,Oregon,Oregon,"3,9","Jun 7 - Jun 19, 2023",4.6
"Currently experiencing long COVID, as a percentage of all adults",By State,Pennsylvania,Pennsylvania,"3,9","Jun 7 - Jun 19, 2023",6.1
"Currently experiencing long COVID, as a percentage of all adults",By State,Rhode Island,Rhode Island,"3,9","Jun 7 - Jun 19, 2023",7.8
"Currently experiencing long COVID, as a percentage of all adults",By State,South Carolina,South Carolina,"3,9","Jun 7 - Jun 19, 2023",7.1
"Currently experiencing long COVID, as a percentage of all adults",By State,South Dakota,South Dakota,"3,9","Jun 7 - Jun 19, 2023",8.4
"Currently experiencing long COVID, as a percentage of all adults",By State,Tennessee,Tennessee,"3,9","Jun 7 - Jun 19, 2023",6.2
"Currently experiencing long COVID, as a percentage of all adults",By State,Texas,Texas,"3,9","Jun 7 - Jun 19, 2023",5.1
"Currently experiencing long COVID, as a percentage of all adults",By State,Utah,Utah,"3,9","Jun 7 - Jun 19, 2023",7.2
"Currently experiencing long COVID, as a percentage of all adults",By State,Vermont,Vermont,"3,9","Jun 7 - Jun 19, 2023",5.9
"Currently experiencing long COVID, as a percentage of all adults",By State,Virginia,Virginia,"3,9","Jun 7 - Jun 19, 2023",5.1
"Currently experiencing long COVID, as a percentage of all adults",By State,Washington,Washington,"3,9","Jun 7 - Jun 19, 2023",6.2
"Currently experiencing long COVID, as a percentage of all adults",By State,West Virginia,West Virginia,"3,9","Jun 7 - Jun 19, 2023",10.2
"Currently experiencing long COVID, as a percentage of all adults",By State,Wisconsin,Wisconsin,"3,9","Jun 7 - Jun 19, 2023",5.1
"Currently experiencing long COVID, as a percentage of all adults",By State,Wyoming,Wyoming,"3,9","Jun 7 - Jun 19, 2023",4.9
"Any activity limitations from long COVID, as a percentage of adults who currently have long COVID",By Age,United States,18 - 29 years,"3,9","Jun 7 - Jun 19, 2023",78.9
"Any activity limitations from long COVID, as a percentage of adults who currently have long COVID",By Age,United States,30 - 39 years,"3,9","Jun 7 - Jun 19, 2023",78.4
"Any activity limitations from long COVID, as a percentage of adults who currently have long COVID",By Age,United States,40 - 49 years,"3,9","Jun 7 - Jun 19, 2023",85.3
"Any activity limitations from long COVID, as a percentage of adults who currently have long COVID",By Age,United States,50 - 59 years,"3,9","Jun 7 - Jun 19, 2023",82.7
"Any activity limitations from long COVID, as a percentage of adults who currently have long COVID",By Age,United States,60 - 69 years,"3,9","Jun 7 - Jun 19, 2023",80.7
"Any activity limitations from long COVID, as a percentage of adults who currently have long COVID",By Age,United States,70 - 79 years,"3,9","Jun 7 - Jun 19, 2023",80.8
"Any activity limitations from long COVID, as a percentage of adults who currently have long COVID",By Age,United States,80 years and above,"3,9","Jun 7 - Jun 19, 2023",
"Any activity limitations from long COVID, as a percentage of adults who currently have long COVID",By State,Alabama,Alabama,"3,9","Jun 7 - Jun 19, 2023",
"Any activity limitations from long COVID, as a percentage of adults who currently have long COVID",By State,Alaska,Alaska,"3,9","Jun 7 - Jun 19, 2023",
"Any activity limitations from long COVID, as a percentage of adults who currently have long COVID",By State,Arizona,Arizona,"3,9","Jun 7 - Jun 19, 2023",81.2
"Any activity limitations from long COVID, as a percentage of adults who currently have long COVID",By State,Arkansas,Arkansas,"3,9","Jun 7 - Jun 19, 2023",79.3
"Any activity limitations from long COVID, as a percentage of adults who currently have long COVID",By State,California,California,"3,9","Jun 7 - Jun 19, 2023",81.3
"Any activity limitations from long COVID, as a percentage of adults who currently have long COVID",By State,Colorado,Colorado,"3,9","Jun 7 - Jun 19, 2023",79.8
"Any activity limitations from long COVID, as a percentage of adults who currently have long COVID",By State,Connecticut,Connecticut,"3,9","Jun 7 - Jun 19, 2023",
"Any activity limitations from long COVID, as a percentage of adults who currently have long COVID",By State,Delaware,Delaware,"3,9","Jun 7 - Jun 19, 2023",
"Any activity limitations from long COVID, as a percentage of adults who currently have long COVID",By State,District of Columbia,District of Columbia,"3,9","Jun 7 - Jun 19, 2023",
"Any activity limitations from long COVID, as a percentage of adults who currently have long COVID",By State,Florida,Florida,"3,9","Jun 7 - Jun 19, 2023",89.8
"Any activity limitations from long COVID, as a percentage of adults who currently have long COVID",By State,Georgia,Georgia,"3,9","Jun 7 - Jun 19, 2023",83.9
"Any activity limitations from long COVID, as a percentage of adults who currently have long COVID",By State,Hawaii,Hawaii,"3,9","Jun 7 - Jun 19, 2023",
"Any activity limitations from long COVID, as a percentage of adults who currently have long COVID",By State,Idaho,Idaho,"3,9","Jun 7 - Jun 19, 2023",
"Any activity limitations from long COVID, as a percentage of adults who currently have long COVID",By State,Illinois,Illinois,"3,9","Jun 7 - Jun 19, 2023",
"Any activity limitations from long COVID, as a percentage of adults who currently have long COVID",By State,Indiana,Indiana,"3,9","Jun 7 - Jun 19, 2023",
"Any activity limitations from long COVID, as a percentage of adults who currently have long COVID",By State,Iowa,Iowa,"3,9","Jun 7 - Jun 19, 2023",77.1
"Any activity limitations from long COVID, as a percentage of adults who currently have long COVID",By State,Kansas,Kansas,"3,9","Jun 7 - Jun 19, 2023",
"Any activity limitations from long COVID, as a percentage of adults who currently have long COVID",By State,Kentucky,Kentucky,"3,9","Jun 7 - Jun 19, 2023",80.6
"Any activity limitations from long COVID, as a percentage of adults who currently have long COVID",By State,Louisiana,Louisiana,"3,9","Jun 7 - Jun 19, 2023",
"Any activity limitations from long COVID, as a percentage of adults who currently have long COVID",By State,Maine,Maine,"3,9","Jun 7 - Jun 19, 2023",
"Any activity limitations from long COVID, as a percentage of adults who currently have long COVID",By State,Maryland,Maryland,"3,9","Jun 7 - Jun 19, 2023",80.3
"Any activity limitations from long COVID, as a percentage of adults who currently have long COVID",By State,Massachusetts,Massachusetts,"3,9","Jun 7 - Jun 19, 2023",
"Any activity limitations from long COVID, as a percentage of adults who currently have long COVID",By State,Michigan,Michigan,"3,9","Jun 7 - Jun 19, 2023",84.1
"Any activity limitations from long COVID, as a percentage of adults who currently have long COVID",By State,Minnesota,Minnesota,"3,9","Jun 7 - Jun 19, 2023",
"Any activity limitations from long COVID, as a percentage of adults who currently have long COVID",By State,Mississippi,Mississippi,"3,9","Jun 7 - Jun 19, 2023",
"Any activity limitations from long COVID, as a percentage of adults who currently have long COVID",By State,Missouri,Missouri,"3,9","Jun 7 - Jun 19, 2023",
"Any activity limitations from long COVID, as a percentage of adults who currently have long COVID",By State,Montana,Montana,"3,9","Jun 7 - Jun 19, 2023",
"Any activity limitations from long COVID, as a percentage of adults who currently have long COVID",By State,Nebraska,Nebraska,"3,9","Jun 7 - Jun 19, 2023",
"Any activity limitations from long COVID, as a percentage of adults who currently have long COVID",By State,Nevada,Nevada,"3,9","Jun 7 - Jun 19, 2023",
"Any activity limitations from long COVID, as a percentage of adults who currently have long COVID",By State,New Hampshire,New Hampshire,"3,9","Jun 7 - Jun 19, 2023",
"Any activity limitations from long COVID, as a percentage of adults who currently have long COVID",By State,New Jersey,New Jersey,"3,9","Jun 7 - Jun 19, 2023",82.5
"Any activity limitations from long COVID, as a percentage of adults who currently have long COVID",By State,New Mexico,New Mexico,"3,9","Jun 7 - Jun 19, 2023",
"Any activity limitations from long COVID, as a percentage of adults who currently have long COVID",By State,New York,New York,"3,9","Jun 7 - Jun 19, 2023",
"Any activity limitations from long COVID, as a percentage of adults who currently have long COVID",By State,North Carolina,North Carolina,"3,9","Jun 7 - Jun 19, 2023",
"Any activity limitations from long COVID, as a percentage of adults who currently have long COVID",By State,North Dakota,North Dakota,"3,9","Jun 7 - Jun 19, 2023",
"Any activity limitations from long COVID, as a percentage of adults who currently have long COVID",By State,Ohio,Ohio,"3,9","Jun 7 - Jun 19, 2023",
"Any activity limitations from long COVID, as a percentage of adults who currently have long COVID",By State,Oklahoma,Oklahoma,"3,9","Jun 7 - Jun 19, 2023",80.5
"Any activity limitations from long COVID, as a percentage of adults who currently have long COVID",By State,Oregon,Oregon,"3,9","Jun 7 - Jun 19, 2023",82.2
"Any activity limitations from long COVID, as a percentage of adults who currently have long COVID",By State,Pennsylvania,Pennsylvania,"3,9","Jun 7 - Jun 19, 2023",86.3
"Any activity limitations from long COVID, as a percentage of adults who currently have long COVID",By State,Rhode Island,Rhode Island,"3,9","Jun 7 - Jun 19, 2023",
"Any activity limitations from long COVID, as a percentage of adults who currently have long COVID",By State,South Carolina,South Carolina,"3,9","Jun 7 - Jun 19, 2023",78.7
"Any activity limitations from long COVID, as a percentage of adults who currently have long COVID",By State,South Dakota,South Dakota,"3,9","Jun 7 - Jun 19, 2023",
"Any activity limitations from long COVID, as a percentage of adults who currently have long COVID",By State,Tennessee,Tennessee,"3,9","Jun 7 - Jun 19, 2023",72.2
"Any activity limitations from long COVID, as a percentage of adults who currently have long COVID",By State,Texas,Texas,"3,9","Jun 7 - Jun 19, 2023",74.4
"Any activity limitations from long COVID, as a percentage of adults who currently have long COVID",By State,Utah,Utah,"3,9","Jun 7 - Jun 19, 2023",
"Any activity limitations from long COVID, as a percentage of adults who currently have long COVID",By State,Vermont,Vermont,"3,9","Jun 7 - Jun 19, 2023",
"Any activity limitations from long COVID, as a percentage of adults who currently have long COVID",By State,Virginia,Virginia,"3,9","Jun 7 - Jun 19, 2023",78.2
"Any activity limitations from long COVID, as a percentage of adults who currently have long COVID",By State,Washington,Washington,"3,9","Jun 7 - Jun 19, 2023",76.6
"Any activity limitations from long COVID, as a percentage of adults who currently have long COVID",By State,West Virginia,West Virginia,"3,9","Jun 7 - Jun 19, 2023",
"Any activity limitations from long COVID, as a percentage of adults who currently have long COVID",By State,Wisconsin,Wisconsin,"3,9","Jun 7 - Jun 19, 2023",79.9
"Any activity limitations from long COVID, as a percentage of adults who currently have long COVID",By State,Wyoming,Wyoming,"3,9","Jun 7 - Jun 19, 2023",
"Ever experienced long COVID, as a percentage of adults who ever had COVID",By Age,United States,18 - 29 years,"3,9","Jun 28 - Jul 10, 2023",28.5
"Ever experienced long COVID, as a percentage of adults who ever had COVID",By Age,United States,30 - 39 years,"3,9","Jun 28 - Jul 10, 2023",27.1
"Ever experienced long COVID, as a percentage of adults who ever had COVID",By Age,United States,40 - 49 years,"3,9","Jun 28 - Jul 10, 2023",31.0
"Ever experienced long COVID, as a percentage of adults who ever had COVID",By Age,United States,50 - 59 years,"3,9","Jun 28 - Jul 10, 2023",31.2
"Ever experienced long COVID, as a percentage of adults who ever had COVID",By Age,United States,60 - 69 years,"3,9","Jun 28 - Jul 10, 2023",26.8
"Ever experienced long COVID, as a percentage of adults who ever had COVID",By Age,United States,70 - 79 years,"3,9","Jun 28 - Jul 10, 2023",21.3
"Ever experienced long COVID, as a percentage of adults who ever had COVID",By Age,United States,80 years and above,"3,9","Jun 28 - Jul 10, 2023",19.2
"Ever experienced long COVID, as a percentage of adults who ever had COVID",By State,Alabama,Alabama,"3,9","Jun 28 - Jul 10, 2023",31.0
"Ever experienced long COVID, as a percentage of adults who ever had COVID",By State,Alaska,Alaska,"3,9","Jun 28 - Jul 10, 2023",30.3
"Ever experienced long COVID, as a percentage of adults who ever had COVID",By State,Arizona,Arizona,"3,9","Jun 28 - Jul 10, 2023",30.4
"Ever experienced long COVID, as a percentage of adults who ever had COVID",By State,Arkansas,Arkansas,"3,9","Jun 28 - Jul 10, 2023",33.7
"Ever experienced long COVID, as a percentage of adults who ever had COVID",By State,California,California,"3,9","Jun 28 - Jul 10, 2023",26.2
"Ever experienced long COVID, as a percentage of adults who ever had COVID",By State,Colorado,Colorado,"3,9","Jun 28 - Jul 10, 2023",30.4
"Ever experienced long COVID, as a percentage of adults who ever had COVID",By State,Connecticut,Connecticut,"3,9","Jun 28 - Jul 10, 2023",22.3
"Ever experienced long COVID, as a percentage of adults who ever had COVID",By State,Delaware,Delaware,"3,9","Jun 28 - Jul 10, 2023",24.9
"Ever experienced long COVID, as a percentage of adults who ever had COVID",By State,District of Columbia,District of Columbia,"3,9","Jun 28 - Jul 10, 2023",12.2
"Ever experienced long COVID, as a percentage of adults who ever had COVID",By State,Florida,Florida,"3,9","Jun 28 - Jul 10, 2023",28.1
"Ever experienced long COVID, as a percentage of adults who ever had COVID",By State,Georgia,Georgia,"3,9","Jun 28 - Jul 10, 2023",29.9
"Ever experienced long COVID, as a percentage of adults who ever had COVID",By State,Hawaii,Hawaii,"3,9","Jun 28 - Jul 10, 2023",23.5
"Ever experienced long COVID, as a percentage of adults who ever had COVID",By State,Idaho,Idaho,"3,9","Jun 28 - Jul 10, 2023",31.4
"Ever experienced long COVID, as a percentage of adults who ever had COVID",By State,Illinois,Illinois,"3,9","Jun 28 - Jul 10, 2023",24.7
"Ever experienced long COVID, as a percentage of adults who ever had COVID",By State,Indiana,Indiana,"3,9","Jun 28 - Jul 10, 2023",29.8
"Ever experienced long COVID, as a percentage of adults who ever had COVID",By State,Iowa,Iowa,"3,9","Jun 28 - Jul 10, 2023",29.0
"Ever experienced long COVID, as a percentage of adults who ever had COVID",By State,Kansas,Kansas,"3,9","Jun 28 - Jul 10, 2023",28.6
"Ever experienced long COVID, as a percentage of adults who ever had COVID",By State,Kentucky,Kentucky,"3,9","Jun 28 - Jul 10, 2023",32.9
"Ever experienced long COVID, as a percentage of adults who ever had COVID",By State,Louisiana,Louisiana,"3,9","Jun 28 - Jul 10, 2023",28.7
"Ever experienced long COVID, as a percentage of adults who ever had COVID",By State,Maine,Maine,"3,9","Jun 28 - Jul 10, 2023",27.0
"Ever experienced long COVID, as a percentage of adults who ever had COVID",By State,Maryland,Maryland,"3,9","Jun 28 - Jul 10, 2023",24.2
"Ever experienced long COVID, as a percentage of adults who ever had COVID",By State,Massachusetts,Massachusetts,"3,9","Jun 28 - Jul 10, 2023",22.8
"Ever experienced long COVID, as a percentage of adults who ever had COVID",By State,Michigan,Michigan,"3,9","Jun 28 - Jul 10, 2023",31.2
"Ever experienced long COVID, as a percentage of adults who ever had COVID",By State,Minnesota,Minnesota,"3,9","Jun 28 - Jul 10, 2023",26.1
"Ever experienced long COVID, as a percentage of adults who ever had COVID",By State,Mississippi,Mississippi,"3,9","Jun 28 - Jul 10, 2023",40.3
"Ever experienced long COVID, as a percentage of adults who ever had COVID",By State,Missouri,Missouri,"3,9","Jun 28 - Jul 10, 2023",28.8
"Ever experienced long COVID, as a percentage of adults who ever had COVID",By State,Montana,Montana,"3,9","Jun 28 - Jul 10, 2023",28.4
"Ever experienced long COVID, as a percentage of adults who ever had COVID",By State,Nebraska,Nebraska,"3,9","Jun 28 - Jul 10, 2023",30.9
"Ever experienced long COVID, as a percentage of adults who ever had COVID",By State,Nevada,Nevada,"3,9","Jun 28 - Jul 10, 2023",24.0
"Ever experienced long COVID, as a percentage of adults who ever had COVID",By State,New Hampshire,New Hampshire,"3,9","Jun 28 - Jul 10, 2023",20.8
"Ever experienced long COVID, as a percentage of adults who ever had COVID",By State,New Jersey,New Jersey,"3,9","Jun 28 - Jul 10, 2023",27.6
"Ever experienced long COVID, as a percentage of adults who ever had COVID",By State,New Mexico,New Mexico,"3,9","Jun 28 - Jul 10, 2023",38.3
"Ever experienced long COVID, as a percentage of adults who ever had COVID",By State,New York,New York,"3,9","Jun 28 - Jul 10, 2023",25.6
"Ever experienced long COVID, as a percentage of adults who ever had COVID",By State,North Carolina,North Carolina,"3,9","Jun 28 - Jul 10, 2023",27.9
"Ever experienced long COVID, as a percentage of adults who ever had COVID",By State,North Dakota,North Dakota,"3,9","Jun 28 - Jul 10, 2023",29.8
"Ever experienced long COVID, as a percentage of adults who ever had COVID",By State,Ohio,Ohio,"3,9","Jun 28 - Jul 10, 2023",29.4
"Ever experienced long COVID, as a percentage of adults who ever had COVID",By State,Oklahoma,Oklahoma,"3,9","Jun 28 - Jul 10, 2023",34.6
"Ever experienced long COVID, as a percentage of adults who ever had COVID",By State,Oregon,Oregon,"3,9","Jun 28 - Jul 10, 2023",28.6
"Ever experienced long COVID, as a percentage of adults who ever had COVID",By State,Pennsylvania,Pennsylvania,"3,9","Jun 28 - Jul 10, 2023",28.1
"Ever experienced long COVID, as a percentage of adults who ever had COVID",By State,Rhode Island,Rhode Island,"3,9","Jun 28 - Jul 10, 2023",24.5
"Ever experienced long COVID, as a percentage of adults who ever had COVID",By State,South Carolina,South Carolina,"3,9","Jun 28 - Jul 10, 2023",25.2
"Ever experienced long COVID, as a percentage of adults who ever had COVID",By State,South Dakota,South Dakota,"3,9","Jun 28 - Jul 10, 2023",36.6
"Ever experienced long COVID, as a percentage of adults who ever had COVID",By State,Tennessee,Tennessee,"3,9","Jun 28 - Jul 10, 2023",36.1
"Ever experienced long COVID, as a percentage of adults who ever had COVID",By State,Texas,Texas,"3,9","Jun 28 - Jul 10, 2023",27.3
"Ever experienced long COVID, as a percentage of adults who ever had COVID",By State,Utah,Utah,"3,9","Jun 28 - Jul 10, 2023",32.1
"Ever experienced long COVID, as a percentage of adults who ever had COVID",By State,Vermont,Vermont,"3,9","Jun 28 - Jul 10, 2023",24.3
"Ever experienced long COVID, as a percentage of adults who ever had COVID",By State,Virginia,Virginia,"3,9","Jun 28 - Jul 10, 2023",31.6
"Ever experienced long COVID, as a percentage of adults who ever had COVID",By State,Washington,Washington,"3,9","Jun 28 - Jul 10, 2023",29.4
"Ever experienced long COVID, as a percentage of adults who ever had COVID",By State,West Virginia,West Virginia,"3,9","Jun 28 - Jul 10, 2023",38.5
"Ever experienced long COVID, as a percentage of adults who ever had COVID",By State,Wisconsin,Wisconsin,"3,9","Jun 28 - Jul 10, 2023",26.2
"Ever experienced long COVID, as a percentage of adults who ever had COVID",By State,Wyoming,Wyoming,"3,9","Jun 28 - Jul 10, 2023",29.9
"Currently experiencing long COVID, as a percentage of all adults",By Age,United States,18 - 29 years,"3,9","Jun 28 - Jul 10, 2023",5.5
"Currently experiencing long COVID, as a percentage of all adults",By Age,United States,30 - 39 years,"3,9","Jun 28 - Jul 10, 2023",5.4
"Currently experiencing long COVID, as a percentage of all adults",By Age,United States,40 - 49 years,"3,9","Jun 28 - Jul 10, 2023",6.7
"Currently experiencing long COVID, as a percentage of all adults",By Age,United States,50 - 59 years,"3,9","Jun 28 - Jul 10, 2023",7.1
"Currently experiencing long COVID, as a percentage of all adults",By Age,United States,60 - 69 years,"3,9","Jun 28 - Jul 10, 2023",5.9
"Currently experiencing long COVID, as a percentage of all adults",By Age,United States,70 - 79 years,"3,9","Jun 28 - Jul 10, 2023",3.9
"Currently experiencing long COVID, as a percentage of all adults",By Age,United States,80 years and above,"3,9","Jun 28 - Jul 10, 2023",3.8
"Currently experiencing long COVID, as a percentage of all adults",By State,Alabama,Alabama,"3,9","Jun 28 - Jul 10, 2023",6.7
"Currently experiencing long COVID, as a percentage of all adults",By State,Alaska,Alaska,"3,9","Jun 28 - Jul 10, 2023",8.3
"Currently experiencing long COVID, as a percentage of all adults",By State,Arizona,Arizona,"3,9","Jun 28 - Jul 10, 2023",6.4
"Currently experiencing long COVID, as a percentage of all adults",By State,Arkansas,Arkansas,"3,9","Jun 28 - Jul 10, 2023",5.7
"Currently experiencing long COVID, as a percentage of all adults",By State,California,California,"3,9","Jun 28 - Jul 10, 2023",4.7
"Currently experiencing long COVID, as a percentage of all adults",By State,Colorado,Colorado,"3,9","Jun 28 - Jul 10, 2023",6.1
"Currently experiencing long COVID, as a percentage of all adults",By State,Connecticut,Connecticut,"3,9","Jun 28 - Jul 10, 2023",4.1
"Currently experiencing long COVID, as a percentage of all adults",By State,Delaware,Delaware,"3,9","Jun 28 - Jul 10, 2023",5.6
"Currently experiencing long COVID, as a percentage of all adults",By State,District of Columbia,District of Columbia,"3,9","Jun 28 - Jul 10, 2023",2.1
"Currently experiencing long COVID, as a percentage of all adults",By State,Florida,Florida,"3,9","Jun 28 - Jul 10, 2023",5.9
"Currently experiencing long COVID, as a percentage of all adults",By State,Georgia,Georgia,"3,9","Jun 28 - Jul 10, 2023",5.4
"Currently experiencing long COVID, as a percentage of all adults",By State,Hawaii,Hawaii,"3,9","Jun 28 - Jul 10, 2023",6.9
"Currently experiencing long COVID, as a percentage of all adults",By State,Idaho,Idaho,"3,9","Jun 28 - Jul 10, 2023",6.2
"Currently experiencing long COVID, as a percentage of all adults",By State,Illinois,Illinois,"3,9","Jun 28 - Jul 10, 2023",4.2
"Currently experiencing long COVID, as a percentage of all adults",By State,Indiana,Indiana,"3,9","Jun 28 - Jul 10, 2023",6.5
"Currently experiencing long COVID, as a percentage of all adults",By State,Iowa,Iowa,"3,9","Jun 28 - Jul 10, 2023",7.7
"Currently experiencing long COVID, as a percentage of all adults",By State,Kansas,Kansas,"3,9","Jun 28 - Jul 10, 2023",5.9
"Currently experiencing long COVID, as a percentage of all adults",By State,Kentucky,Kentucky,"3,9","Jun 28 - Jul 10, 2023",6.8
"Currently experiencing long COVID, as a percentage of all adults",By State,Louisiana,Louisiana,"3,9","Jun 28 - Jul 10, 2023",4.1
"Currently experiencing long COVID, as a percentage of all adults",By State,Maine,Maine,"3,9","Jun 28 - Jul 10, 2023",5.2
"Currently experiencing long COVID, as a percentage of all adults",By State,Maryland,Maryland,"3,9","Jun 28 - Jul 10, 2023",6.0
"Currently experiencing long COVID, as a percentage of all adults",By State,Massachusetts,Massachusetts,"3,9","Jun 28 - Jul 10, 2023",5.3
"Currently experiencing long COVID, as a percentage of all adults",By State,Michigan,Michigan,"3,9","Jun 28 - Jul 10, 2023",7.1
"Currently experiencing long COVID, as a percentage of all adults",By State,Minnesota,Minnesota,"3,9","Jun 28 - Jul 10, 2023",5.6
"Currently experiencing long COVID, as a percentage of all adults",By State,Mississippi,Mississippi,"3,9","Jun 28 - Jul 10, 2023",6.3
"Currently experiencing long COVID, as a percentage of all adults",By State,Missouri,Missouri,"3,9","Jun 28 - Jul 10, 2023",6.0
"Currently experiencing long COVID, as a percentage of all adults",By State,Montana,Montana,"3,9","Jun 28 - Jul 10, 2023",6.5
"Currently experiencing long COVID, as a percentage of all adults",By State,Nebraska,Nebraska,"3,9","Jun 28 - Jul 10, 2023",5.9
"Currently experiencing long COVID, as a percentage of all adults",By State,Nevada,Nevada,"3,9","Jun 28 - Jul 10, 2023",4.1
"Currently experiencing long COVID, as a percentage of all adults",By State,New Hampshire,New Hampshire,"3,9","Jun 28 - Jul 10, 2023",5.5
"Currently experiencing long COVID, as a percentage of all adults",By State,New Jersey,New Jersey,"3,9","Jun 28 - Jul 10, 2023",6.0
"Currently experiencing long COVID, as a percentage of all adults",By State,New Mexico,New Mexico,"3,9","Jun 28 - Jul 10, 2023",6.4
"Currently experiencing long COVID, as a percentage of all adults",By State,New York,New York,"3,9","Jun 28 - Jul 10, 2023",6.1
"Currently experiencing long COVID, as a percentage of all adults",By State,North Carolina,North Carolina,"3,9","Jun 28 - Jul 10, 2023",5.6
"Currently experiencing long COVID, as a percentage of all adults",By State,North Dakota,North Dakota,"3,9","Jun 28 - Jul 10, 2023",6.5
"Currently experiencing long COVID, as a percentage of all adults",By State,Ohio,Ohio,"3,9","Jun 28 - Jul 10, 2023",6.6
"Currently experiencing long COVID, as a percentage of all adults",By State,Oklahoma,Oklahoma,"3,9","Jun 28 - Jul 10, 2023",6.1
"Currently experiencing long COVID, as a percentage of all adults",By State,Oregon,Oregon,"3,9","Jun 28 - Jul 10, 2023",6.0
"Currently experiencing long COVID, as a percentage of all adults",By State,Pennsylvania,Pennsylvania,"3,9","Jun 28 - Jul 10, 2023",5.9
"Currently experiencing long COVID, as a percentage of all adults",By State,Rhode Island,Rhode Island,"3,9","Jun 28 - Jul 10, 2023",7.8
"Currently experiencing long COVID, as a percentage of all adults",By State,South Carolina,South Carolina,"3,9","Jun 28 - Jul 10, 2023",6.0
"Currently experiencing long COVID, as a percentage of all adults",By State,South Dakota,South Dakota,"3,9","Jun 28 - Jul 10, 2023",10.1
"Currently experiencing long COVID, as a percentage of all adults",By State,Tennessee,Tennessee,"3,9","Jun 28 - Jul 10, 2023",7.2
"Currently experiencing long COVID, as a percentage of all adults",By State,Texas,Texas,"3,9","Jun 28 - Jul 10, 2023",6.0
"Currently experiencing long COVID, as a percentage of all adults",By State,Utah,Utah,"3,9","Jun 28 - Jul 10, 2023",7.2
"Currently experiencing long COVID, as a percentage of all adults",By State,Vermont,Vermont,"3,9","Jun 28 - Jul 10, 2023",5.4
"Currently experiencing long COVID, as a percentage of all adults",By State,Virginia,Virginia,"3,9","Jun 28 - Jul 10, 2023",5.4
"Currently experiencing long COVID, as a percentage of all adults",By State,Washington,Washington,"3,9","Jun 28 - Jul 10, 2023",6.7
"Currently experiencing long COVID, as a percentage of all adults",By State,West Virginia,West Virginia,"3,9","Jun 28 - Jul 10, 2023",7.3
"Currently experiencing long COVID, as a percentage of all adults",By State,Wisconsin,Wisconsin,"3,9","Jun 28 - Jul 10, 2023",5.3
"Currently experiencing long COVID, as a percentage of all adults",By State,Wyoming,Wyoming,"3,9","Jun 28 - Jul 10, 2023",5.6
"Any activity limitations from long COVID, as a percentage of adults who currently have long COVID",By Age,United States,18 - 29 years,"3,9","Jun 28 - Jul 10, 2023",71.0
"Any activity limitations from long COVID, as a percentage of adults who currently have long COVID",By Age,United States,30 - 39 years,"3,9","Jun 28 - Jul 10, 2023",82.7
"Any activity limitations from long COVID, as a percentage of adults who currently have long COVID",By Age,United States,40 - 49 years,"3,9","Jun 28 - Jul 10, 2023",83.3
"Any activity limitations from long COVID, as a percentage of adults who currently have long COVID",By Age,United States,50 - 59 years,"3,9","Jun 28 - Jul 10, 2023",86.6
"Any activity limitations from long COVID, as a percentage of adults who currently have long COVID",By Age,United States,60 - 69 years,"3,9","Jun 28 - Jul 10, 2023",80.8
"Any activity limitations from long COVID, as a percentage of adults who currently have long COVID",By Age,United States,70 - 79 years,"3,9","Jun 28 - Jul 10, 2023",67.5
"Any activity limitations from long COVID, as a percentage of adults who currently have long COVID",By Age,United States,80 years and above,"3,9","Jun 28 - Jul 10, 2023",80.0
"Any activity limitations from long COVID, as a percentage of adults who currently have long COVID",By State,Alabama,Alabama,"3,9","Jun 28 - Jul 10, 2023",
"Any activity limitations from long COVID, as a percentage of adults who currently have long COVID",By State,Alaska,Alaska,"3,9","Jun 28 - Jul 10, 2023",
"Any activity limitations from long COVID, as a percentage of adults who currently have long COVID",By State,Arizona,Arizona,"3,9","Jun 28 - Jul 10, 2023",84.1
"Any activity limitations from long COVID, as a percentage of adults who currently have long COVID",By State,Arkansas,Arkansas,"3,9","Jun 28 - Jul 10, 2023",
"Any activity limitations from long COVID, as a percentage of adults who currently have long COVID",By State,California,California,"3,9","Jun 28 - Jul 10, 2023",
"Any activity limitations from long COVID, as a percentage of adults who currently have long COVID",By State,Colorado,Colorado,"3,9","Jun 28 - Jul 10, 2023",74.6
"Any activity limitations from long COVID, as a percentage of adults who currently have long COVID",By State,Connecticut,Connecticut,"3,9","Jun 28 - Jul 10, 2023",80.6
"Any activity limitations from long COVID, as a percentage of adults who currently have long COVID",By State,Delaware,Delaware,"3,9","Jun 28 - Jul 10, 2023",
"Any activity limitations from long COVID, as a percentage of adults who currently have long COVID",By State,District of Columbia,District of Columbia,"3,9","Jun 28 - Jul 10, 2023",
"Any activity limitations from long COVID, as a percentage of adults who currently have long COVID",By State,Florida,Florida,"3,9","Jun 28 - Jul 10, 2023",82.1
"Any activity limitations from long COVID, as a percentage of adults who currently have long COVID",By State,Georgia,Georgia,"3,9","Jun 28 - Jul 10, 2023",82.2
"Any activity limitations from long COVID, as a percentage of adults who currently have long COVID",By State,Hawaii,Hawaii,"3,9","Jun 28 - Jul 10, 2023",
"Any activity limitations from long COVID, as a percentage of adults who currently have long COVID",By State,Idaho,Idaho,"3,9","Jun 28 - Jul 10, 2023",
"Any activity limitations from long COVID, as a percentage of adults who currently have long COVID",By State,Illinois,Illinois,"3,9","Jun 28 - Jul 10, 2023",
"Any activity limitations from long COVID, as a percentage of adults who currently have long COVID",By State,Indiana,Indiana,"3,9","Jun 28 - Jul 10, 2023",74.9
"Any activity limitations from long COVID, as a percentage of adults who currently have long COVID",By State,Iowa,Iowa,"3,9","Jun 28 - Jul 10, 2023",84.2
"Any activity limitations from long COVID, as a percentage of adults who currently have long COVID",By State,Kansas,Kansas,"3,9","Jun 28 - Jul 10, 2023",
"Any activity limitations from long COVID, as a percentage of adults who currently have long COVID",By State,Kentucky,Kentucky,"3,9","Jun 28 - Jul 10, 2023",75.5
"Any activity limitations from long COVID, as a percentage of adults who currently have long COVID",By State,Louisiana,Louisiana,"3,9","Jun 28 - Jul 10, 2023",
"Any activity limitations from long COVID, as a percentage of adults who currently have long COVID",By State,Maine,Maine,"3,9","Jun 28 - Jul 10, 2023",
"Any activity limitations from long COVID, as a percentage of adults who currently have long COVID",By State,Maryland,Maryland,"3,9","Jun 28 - Jul 10, 2023",
"Any activity limitations from long COVID, as a percentage of adults who currently have long COVID",By State,Massachusetts,Massachusetts,"3,9","Jun 28 - Jul 10, 2023",
"Any activity limitations from long COVID, as a percentage of adults who currently have long COVID",By State,Michigan,Michigan,"3,9","Jun 28 - Jul 10, 2023",84.3
"Any activity limitations from long COVID, as a percentage of adults who currently have long COVID",By State,Minnesota,Minnesota,"3,9","Jun 28 - Jul 10, 2023",79.6
"Any activity limitations from long COVID, as a percentage of adults who currently have long COVID",By State,Mississippi,Mississippi,"3,9","Jun 28 - Jul 10, 2023",80.3
"Any activity limitations from long COVID, as a percentage of adults who currently have long COVID",By State,Missouri,Missouri,"3,9","Jun 28 - Jul 10, 2023",80.8
"Any activity limitations from long COVID, as a percentage of adults who currently have long COVID",By State,Montana,Montana,"3,9","Jun 28 - Jul 10, 2023",76.1
"Any activity limitations from long COVID, as a percentage of adults who currently have long COVID",By State,Nebraska,Nebraska,"3,9","Jun 28 - Jul 10, 2023",77.6
"Any activity limitations from long COVID, as a percentage of adults who currently have long COVID",By State,Nevada,Nevada,"3,9","Jun 28 - Jul 10, 2023",
"Any activity limitations from long COVID, as a percentage of adults who currently have long COVID",By State,New Hampshire,New Hampshire,"3,9","Jun 28 - Jul 10, 2023",
"Any activity limitations from long COVID, as a percentage of adults who currently have long COVID",By State,New Jersey,New Jersey,"3,9","Jun 28 - Jul 10, 2023",
"Any activity limitations from long COVID, as a percentage of adults who currently have long COVID",By State,New Mexico,New Mexico,"3,9","Jun 28 - Jul 10, 2023",
"Any activity limitations from long COVID, as a percentage of adults who currently have long COVID",By State,New York,New York,"3,9","Jun 28 - Jul 10, 2023",78.5
"Any activity limitations from long COVID, as a percentage of adults who currently have long COVID",By State,North Carolina,North Carolina,"3,9","Jun 28 - Jul 10, 2023",
"Any activity limitations from long COVID, as a percentage of adults who currently have long COVID",By State,North Dakota,North Dakota,"3,9","Jun 28 - Jul 10, 2023",
"Any activity limitations from long COVID, as a percentage of adults who currently have long COVID",By State,Ohio,Ohio,"3,9","Jun 28 - Jul 10, 2023",
"Any activity limitations from long COVID, as a percentage of adults who currently have long COVID",By State,Oklahoma,Oklahoma,"3,9","Jun 28 - Jul 10, 2023",86.8
"Any activity limitations from long COVID, as a percentage of adults who currently have long COVID",By State,Oregon,Oregon,"3,9","Jun 28 - Jul 10, 2023",87.9
"Any activity limitations from long COVID, as a percentage of adults who currently have long COVID",By State,Pennsylvania,Pennsylvania,"3,9","Jun 28 - Jul 10, 2023",83.7
"Any activity limitations from long COVID, as a percentage of adults who currently have long COVID",By State,Rhode Island,Rhode Island,"3,9","Jun 28 - Jul 10, 2023",
"Any activity limitations from long COVID, as a percentage of adults who currently have long COVID",By State,South Carolina,South Carolina,"3,9","Jun 28 - Jul 10, 2023",
"Any activity limitations from long COVID, as a percentage of adults who currently have long COVID",By State,South Dakota,South Dakota,"3,9","Jun 28 - Jul 10, 2023",
"Any activity limitations from long COVID, as a percentage of adults who currently have long COVID",By State,Tennessee,Tennessee,"3,9","Jun 28 - Jul 10, 2023",
"Any activity limitations from long COVID, as a percentage of adults who currently have long COVID",By State,Texas,Texas,"3,9","Jun 28 - Jul 10, 2023",88.8
"Any activity limitations from long COVID, as a percentage of adults who currently have long COVID",By State,Utah,Utah,"3,9","Jun 28 - Jul 10, 2023",64.8
"Any activity limitations from long COVID, as a percentage of adults who currently have long COVID",By State,Vermont,Vermont,"3,9","Jun 28 - Jul 10, 2023",
"Any activity limitations from long COVID, as a percentage of adults who currently have long COVID",By State,Virginia,Virginia,"3,9","Jun 28 - Jul 10, 2023",81.0
"Any activity limitations from long COVID, as a percentage of adults who currently have long COVID",By State,Washington,Washington,"3,9","Jun 28 - Jul 10, 2023",88.4
"Any activity limitations from long COVID, as a percentage of adults who currently have long COVID",By State,West Virginia,West Virginia,"3,9","Jun 28 - Jul 10, 2023",
"Any activity limitations from long COVID, as a percentage of adults who currently have long COVID",By State,Wisconsin,Wisconsin,"3,9","Jun 28 - Jul 10, 2023",
"Any activity limitations from long COVID, as a percentage of adults who currently have long COVID",By State,Wyoming,Wyoming,"3,9","Jun 28 - Jul 10, 2023",
"Ever experienced long COVID, as a percentage of adults who ever had COVID",By Age,United States,18 - 29 years,"3,9","Jul 26 - Aug 7, 2023",26.5
"Ever experienced long COVID, as a percentage of adults who ever had COVID",By Age,United States,30 - 39 years,"3,9","Jul 26 - Aug 7, 2023",27.9
"Ever experienced long COVID, as a percentage of adults who ever had COVID",By Age,United States,40 - 49 years,"3,9","Jul 26 - Aug 7, 2023",29.7
"Ever experienced long COVID, as a percentage of adults who ever had COVID",By Age,United States,50 - 59 years,"3,9","Jul 26 - Aug 7, 2023",29.8
"Ever experienced long COVID, as a percentage of adults who ever had COVID",By Age,United States,60 - 69 years,"3,9","Jul 26 - Aug 7, 2023",26.9
"Ever experienced long COVID, as a percentage of adults who ever had COVID",By Age,United States,70 - 79 years,"3,9","Jul 26 - Aug 7, 2023",21.9
"Ever experienced long COVID, as a percentage of adults who ever had COVID",By Age,United States,80 years and above,"3,9","Jul 26 - Aug 7, 2023",21.3
"Ever experienced long COVID, as a percentage of adults who ever had COVID",By State,Alabama,Alabama,"3,9","Jul 26 - Aug 7, 2023",30.4
"Ever experienced long COVID, as a percentage of adults who ever had COVID",By State,Alaska,Alaska,"3,9","Jul 26 - Aug 7, 2023",32.1
"Ever experienced long COVID, as a percentage of adults who ever had COVID",By State,Arizona,Arizona,"3,9","Jul 26 - Aug 7, 2023",29.8
"Ever experienced long COVID, as a percentage of adults who ever had COVID",By State,Arkansas,Arkansas,"3,9","Jul 26 - Aug 7, 2023",30.5
"Ever experienced long COVID, as a percentage of adults who ever had COVID",By State,California,California,"3,9","Jul 26 - Aug 7, 2023",23.5
"Ever experienced long COVID, as a percentage of adults who ever had COVID",By State,Colorado,Colorado,"3,9","Jul 26 - Aug 7, 2023",27.3
"Ever experienced long COVID, as a percentage of adults who ever had COVID",By State,Connecticut,Connecticut,"3,9","Jul 26 - Aug 7, 2023",26.0
"Ever experienced long COVID, as a percentage of adults who ever had COVID",By State,Delaware,Delaware,"3,9","Jul 26 - Aug 7, 2023",25.2
"Ever experienced long COVID, as a percentage of adults who ever had COVID",By State,District of Columbia,District of Columbia,"3,9","Jul 26 - Aug 7, 2023",18.1
"Ever experienced long COVID, as a percentage of adults who ever had COVID",By State,Florida,Florida,"3,9","Jul 26 - Aug 7, 2023",26.7
"Ever experienced long COVID, as a percentage of adults who ever had COVID",By State,Georgia,Georgia,"3,9","Jul 26 - Aug 7, 2023",26.7
"Ever experienced long COVID, as a percentage of adults who ever had COVID",By State,Hawaii,Hawaii,"3,9","Jul 26 - Aug 7, 2023",16.8
"Ever experienced long COVID, as a percentage of adults who ever had COVID",By State,Idaho,Idaho,"3,9","Jul 26 - Aug 7, 2023",37.6
"Ever experienced long COVID, as a percentage of adults who ever had COVID",By State,Illinois,Illinois,"3,9","Jul 26 - Aug 7, 2023",28.9
"Ever experienced long COVID, as a percentage of adults who ever had COVID",By State,Indiana,Indiana,"3,9","Jul 26 - Aug 7, 2023",29.0
"Ever experienced long COVID, as a percentage of adults who ever had COVID",By State,Iowa,Iowa,"3,9","Jul 26 - Aug 7, 2023",29.7
"Ever experienced long COVID, as a percentage of adults who ever had COVID",By State,Kansas,Kansas,"3,9","Jul 26 - Aug 7, 2023",28.7
"Ever experienced long COVID, as a percentage of adults who ever had COVID",By State,Kentucky,Kentucky,"3,9","Jul 26 - Aug 7, 2023",30.9
"Ever experienced long COVID, as a percentage of adults who ever had COVID",By State,Louisiana,Louisiana,"3,9","Jul 26 - Aug 7, 2023",31.9
"Ever experienced long COVID, as a percentage of adults who ever had COVID",By State,Maine,Maine,"3,9","Jul 26 - Aug 7, 2023",28.4
"Ever experienced long COVID, as a percentage of adults who ever had COVID",By State,Maryland,Maryland,"3,9","Jul 26 - Aug 7, 2023",26.1
"Ever experienced long COVID, as a percentage of adults who ever had COVID",By State,Massachusetts,Massachusetts,"3,9","Jul 26 - Aug 7, 2023",21.0
"Ever experienced long COVID, as a percentage of adults who ever had COVID",By State,Michigan,Michigan,"3,9","Jul 26 - Aug 7, 2023",29.0
"Ever experienced long COVID, as a percentage of adults who ever had COVID",By State,Minnesota,Minnesota,"3,9","Jul 26 - Aug 7, 2023",26.0
"Ever experienced long COVID, as a percentage of adults who ever had COVID",By State,Mississippi,Mississippi,"3,9","Jul 26 - Aug 7, 2023",35.1
"Ever experienced long COVID, as a percentage of adults who ever had COVID",By State,Missouri,Missouri,"3,9","Jul 26 - Aug 7, 2023",31.1
"Ever experienced long COVID, as a percentage of adults who ever had COVID",By State,Montana,Montana,"3,9","Jul 26 - Aug 7, 2023",31.2
"Ever experienced long COVID, as a percentage of adults who ever had COVID",By State,Nebraska,Nebraska,"3,9","Jul 26 - Aug 7, 2023",31.6
"Ever experienced long COVID, as a percentage of adults who ever had COVID",By State,Nevada,Nevada,"3,9","Jul 26 - Aug 7, 2023",28.6
"Ever experienced long COVID, as a percentage of adults who ever had COVID",By State,New Hampshire,New Hampshire,"3,9","Jul 26 - Aug 7, 2023",24.0
"Ever experienced long COVID, as a percentage of adults who ever had COVID",By State,New Jersey,New Jersey,"3,9","Jul 26 - Aug 7, 2023",27.6
"Ever experienced long COVID, as a percentage of adults who ever had COVID",By State,New Mexico,New Mexico,"3,9","Jul 26 - Aug 7, 2023",28.2
"Ever experienced long COVID, as a percentage of adults who ever had COVID",By State,New York,New York,"3,9","Jul 26 - Aug 7, 2023",26.6
"Ever experienced long COVID, as a percentage of adults who ever had COVID",By State,North Carolina,North Carolina,"3,9","Jul 26 - Aug 7, 2023",24.6
"Ever experienced long COVID, as a percentage of adults who ever had COVID",By State,North Dakota,North Dakota,"3,9","Jul 26 - Aug 7, 2023",36.1
"Ever experienced long COVID, as a percentage of adults who ever had COVID",By State,Ohio,Ohio,"3,9","Jul 26 - Aug 7, 2023",30.7
"Ever experienced long COVID, as a percentage of adults who ever had COVID",By State,Oklahoma,Oklahoma,"3,9","Jul 26 - Aug 7, 2023",34.8
"Ever experienced long COVID, as a percentage of adults who ever had COVID",By State,Oregon,Oregon,"3,9","Jul 26 - Aug 7, 2023",27.7
"Ever experienced long COVID, as a percentage of adults who ever had COVID",By State,Pennsylvania,Pennsylvania,"3,9","Jul 26 - Aug 7, 2023",26.9
"Ever experienced long COVID, as a percentage of adults who ever had COVID",By State,Rhode Island,Rhode Island,"3,9","Jul 26 - Aug 7, 2023",23.7
"Ever experienced long COVID, as a percentage of adults who ever had COVID",By State,South Carolina,South Carolina,"3,9","Jul 26 - Aug 7, 2023",35.9
"Ever experienced long COVID, as a percentage of adults who ever had COVID",By State,South Dakota,South Dakota,"3,9","Jul 26 - Aug 7, 2023",30.0
"Ever experienced long COVID, as a percentage of adults who ever had COVID",By State,Tennessee,Tennessee,"3,9","Jul 26 - Aug 7, 2023",28.8
"Ever experienced long COVID, as a percentage of adults who ever had COVID",By State,Texas,Texas,"3,9","Jul 26 - Aug 7, 2023",28.7
"Ever experienced long COVID, as a percentage of adults who ever had COVID",By State,Utah,Utah,"3,9","Jul 26 - Aug 7, 2023",29.5
"Ever experienced long COVID, as a percentage of adults who ever had COVID",By State,Vermont,Vermont,"3,9","Jul 26 - Aug 7, 2023",26.4
"Ever experienced long COVID, as a percentage of adults who ever had COVID",By State,Virginia,Virginia,"3,9","Jul 26 - Aug 7, 2023",23.2
"Ever experienced long COVID, as a percentage of adults who ever had COVID",By State,Washington,Washington,"3,9","Jul 26 - Aug 7, 2023",30.1
"Ever experienced long COVID, as a percentage of adults who ever had COVID",By State,West Virginia,West Virginia,"3,9","Jul 26 - Aug 7, 2023",37.1
"Ever experienced long COVID, as a percentage of adults who ever had COVID",By State,Wisconsin,Wisconsin,"3,9","Jul 26 - Aug 7, 2023",27.1
"Ever experienced long COVID, as a percentage of adults who ever had COVID",By State,Wyoming,Wyoming,"3,9","Jul 26 - Aug 7, 2023",30.1
"Currently experiencing long COVID, as a percentage of all adults",By Age,United States,18 - 29 years,"3,9","Jul 26 - Aug 7, 2023",4.6
"Currently experiencing long COVID, as a percentage of all adults",By Age,United States,30 - 39 years,"3,9","Jul 26 - Aug 7, 2023",5.9
"Currently experiencing long COVID, as a percentage of all adults",By Age,United States,40 - 49 years,"3,9","Jul 26 - Aug 7, 2023",7.1
"Currently experiencing long COVID, as a percentage of all adults",By Age,United States,50 - 59 years,"3,9","Jul 26 - Aug 7, 2023",7.2
"Currently experiencing long COVID, as a percentage of all adults",By Age,United States,60 - 69 years,"3,9","Jul 26 - Aug 7, 2023",5.4
"Currently experiencing long COVID, as a percentage of all adults",By Age,United States,70 - 79 years,"3,9","Jul 26 - Aug 7, 2023",4.2
"Currently experiencing long COVID, as a percentage of all adults",By Age,United States,80 years and above,"3,9","Jul 26 - Aug 7, 2023",4.1
"Currently experiencing long COVID, as a percentage of all adults",By State,Alabama,Alabama,"3,9","Jul 26 - Aug 7, 2023",7.1
"Currently experiencing long COVID, as a percentage of all adults",By State,Alaska,Alaska,"3,9","Jul 26 - Aug 7, 2023",7.7
"Currently experiencing long COVID, as a percentage of all adults",By State,Arizona,Arizona,"3,9","Jul 26 - Aug 7, 2023",6.3
"Currently experiencing long COVID, as a percentage of all adults",By State,Arkansas,Arkansas,"3,9","Jul 26 - Aug 7, 2023",6.5
"Currently experiencing long COVID, as a percentage of all adults",By State,California,California,"3,9","Jul 26 - Aug 7, 2023",4.9
"Currently experiencing long COVID, as a percentage of all adults",By State,Colorado,Colorado,"3,9","Jul 26 - Aug 7, 2023",6.1
"Currently experiencing long COVID, as a percentage of all adults",By State,Connecticut,Connecticut,"3,9","Jul 26 - Aug 7, 2023",5.8
"Currently experiencing long COVID, as a percentage of all adults",By State,Delaware,Delaware,"3,9","Jul 26 - Aug 7, 2023",5.7
"Currently experiencing long COVID, as a percentage of all adults",By State,District of Columbia,District of Columbia,"3,9","Jul 26 - Aug 7, 2023",3.8
"Currently experiencing long COVID, as a percentage of all adults",By State,Florida,Florida,"3,9","Jul 26 - Aug 7, 2023",5.3
"Currently experiencing long COVID, as a percentage of all adults",By State,Georgia,Georgia,"3,9","Jul 26 - Aug 7, 2023",5.3
"Currently experiencing long COVID, as a percentage of all adults",By State,Hawaii,Hawaii,"3,9","Jul 26 - Aug 7, 2023",3.7
"Currently experiencing long COVID, as a percentage of all adults",By State,Idaho,Idaho,"3,9","Jul 26 - Aug 7, 2023",9.6
"Currently experiencing long COVID, as a percentage of all adults",By State,Illinois,Illinois,"3,9","Jul 26 - Aug 7, 2023",5.4
"Currently experiencing long COVID, as a percentage of all adults",By State,Indiana,Indiana,"3,9","Jul 26 - Aug 7, 2023",6.6
"Currently experiencing long COVID, as a percentage of all adults",By State,Iowa,Iowa,"3,9","Jul 26 - Aug 7, 2023",5.9
"Currently experiencing long COVID, as a percentage of all adults",By State,Kansas,Kansas,"3,9","Jul 26 - Aug 7, 2023",5.0
"Currently experiencing long COVID, as a percentage of all adults",By State,Kentucky,Kentucky,"3,9","Jul 26 - Aug 7, 2023",8.9
"Currently experiencing long COVID, as a percentage of all adults",By State,Louisiana,Louisiana,"3,9","Jul 26 - Aug 7, 2023",5.1
"Currently experiencing long COVID, as a percentage of all adults",By State,Maine,Maine,"3,9","Jul 26 - Aug 7, 2023",7.4
"Currently experiencing long COVID, as a percentage of all adults",By State,Maryland,Maryland,"3,9","Jul 26 - Aug 7, 2023",4.4
"Currently experiencing long COVID, as a percentage of all adults",By State,Massachusetts,Massachusetts,"3,9","Jul 26 - Aug 7, 2023",5.9
"Currently experiencing long COVID, as a percentage of all adults",By State,Michigan,Michigan,"3,9","Jul 26 - Aug 7, 2023",5.5
"Currently experiencing long COVID, as a percentage of all adults",By State,Minnesota,Minnesota,"3,9","Jul 26 - Aug 7, 2023",3.8
"Currently experiencing long COVID, as a percentage of all adults",By State,Mississippi,Mississippi,"3,9","Jul 26 - Aug 7, 2023",5.8
"Currently experiencing long COVID, as a percentage of all adults",By State,Missouri,Missouri,"3,9","Jul 26 - Aug 7, 2023",5.8
"Currently experiencing long COVID, as a percentage of all adults",By State,Montana,Montana,"3,9","Jul 26 - Aug 7, 2023",8.9
"Currently experiencing long COVID, as a percentage of all adults",By State,Nebraska,Nebraska,"3,9","Jul 26 - Aug 7, 2023",6.6
"Currently experiencing long COVID, as a percentage of all adults",By State,Nevada,Nevada,"3,9","Jul 26 - Aug 7, 2023",6.8
"Currently experiencing long COVID, as a percentage of all adults",By State,New Hampshire,New Hampshire,"3,9","Jul 26 - Aug 7, 2023",6.4
"Currently experiencing long COVID, as a percentage of all adults",By State,New Jersey,New Jersey,"3,9","Jul 26 - Aug 7, 2023",7.2
"Currently experiencing long COVID, as a percentage of all adults",By State,New Mexico,New Mexico,"3,9","Jul 26 - Aug 7, 2023",6.3
"Currently experiencing long COVID, as a percentage of all adults",By State,New York,New York,"3,9","Jul 26 - Aug 7, 2023",6.2
"Currently experiencing long COVID, as a percentage of all adults",By State,North Carolina,North Carolina,"3,9","Jul 26 - Aug 7, 2023",4.7
"Currently experiencing long COVID, as a percentage of all adults",By State,North Dakota,North Dakota,"3,9","Jul 26 - Aug 7, 2023",7.2
"Currently experiencing long COVID, as a percentage of all adults",By State,Ohio,Ohio,"3,9","Jul 26 - Aug 7, 2023",6.7
"Currently experiencing long COVID, as a percentage of all adults",By State,Oklahoma,Oklahoma,"3,9","Jul 26 - Aug 7, 2023",7.4
"Currently experiencing long COVID, as a percentage of all adults",By State,Oregon,Oregon,"3,9","Jul 26 - Aug 7, 2023",6.1
"Currently experiencing long COVID, as a percentage of all adults",By State,Pennsylvania,Pennsylvania,"3,9","Jul 26 - Aug 7, 2023",5.2
"Currently experiencing long COVID, as a percentage of all adults",By State,Rhode Island,Rhode Island,"3,9","Jul 26 - Aug 7, 2023",5.4
"Currently experiencing long COVID, as a percentage of all adults",By State,South Carolina,South Carolina,"3,9","Jul 26 - Aug 7, 2023",8.2
"Currently experiencing long COVID, as a percentage of all adults",By State,South Dakota,South Dakota,"3,9","Jul 26 - Aug 7, 2023",7.2
"Currently experiencing long COVID, as a percentage of all adults",By State,Tennessee,Tennessee,"3,9","Jul 26 - Aug 7, 2023",5.2
"Currently experiencing long COVID, as a percentage of all adults",By State,Texas,Texas,"3,9","Jul 26 - Aug 7, 2023",5.8
"Currently experiencing long COVID, as a percentage of all adults",By State,Utah,Utah,"3,9","Jul 26 - Aug 7, 2023",6.3
"Currently experiencing long COVID, as a percentage of all adults",By State,Vermont,Vermont,"3,9","Jul 26 - Aug 7, 2023",5.9
"Currently experiencing long COVID, as a percentage of all adults",By State,Virginia,Virginia,"3,9","Jul 26 - Aug 7, 2023",4.6
"Currently experiencing long COVID, as a percentage of all adults",By State,Washington,Washington,"3,9","Jul 26 - Aug 7, 2023",6.5
"Currently experiencing long COVID, as a percentage of all adults",By State,West Virginia,West Virginia,"3,9","Jul 26 - Aug 7, 2023",9.0
"Currently experiencing long COVID, as a percentage of all adults",By State,Wisconsin,Wisconsin,"3,9","Jul 26 - Aug 7, 2023",5.5
"Currently experiencing long COVID, as a percentage of all adults",By State,Wyoming,Wyoming,"3,9","Jul 26 - Aug 7, 2023",6.3
"Any activity limitations from long COVID, as a percentage of adults who currently have long COVID",By Age,United States,18 - 29 years,"3,9","Jul 26 - Aug 7, 2023",81.9
"Any activity limitations from long COVID, as a percentage of adults who currently have long COVID",By Age,United States,30 - 39 years,"3,9","Jul 26 - Aug 7, 2023",83.4
"Any activity limitations from long COVID, as a percentage of adults who currently have long COVID",By Age,United States,40 - 49 years,"3,9","Jul 26 - Aug 7, 2023",77.3
"Any activity limitations from long COVID, as a percentage of adults who currently have long COVID",By Age,United States,50 - 59 years,"3,9","Jul 26 - Aug 7, 2023",80.4
"Any activity limitations from long COVID, as a percentage of adults who currently have long COVID",By Age,United States,60 - 69 years,"3,9","Jul 26 - Aug 7, 2023",78.2
"Any activity limitations from long COVID, as a percentage of adults who currently have long COVID",By Age,United States,70 - 79 years,"3,9","Jul 26 - Aug 7, 2023",79.8
"Any activity limitations from long COVID, as a percentage of adults who currently have long COVID",By Age,United States,80 years and above,"3,9","Jul 26 - Aug 7, 2023",
"Any activity limitations from long COVID, as a percentage of adults who currently have long COVID",By State,Alabama,Alabama,"3,9","Jul 26 - Aug 7, 2023",
"Any activity limitations from long COVID, as a percentage of adults who currently have long COVID",By State,Alaska,Alaska,"3,9","Jul 26 - Aug 7, 2023",
"Any activity limitations from long COVID, as a percentage of adults who currently have long COVID",By State,Arizona,Arizona,"3,9","Jul 26 - Aug 7, 2023",80.4
"Any activity limitations from long COVID, as a percentage of adults who currently have long COVID",By State,Arkansas,Arkansas,"3,9","Jul 26 - Aug 7, 2023",
"Any activity limitations from long COVID, as a percentage of adults who currently have long COVID",By State,California,California,"3,9","Jul 26 - Aug 7, 2023",75.3
"Any activity limitations from long COVID, as a percentage of adults who currently have long COVID",By State,Colorado,Colorado,"3,9","Jul 26 - Aug 7, 2023",84.2
"Any activity limitations from long COVID, as a percentage of adults who currently have long COVID",By State,Connecticut,Connecticut,"3,9","Jul 26 - Aug 7, 2023",
"Any activity limitations from long COVID, as a percentage of adults who currently have long COVID",By State,Delaware,Delaware,"3,9","Jul 26 - Aug 7, 2023",
"Any activity limitations from long COVID, as a percentage of adults who currently have long COVID",By State,District of Columbia,District of Columbia,"3,9","Jul 26 - Aug 7, 2023",
"Any activity limitations from long COVID, as a percentage of adults who currently have long COVID",By State,Florida,Florida,"3,9","Jul 26 - Aug 7, 2023",80.5
"Any activity limitations from long COVID, as a percentage of adults who currently have long COVID",By State,Georgia,Georgia,"3,9","Jul 26 - Aug 7, 2023",79.8
"Any activity limitations from long COVID, as a percentage of adults who currently have long COVID",By State,Hawaii,Hawaii,"3,9","Jul 26 - Aug 7, 2023",
"Any activity limitations from long COVID, as a percentage of adults who currently have long COVID",By State,Idaho,Idaho,"3,9","Jul 26 - Aug 7, 2023",79.2
"Any activity limitations from long COVID, as a percentage of adults who currently have long COVID",By State,Illinois,Illinois,"3,9","Jul 26 - Aug 7, 2023",84.8
"Any activity limitations from long COVID, as a percentage of adults who currently have long COVID",By State,Indiana,Indiana,"3,9","Jul 26 - Aug 7, 2023",80.7
"Any activity limitations from long COVID, as a percentage of adults who currently have long COVID",By State,Iowa,Iowa,"3,9","Jul 26 - Aug 7, 2023",76.6
"Any activity limitations from long COVID, as a percentage of adults who currently have long COVID",By State,Kansas,Kansas,"3,9","Jul 26 - Aug 7, 2023",
"Any activity limitations from long COVID, as a percentage of adults who currently have long COVID",By State,Kentucky,Kentucky,"3,9","Jul 26 - Aug 7, 2023",
"Any activity limitations from long COVID, as a percentage of adults who currently have long COVID",By State,Louisiana,Louisiana,"3,9","Jul 26 - Aug 7, 2023",
"Any activity limitations from long COVID, as a percentage of adults who currently have long COVID",By State,Maine,Maine,"3,9","Jul 26 - Aug 7, 2023",79.7
"Any activity limitations from long COVID, as a percentage of adults who currently have long COVID",By State,Maryland,Maryland,"3,9","Jul 26 - Aug 7, 2023",80.0
"Any activity limitations from long COVID, as a percentage of adults who currently have long COVID",By State,Massachusetts,Massachusetts,"3,9","Jul 26 - Aug 7, 2023",81.4
"Any activity limitations from long COVID, as a percentage of adults who currently have long COVID",By State,Michigan,Michigan,"3,9","Jul 26 - Aug 7, 2023",69.6
"Any activity limitations from long COVID, as a percentage of adults who currently have long COVID",By State,Minnesota,Minnesota,"3,9","Jul 26 - Aug 7, 2023",
"Any activity limitations from long COVID, as a percentage of adults who currently have long COVID",By State,Mississippi,Mississippi,"3,9","Jul 26 - Aug 7, 2023",
"Any activity limitations from long COVID, as a percentage of adults who currently have long COVID",By State,Missouri,Missouri,"3,9","Jul 26 - Aug 7, 2023",82.8
"Any activity limitations from long COVID, as a percentage of adults who currently have long COVID",By State,Montana,Montana,"3,9","Jul 26 - Aug 7, 2023",
"Any activity limitations from long COVID, as a percentage of adults who currently have long COVID",By State,Nebraska,Nebraska,"3,9","Jul 26 - Aug 7, 2023",76.8
"Any activity limitations from long COVID, as a percentage of adults who currently have long COVID",By State,Nevada,Nevada,"3,9","Jul 26 - Aug 7, 2023",
"Any activity limitations from long COVID, as a percentage of adults who currently have long COVID",By State,New Hampshire,New Hampshire,"3,9","Jul 26 - Aug 7, 2023",74.1
"Any activity limitations from long COVID, as a percentage of adults who currently have long COVID",By State,New Jersey,New Jersey,"3,9","Jul 26 - Aug 7, 2023",81.2
"Any activity limitations from long COVID, as a percentage of adults who currently have long COVID",By State,New Mexico,New Mexico,"3,9","Jul 26 - Aug 7, 2023",
"Any activity limitations from long COVID, as a percentage of adults who currently have long COVID",By State,New York,New York,"3,9","Jul 26 - Aug 7, 2023",
"Any activity limitations from long COVID, as a percentage of adults who currently have long COVID",By State,North Carolina,North Carolina,"3,9","Jul 26 - Aug 7, 2023",76.3
"Any activity limitations from long COVID, as a percentage of adults who currently have long COVID",By State,North Dakota,North Dakota,"3,9","Jul 26 - Aug 7, 2023",
"Any activity limitations from long COVID, as a percentage of adults who currently have long COVID",By State,Ohio,Ohio,"3,9","Jul 26 - Aug 7, 2023",
"Any activity limitations from long COVID, as a percentage of adults who currently have long COVID",By State,Oklahoma,Oklahoma,"3,9","Jul 26 - Aug 7, 2023",72.1
"Any activity limitations from long COVID, as a percentage of adults who currently have long COVID",By State,Oregon,Oregon,"3,9","Jul 26 - Aug 7, 2023",84.9
"Any activity limitations from long COVID, as a percentage of adults who currently have long COVID",By State,Pennsylvania,Pennsylvania,"3,9","Jul 26 - Aug 7, 2023",
"Any activity limitations from long COVID, as a percentage of adults who currently have long COVID",By State,Rhode Island,Rhode Island,"3,9","Jul 26 - Aug 7, 2023",
"Any activity limitations from long COVID, as a percentage of adults who currently have long COVID",By State,South Carolina,South Carolina,"3,9","Jul 26 - Aug 7, 2023",
"Any activity limitations from long COVID, as a percentage of adults who currently have long COVID",By State,South Dakota,South Dakota,"3,9","Jul 26 - Aug 7, 2023",
"Any activity limitations from long COVID, as a percentage of adults who currently have long COVID",By State,Tennessee,Tennessee,"3,9","Jul 26 - Aug 7, 2023",
"Any activity limitations from long COVID, as a percentage of adults who currently have long COVID",By State,Texas,Texas,"3,9","Jul 26 - Aug 7, 2023",84.0
"Any activity limitations from long COVID, as a percentage of adults who currently have long COVID",By State,Utah,Utah,"3,9","Jul 26 - Aug 7, 2023",74.8
"Any activity limitations from long COVID, as a percentage of adults who currently have long COVID",By State,Vermont,Vermont,"3,9","Jul 26 - Aug 7, 2023",
"Any activity limitations from long COVID, as a percentage of adults who currently have long COVID",By State,Virginia,Virginia,"3,9","Jul 26 - Aug 7, 2023",74.0
"Any activity limitations from long COVID, as a percentage of adults who currently have long COVID",By State,Washington,Washington,"3,9","Jul 26 - Aug 7, 2023",82.2
"Any activity limitations from long COVID, as a percentage of adults who currently have long COVID",By State,West Virginia,West Virginia,"3,9","Jul 26 - Aug 7, 2023",
"Any activity limitations from long COVID, as a percentage of adults who currently have long COVID",By State,Wisconsin,Wisconsin,"3,9","Jul 26 - Aug 7, 2023",77.7
"Any activity limitations from long COVID, as a percentage of adults who currently have long COVID",By State,Wyoming,Wyoming,"3,9","Jul 26 - Aug 7, 2023",
"Ever experienced long COVID, as a percentage of adults who ever had COVID",By Age,United States,18 - 29 years,"3,1","Aug 23 - Sep 4, 2023",27.9
"Ever experienced long COVID, as a percentage of adults who ever had COVID",By Age,United States,30 - 39 years,"3,1","Aug 23 - Sep 4, 2023",29.0
"Ever experienced long COVID, as a percentage of adults who ever had COVID",By Age,United States,40 - 49 years,"3,1","Aug 23 - Sep 4, 2023",30.2
"Ever experienced long COVID, as a percentage of adults who ever had COVID",By Age,United States,50 - 59 years,"3,1","Aug 23 - Sep 4, 2023",29.8
"Ever experienced long COVID, as a percentage of adults who ever had COVID",By Age,United States,60 - 69 years,"3,1","Aug 23 - Sep 4, 2023",26.1
"Ever experienced long COVID, as a percentage of adults who ever had COVID",By Age,United States,70 - 79 years,"3,1","Aug 23 - Sep 4, 2023",21.6
"Ever experienced long COVID, as a percentage of adults who ever had COVID",By Age,United States,80 years and above,"3,1","Aug 23 - Sep 4, 2023",22.2
"Ever experienced long COVID, as a percentage of adults who ever had COVID",By State,Alabama,Alabama,"3,1","Aug 23 - Sep 4, 2023",31.1
"Ever experienced long COVID, as a percentage of adults who ever had COVID",By State,Alaska,Alaska,"3,1","Aug 23 - Sep 4, 2023",31.2
"Ever experienced long COVID, as a percentage of adults who ever had COVID",By State,Arizona,Arizona,"3,1","Aug 23 - Sep 4, 2023",29.8
"Ever experienced long COVID, as a percentage of adults who ever had COVID",By State,Arkansas,Arkansas,"3,1","Aug 23 - Sep 4, 2023",26.5
"Ever experienced long COVID, as a percentage of adults who ever had COVID",By State,California,California,"3,1","Aug 23 - Sep 4, 2023",28.7
"Ever experienced long COVID, as a percentage of adults who ever had COVID",By State,Colorado,Colorado,"3,1","Aug 23 - Sep 4, 2023",27.5
"Ever experienced long COVID, as a percentage of adults who ever had COVID",By State,Connecticut,Connecticut,"3,1","Aug 23 - Sep 4, 2023",27.3
"Ever experienced long COVID, as a percentage of adults who ever had COVID",By State,Delaware,Delaware,"3,1","Aug 23 - Sep 4, 2023",23.7
"Ever experienced long COVID, as a percentage of adults who ever had COVID",By State,District of Columbia,District of Columbia,"3,1","Aug 23 - Sep 4, 2023",17.8
"Ever experienced long COVID, as a percentage of adults who ever had COVID",By State,Florida,Florida,"3,1","Aug 23 - Sep 4, 2023",29.0
"Ever experienced long COVID, as a percentage of adults who ever had COVID",By State,Georgia,Georgia,"3,1","Aug 23 - Sep 4, 2023",31.6
"Ever experienced long COVID, as a percentage of adults who ever had COVID",By State,Hawaii,Hawaii,"3,1","Aug 23 - Sep 4, 2023",26.8
"Ever experienced long COVID, as a percentage of adults who ever had COVID",By State,Idaho,Idaho,"3,1","Aug 23 - Sep 4, 2023",35.3
"Ever experienced long COVID, as a percentage of adults who ever had COVID",By State,Illinois,Illinois,"3,1","Aug 23 - Sep 4, 2023",26.4
"Ever experienced long COVID, as a percentage of adults who ever had COVID",By State,Indiana,Indiana,"3,1","Aug 23 - Sep 4, 2023",27.7
"Ever experienced long COVID, as a percentage of adults who ever had COVID",By State,Iowa,Iowa,"3,1","Aug 23 - Sep 4, 2023",27.1
"Ever experienced long COVID, as a percentage of adults who ever had COVID",By State,Kansas,Kansas,"3,1","Aug 23 - Sep 4, 2023",27.3
"Ever experienced long COVID, as a percentage of adults who ever had COVID",By State,Kentucky,Kentucky,"3,1","Aug 23 - Sep 4, 2023",32.2
"Ever experienced long COVID, as a percentage of adults who ever had COVID",By State,Louisiana,Louisiana,"3,1","Aug 23 - Sep 4, 2023",29.5
"Ever experienced long COVID, as a percentage of adults who ever had COVID",By State,Maine,Maine,"3,1","Aug 23 - Sep 4, 2023",28.4
"Ever experienced long COVID, as a percentage of adults who ever had COVID",By State,Maryland,Maryland,"3,1","Aug 23 - Sep 4, 2023",23.2
"Ever experienced long COVID, as a percentage of adults who ever had COVID",By State,Massachusetts,Massachusetts,"3,1","Aug 23 - Sep 4, 2023",20.5
"Ever experienced long COVID, as a percentage of adults who ever had COVID",By State,Michigan,Michigan,"3,1","Aug 23 - Sep 4, 2023",27.8
"Ever experienced long COVID, as a percentage of adults who ever had COVID",By State,Minnesota,Minnesota,"3,1","Aug 23 - Sep 4, 2023",25.6
"Ever experienced long COVID, as a percentage of adults who ever had COVID",By State,Mississippi,Mississippi,"3,1","Aug 23 - Sep 4, 2023",34.3
"Ever experienced long COVID, as a percentage of adults who ever had COVID",By State,Missouri,Missouri,"3,1","Aug 23 - Sep 4, 2023",31.6
"Ever experienced long COVID, as a percentage of adults who ever had COVID",By State,Montana,Montana,"3,1","Aug 23 - Sep 4, 2023",28.3
"Ever experienced long COVID, as a percentage of adults who ever had COVID",By State,Nebraska,Nebraska,"3,1","Aug 23 - Sep 4, 2023",27.0
"Ever experienced long COVID, as a percentage of adults who ever had COVID",By State,Nevada,Nevada,"3,1","Aug 23 - Sep 4, 2023",31.8
"Ever experienced long COVID, as a percentage of adults who ever had COVID",By State,New Hampshire,New Hampshire,"3,1","Aug 23 - Sep 4, 2023",23.4
"Ever experienced long COVID, as a percentage of adults who ever had COVID",By State,New Jersey,New Jersey,"3,1","Aug 23 - Sep 4, 2023",21.3
"Ever experienced long COVID, as a percentage of adults who ever had COVID",By State,New Mexico,New Mexico,"3,1","Aug 23 - Sep 4, 2023",34.8
"Ever experienced long COVID, as a percentage of adults who ever had COVID",By State,New York,New York,"3,1","Aug 23 - Sep 4, 2023",29.5
"Ever experienced long COVID, as a percentage of adults who ever had COVID",By State,North Carolina,North Carolina,"3,1","Aug 23 - Sep 4, 2023",25.6
"Ever experienced long COVID, as a percentage of adults who ever had COVID",By State,North Dakota,North Dakota,"3,1","Aug 23 - Sep 4, 2023",29.6
"Ever experienced long COVID, as a percentage of adults who ever had COVID",By State,Ohio,Ohio,"3,1","Aug 23 - Sep 4, 2023",31.4
"Ever experienced long COVID, as a percentage of adults who ever had COVID",By State,Oklahoma,Oklahoma,"3,1","Aug 23 - Sep 4, 2023",32.0
"Ever experienced long COVID, as a percentage of adults who ever had COVID",By State,Oregon,Oregon,"3,1","Aug 23 - Sep 4, 2023",27.4
"Ever experienced long COVID, as a percentage of adults who ever had COVID",By State,Pennsylvania,Pennsylvania,"3,1","Aug 23 - Sep 4, 2023",22.6
"Ever experienced long COVID, as a percentage of adults who ever had COVID",By State,Rhode Island,Rhode Island,"3,1","Aug 23 - Sep 4, 2023",21.8
"Ever experienced long COVID, as a percentage of adults who ever had COVID",By State,South Carolina,South Carolina,"3,1","Aug 23 - Sep 4, 2023",22.4
"Ever experienced long COVID, as a percentage of adults who ever had COVID",By State,South Dakota,South Dakota,"3,1","Aug 23 - Sep 4, 2023",33.2
"Ever experienced long COVID, as a percentage of adults who ever had COVID",By State,Tennessee,Tennessee,"3,1","Aug 23 - Sep 4, 2023",29.6
"Ever experienced long COVID, as a percentage of adults who ever had COVID",By State,Texas,Texas,"3,1","Aug 23 - Sep 4, 2023",29.1
"Ever experienced long COVID, as a percentage of adults who ever had COVID",By State,Utah,Utah,"3,1","Aug 23 - Sep 4, 2023",31.3
"Ever experienced long COVID, as a percentage of adults who ever had COVID",By State,Vermont,Vermont,"3,1","Aug 23 - Sep 4, 2023",23.6
"Ever experienced long COVID, as a percentage of adults who ever had COVID",By State,Virginia,Virginia,"3,1","Aug 23 - Sep 4, 2023",27.4
"Ever experienced long COVID, as a percentage of adults who ever had COVID",By State,Washington,Washington,"3,1","Aug 23 - Sep 4, 2023",28.6
"Ever experienced long COVID, as a percentage of adults who ever had COVID",By State,West Virginia,West Virginia,"3,1","Aug 23 - Sep 4, 2023",30.3
"Ever experienced long COVID, as a percentage of adults who ever had COVID",By State,Wisconsin,Wisconsin,"3,1","Aug 23 - Sep 4, 2023",28.2
"Ever experienced long COVID, as a percentage of adults who ever had COVID",By State,Wyoming,Wyoming,"3,1","Aug 23 - Sep 4, 2023",30.8
"Currently experiencing long COVID, as a percentage of all adults",By Age,United States,18 - 29 years,"3,1","Aug 23 - Sep 4, 2023",5.3
"Currently experiencing long COVID, as a percentage of all adults",By Age,United States,30 - 39 years,"3,1","Aug 23 - Sep 4, 2023",6.4
"Currently experiencing long COVID, as a percentage of all adults",By Age,United States,40 - 49 years,"3,1","Aug 23 - Sep 4, 2023",6.3
"Currently experiencing long COVID, as a percentage of all adults",By Age,United States,50 - 59 years,"3,1","Aug 23 - Sep 4, 2023",6.4
"Currently experiencing long COVID, as a percentage of all adults",By Age,United States,60 - 69 years,"3,1","Aug 23 - Sep 4, 2023",4.6
"Currently experiencing long COVID, as a percentage of all adults",By Age,United States,70 - 79 years,"3,1","Aug 23 - Sep 4, 2023",3.7
"Currently experiencing long COVID, as a percentage of all adults",By Age,United States,80 years and above,"3,1","Aug 23 - Sep 4, 2023",2.9
"Currently experiencing long COVID, as a percentage of all adults",By State,Alabama,Alabama,"3,1","Aug 23 - Sep 4, 2023",6.3
"Currently experiencing long COVID, as a percentage of all adults",By State,Alaska,Alaska,"3,1","Aug 23 - Sep 4, 2023",9.1
"Currently experiencing long COVID, as a percentage of all adults",By State,Arizona,Arizona,"3,1","Aug 23 - Sep 4, 2023",6.9
"Currently experiencing long COVID, as a percentage of all adults",By State,Arkansas,Arkansas,"3,1","Aug 23 - Sep 4, 2023",5.2
"Currently experiencing long COVID, as a percentage of all adults",By State,California,California,"3,1","Aug 23 - Sep 4, 2023",4.8
"Currently experiencing long COVID, as a percentage of all adults",By State,Colorado,Colorado,"3,1","Aug 23 - Sep 4, 2023",4.7
"Currently experiencing long COVID, as a percentage of all adults",By State,Connecticut,Connecticut,"3,1","Aug 23 - Sep 4, 2023",5.8
"Currently experiencing long COVID, as a percentage of all adults",By State,Delaware,Delaware,"3,1","Aug 23 - Sep 4, 2023",5.0
"Currently experiencing long COVID, as a percentage of all adults",By State,District of Columbia,District of Columbia,"3,1","Aug 23 - Sep 4, 2023",3.7
"Currently experiencing long COVID, as a percentage of all adults",By State,Florida,Florida,"3,1","Aug 23 - Sep 4, 2023",4.7
"Currently experiencing long COVID, as a percentage of all adults",By State,Georgia,Georgia,"3,1","Aug 23 - Sep 4, 2023",5.1
"Currently experiencing long COVID, as a percentage of all adults",By State,Hawaii,Hawaii,"3,1","Aug 23 - Sep 4, 2023",5.8
"Currently experiencing long COVID, as a percentage of all adults",By State,Idaho,Idaho,"3,1","Aug 23 - Sep 4, 2023",6.4
"Currently experiencing long COVID, as a percentage of all adults",By State,Illinois,Illinois,"3,1","Aug 23 - Sep 4, 2023",5.9
"Currently experiencing long COVID, as a percentage of all adults",By State,Indiana,Indiana,"3,1","Aug 23 - Sep 4, 2023",5.9
"Currently experiencing long COVID, as a percentage of all adults",By State,Iowa,Iowa,"3,1","Aug 23 - Sep 4, 2023",4.3
"Currently experiencing long COVID, as a percentage of all adults",By State,Kansas,Kansas,"3,1","Aug 23 - Sep 4, 2023",5.6
"Currently experiencing long COVID, as a percentage of all adults",By State,Kentucky,Kentucky,"3,1","Aug 23 - Sep 4, 2023",4.7
"Currently experiencing long COVID, as a percentage of all adults",By State,Louisiana,Louisiana,"3,1","Aug 23 - Sep 4, 2023",5.3
"Currently experiencing long COVID, as a percentage of all adults",By State,Maine,Maine,"3,1","Aug 23 - Sep 4, 2023",5.5
"Currently experiencing long COVID, as a percentage of all adults",By State,Maryland,Maryland,"3,1","Aug 23 - Sep 4, 2023",4.2
"Currently experiencing long COVID, as a percentage of all adults",By State,Massachusetts,Massachusetts,"3,1","Aug 23 - Sep 4, 2023",5.2
"Currently experiencing long COVID, as a percentage of all adults",By State,Michigan,Michigan,"3,1","Aug 23 - Sep 4, 2023",5.9
"Currently experiencing long COVID, as a percentage of all adults",By State,Minnesota,Minnesota,"3,1","Aug 23 - Sep 4, 2023",5.0
"Currently experiencing long COVID, as a percentage of all adults",By State,Mississippi,Mississippi,"3,1","Aug 23 - Sep 4, 2023",7.0
"Currently experiencing long COVID, as a percentage of all adults",By State,Missouri,Missouri,"3,1","Aug 23 - Sep 4, 2023",6.1
"Currently experiencing long COVID, as a percentage of all adults",By State,Montana,Montana,"3,1","Aug 23 - Sep 4, 2023",6.7
"Currently experiencing long COVID, as a percentage of all adults",By State,Nebraska,Nebraska,"3,1","Aug 23 - Sep 4, 2023",4.4
"Currently experiencing long COVID, as a percentage of all adults",By State,Nevada,Nevada,"3,1","Aug 23 - Sep 4, 2023",5.7
"Currently experiencing long COVID, as a percentage of all adults",By State,New Hampshire,New Hampshire,"3,1","Aug 23 - Sep 4, 2023",6.5
"Currently experiencing long COVID, as a percentage of all adults",By State,New Jersey,New Jersey,"3,1","Aug 23 - Sep 4, 2023",4.1
"Currently experiencing long COVID, as a percentage of all adults",By State,New Mexico,New Mexico,"3,1","Aug 23 - Sep 4, 2023",11.1
"Currently experiencing long COVID, as a percentage of all adults",By State,New York,New York,"3,1","Aug 23 - Sep 4, 2023",7.3
"Currently experiencing long COVID, as a percentage of all adults",By State,North Carolina,North Carolina,"3,1","Aug 23 - Sep 4, 2023",4.4
"Currently experiencing long COVID, as a percentage of all adults",By State,North Dakota,North Dakota,"3,1","Aug 23 - Sep 4, 2023",5.7
"Currently experiencing long COVID, as a percentage of all adults",By State,Ohio,Ohio,"3,1","Aug 23 - Sep 4, 2023",7.7
"Currently experiencing long COVID, as a percentage of all adults",By State,Oklahoma,Oklahoma,"3,1","Aug 23 - Sep 4, 2023",7.4
"Currently experiencing long COVID, as a percentage of all adults",By State,Oregon,Oregon,"3,1","Aug 23 - Sep 4, 2023",6.3
"Currently experiencing long COVID, as a percentage of all adults",By State,Pennsylvania,Pennsylvania,"3,1","Aug 23 - Sep 4, 2023",5.2
"Currently experiencing long COVID, as a percentage of all adults",By State,Rhode Island,Rhode Island,"3,1","Aug 23 - Sep 4, 2023",5.3
"Currently experiencing long COVID, as a percentage of all adults",By State,South Carolina,South Carolina,"3,1","Aug 23 - Sep 4, 2023",4.4
"Currently experiencing long COVID, as a percentage of all adults",By State,South Dakota,South Dakota,"3,1","Aug 23 - Sep 4, 2023",8.2
"Currently experiencing long COVID, as a percentage of all adults",By State,Tennessee,Tennessee,"3,1","Aug 23 - Sep 4, 2023",5.8
"Currently experiencing long COVID, as a percentage of all adults",By State,Texas,Texas,"3,1","Aug 23 - Sep 4, 2023",4.3
"Currently experiencing long COVID, as a percentage of all adults",By State,Utah,Utah,"3,1","Aug 23 - Sep 4, 2023",6.7
"Currently experiencing long COVID, as a percentage of all adults",By State,Vermont,Vermont,"3,1","Aug 23 - Sep 4, 2023",5.1
"Currently experiencing long COVID, as a percentage of all adults",By State,Virginia,Virginia,"3,1","Aug 23 - Sep 4, 2023",5.7
"Currently experiencing long COVID, as a percentage of all adults",By State,Washington,Washington,"3,1","Aug 23 - Sep 4, 2023",7.1
"Currently experiencing long COVID, as a percentage of all adults",By State,West Virginia,West Virginia,"3,1","Aug 23 - Sep 4, 2023",6.6
"Currently experiencing long COVID, as a percentage of all adults",By State,Wisconsin,Wisconsin,"3,1","Aug 23 - Sep 4, 2023",5.8
"Currently experiencing long COVID, as a percentage of all adults",By State,Wyoming,Wyoming,"3,1","Aug 23 - Sep 4, 2023",5.9
"Any activity limitations from long COVID, as a percentage of adults who currently have long COVID",By Age,United States,18 - 29 years,"3,1","Aug 23 - Sep 4, 2023",87.3
"Any activity limitations from long COVID, as a percentage of adults who currently have long COVID",By Age,United States,30 - 39 years,"3,1","Aug 23 - Sep 4, 2023",78.2
"Any activity limitations from long COVID, as a percentage of adults who currently have long COVID",By Age,United States,40 - 49 years,"3,1","Aug 23 - Sep 4, 2023",82.1
"Any activity limitations from long COVID, as a percentage of adults who currently have long COVID",By Age,United States,50 - 59 years,"3,1","Aug 23 - Sep 4, 2023",82.9
"Any activity limitations from long COVID, as a percentage of adults who currently have long COVID",By Age,United States,60 - 69 years,"3,1","Aug 23 - Sep 4, 2023",77.8
"Any activity limitations from long COVID, as a percentage of adults who currently have long COVID",By Age,United States,70 - 79 years,"3,1","Aug 23 - Sep 4, 2023",75.0
"Any activity limitations from long COVID, as a percentage of adults who currently have long COVID",By Age,United States,80 years and above,"3,1","Aug 23 - Sep 4, 2023",
"Any activity limitations from long COVID, as a percentage of adults who currently have long COVID",By State,Alabama,Alabama,"3,1","Aug 23 - Sep 4, 2023",76.4
"Any activity limitations from long COVID, as a percentage of adults who currently have long COVID",By State,Alaska,Alaska,"3,1","Aug 23 - Sep 4, 2023",
"Any activity limitations from long COVID, as a percentage of adults who currently have long COVID",By State,Arizona,Arizona,"3,1","Aug 23 - Sep 4, 2023",75.5
"Any activity limitations from long COVID, as a percentage of adults who currently have long COVID",By State,Arkansas,Arkansas,"3,1","Aug 23 - Sep 4, 2023",
"Any activity limitations from long COVID, as a percentage of adults who currently have long COVID",By State,California,California,"3,1","Aug 23 - Sep 4, 2023",84.1
"Any activity limitations from long COVID, as a percentage of adults who currently have long COVID",By State,Colorado,Colorado,"3,1","Aug 23 - Sep 4, 2023",
"Any activity limitations from long COVID, as a percentage of adults who currently have long COVID",By State,Connecticut,Connecticut,"3,1","Aug 23 - Sep 4, 2023",76.2
"Any activity limitations from long COVID, as a percentage of adults who currently have long COVID",By State,Delaware,Delaware,"3,1","Aug 23 - Sep 4, 2023",
"Any activity limitations from long COVID, as a percentage of adults who currently have long COVID",By State,District of Columbia,District of Columbia,"3,1","Aug 23 - Sep 4, 2023",
"Any activity limitations from long COVID, as a percentage of adults who currently have long COVID",By State,Florida,Florida,"3,1","Aug 23 - Sep 4, 2023",
"Any activity limitations from long COVID, as a percentage of adults who currently have long COVID",By State,Georgia,Georgia,"3,1","Aug 23 - Sep 4, 2023",79.9
"Any activity limitations from long COVID, as a percentage of adults who currently have long COVID",By State,Hawaii,Hawaii,"3,1","Aug 23 - Sep 4, 2023",
"Any activity limitations from long COVID, as a percentage of adults who currently have long COVID",By State,Idaho,Idaho,"3,1","Aug 23 - Sep 4, 2023",
"Any activity limitations from long COVID, as a percentage of adults who currently have long COVID",By State,Illinois,Illinois,"3,1","Aug 23 - Sep 4, 2023",
"Any activity limitations from long COVID, as a percentage of adults who currently have long COVID",By State,Indiana,Indiana,"3,1","Aug 23 - Sep 4, 2023",
"Any activity limitations from long COVID, as a percentage of adults who currently have long COVID",By State,Iowa,Iowa,"3,1","Aug 23 - Sep 4, 2023",
"Any activity limitations from long COVID, as a percentage of adults who currently have long COVID",By State,Kansas,Kansas,"3,1","Aug 23 - Sep 4, 2023",
"Any activity limitations from long COVID, as a percentage of adults who currently have long COVID",By State,Kentucky,Kentucky,"3,1","Aug 23 - Sep 4, 2023",
"Any activity limitations from long COVID, as a percentage of adults who currently have long COVID",By State,Louisiana,Louisiana,"3,1","Aug 23 - Sep 4, 2023",
"Any activity limitations from long COVID, as a percentage of adults who currently have long COVID",By State,Maine,Maine,"3,1","Aug 23 - Sep 4, 2023",
"Any activity limitations from long COVID, as a percentage of adults who currently have long COVID",By State,Maryland,Maryland,"3,1","Aug 23 - Sep 4, 2023",
"Any activity limitations from long COVID, as a percentage of adults who currently have long COVID",By State,Massachusetts,Massachusetts,"3,1","Aug 23 - Sep 4, 2023",82.9
"Any activity limitations from long COVID, as a percentage of adults who currently have long COVID",By State,Michigan,Michigan,"3,1","Aug 23 - Sep 4, 2023",80.2
"Any activity limitations from long COVID, as a percentage of adults who currently have long COVID",By State,Minnesota,Minnesota,"3,1","Aug 23 - Sep 4, 2023",80.6
"Any activity limitations from long COVID, as a percentage of adults who currently have long COVID",By State,Mississippi,Mississippi,"3,1","Aug 23 - Sep 4, 2023",
"Any activity limitations from long COVID, as a percentage of adults who currently have long COVID",By State,Missouri,Missouri,"3,1","Aug 23 - Sep 4, 2023",
"Any activity limitations from long COVID, as a percentage of adults who currently have long COVID",By State,Montana,Montana,"3,1","Aug 23 - Sep 4, 2023",
"Any activity limitations from long COVID, as a percentage of adults who currently have long COVID",By State,Nebraska,Nebraska,"3,1","Aug 23 - Sep 4, 2023",79.2
"Any activity limitations from long COVID, as a percentage of adults who currently have long COVID",By State,Nevada,Nevada,"3,1","Aug 23 - Sep 4, 2023",
"Any activity limitations from long COVID, as a percentage of adults who currently have long COVID",By State,New Hampshire,New Hampshire,"3,1","Aug 23 - Sep 4, 2023",
"Any activity limitations from long COVID, as a percentage of adults who currently have long COVID",By State,New Jersey,New Jersey,"3,1","Aug 23 - Sep 4, 2023",
"Any activity limitations from long COVID, as a percentage of adults who currently have long COVID",By State,New Mexico,New Mexico,"3,1","Aug 23 - Sep 4, 2023",81.3
"Any activity limitations from long COVID, as a percentage of adults who currently have long COVID",By State,New York,New York,"3,1","Aug 23 - Sep 4, 2023",
"Any activity limitations from long COVID, as a percentage of adults who currently have long COVID",By State,North Carolina,North Carolina,"3,1","Aug 23 - Sep 4, 2023",82.4
"Any activity limitations from long COVID, as a percentage of adults who currently have long COVID",By State,North Dakota,North Dakota,"3,1","Aug 23 - Sep 4, 2023",
"Any activity limitations from long COVID, as a percentage of adults who currently have long COVID",By State,Ohio,Ohio,"3,1","Aug 23 - Sep 4, 2023",
"Any activity limitations from long COVID, as a percentage of adults who currently have long COVID",By State,Oklahoma,Oklahoma,"3,1","Aug 23 - Sep 4, 2023",71.2
"Any activity limitations from long COVID, as a percentage of adults who currently have long COVID",By State,Oregon,Oregon,"3,1","Aug 23 - Sep 4, 2023",78.9
"Any activity limitations from long COVID, as a percentage of adults who currently have long COVID",By State,Pennsylvania,Pennsylvania,"3,1","Aug 23 - Sep 4, 2023",77.6
"Any activity limitations from long COVID, as a percentage of adults who currently have long COVID",By State,Rhode Island,Rhode Island,"3,1","Aug 23 - Sep 4, 2023",
"Any activity limitations from long COVID, as a percentage of adults who currently have long COVID",By State,South Carolina,South Carolina,"3,1","Aug 23 - Sep 4, 2023",
"Any activity limitations from long COVID, as a percentage of adults who currently have long COVID",By State,South Dakota,South Dakota,"3,1","Aug 23 - Sep 4, 2023",
"Any activity limitations from long COVID, as a percentage of adults who currently have long COVID",By State,Tennessee,Tennessee,"3,1","Aug 23 - Sep 4, 2023",68.9
"Any activity limitations from long COVID, as a percentage of adults who currently have long COVID",By State,Texas,Texas,"3,1","Aug 23 - Sep 4, 2023",79.4
"Any activity limitations from long COVID, as a percentage of adults who currently have long COVID",By State,Utah,Utah,"3,1","Aug 23 - Sep 4, 2023",78.1
"Any activity limitations from long COVID, as a percentage of adults who currently have long COVID",By State,Vermont,Vermont,"3,1","Aug 23 - Sep 4, 2023",
"Any activity limitations from long COVID, as a percentage of adults who currently have long COVID",By State,Virginia,Virginia,"3,1","Aug 23 - Sep 4, 2023",
"Any activity limitations from long COVID, as a percentage of adults who currently have long COVID",By State,Washington,Washington,"3,1","Aug 23 - Sep 4, 2023",86.6
"Any activity limitations from long COVID, as a percentage of adults who currently have long COVID",By State,West Virginia,West Virginia,"3,1","Aug 23 - Sep 4, 2023",
"Any activity limitations from long COVID, as a percentage of adults who currently have long COVID",By State,Wisconsin,Wisconsin,"3,1","Aug 23 - Sep 4, 2023",
"Any activity limitations from long COVID, as a percentage of adults who currently have long COVID",By State,Wyoming,Wyoming,"3,1","Aug 23 - Sep 4, 2023",
"Ever experienced long COVID, as a percentage of adults who ever had COVID",By Age,United States,18 - 29 years,"3,1","Sep 20 - Oct 2, 2023",27.1
"Ever experienced long COVID, as a percentage of adults who ever had COVID",By Age,United States,30 - 39 years,"3,1","Sep 20 - Oct 2, 2023",25.5
"Ever experienced long COVID, as a percentage of adults who ever had COVID",By Age,United States,40 - 49 years,"3,1","Sep 20 - Oct 2, 2023",29.7
"Ever experienced long COVID, as a percentage of adults who ever had COVID",By Age,United States,50 - 59 years,"3,1","Sep 20 - Oct 2, 2023",29.1
"Ever experienced long COVID, as a percentage of adults who ever had COVID",By Age,United States,60 - 69 years,"3,1","Sep 20 - Oct 2, 2023",24.6
"Ever experienced long COVID, as a percentage of adults who ever had COVID",By Age,United States,70 - 79 years,"3,1","Sep 20 - Oct 2, 2023",20.4
"Ever experienced long COVID, as a percentage of adults who ever had COVID",By Age,United States,80 years and above,"3,1","Sep 20 - Oct 2, 2023",22.9
"Ever experienced long COVID, as a percentage of adults who ever had COVID",By State,Alabama,Alabama,"3,1","Sep 20 - Oct 2, 2023",34.4
"Ever experienced long COVID, as a percentage of adults who ever had COVID",By State,Alaska,Alaska,"3,1","Sep 20 - Oct 2, 2023",27.1
"Ever experienced long COVID, as a percentage of adults who ever had COVID",By State,Arizona,Arizona,"3,1","Sep 20 - Oct 2, 2023",29.7
"Ever experienced long COVID, as a percentage of adults who ever had COVID",By State,Arkansas,Arkansas,"3,1","Sep 20 - Oct 2, 2023",29.3
"Ever experienced long COVID, as a percentage of adults who ever had COVID",By State,California,California,"3,1","Sep 20 - Oct 2, 2023",25.6
"Ever experienced long COVID, as a percentage of adults who ever had COVID",By State,Colorado,Colorado,"3,1","Sep 20 - Oct 2, 2023",26.4
"Ever experienced long COVID, as a percentage of adults who ever had COVID",By State,Connecticut,Connecticut,"3,1","Sep 20 - Oct 2, 2023",27.1
"Ever experienced long COVID, as a percentage of adults who ever had COVID",By State,Delaware,Delaware,"3,1","Sep 20 - Oct 2, 2023",25.9
"Ever experienced long COVID, as a percentage of adults who ever had COVID",By State,District of Columbia,District of Columbia,"3,1","Sep 20 - Oct 2, 2023",19.2
"Ever experienced long COVID, as a percentage of adults who ever had COVID",By State,Florida,Florida,"3,1","Sep 20 - Oct 2, 2023",27.2
"Ever experienced long COVID, as a percentage of adults who ever had COVID",By State,Georgia,Georgia,"3,1","Sep 20 - Oct 2, 2023",22.8
"Ever experienced long COVID, as a percentage of adults who ever had COVID",By State,Hawaii,Hawaii,"3,1","Sep 20 - Oct 2, 2023",23.7
"Ever experienced long COVID, as a percentage of adults who ever had COVID",By State,Idaho,Idaho,"3,1","Sep 20 - Oct 2, 2023",27.8
"Ever experienced long COVID, as a percentage of adults who ever had COVID",By State,Illinois,Illinois,"3,1","Sep 20 - Oct 2, 2023",27.7
"Ever experienced long COVID, as a percentage of adults who ever had COVID",By State,Indiana,Indiana,"3,1","Sep 20 - Oct 2, 2023",31.8
"Ever experienced long COVID, as a percentage of adults who ever had COVID",By State,Iowa,Iowa,"3,1","Sep 20 - Oct 2, 2023",24.0
"Ever experienced long COVID, as a percentage of adults who ever had COVID",By State,Kansas,Kansas,"3,1","Sep 20 - Oct 2, 2023",27.3
"Ever experienced long COVID, as a percentage of adults who ever had COVID",By State,Kentucky,Kentucky,"3,1","Sep 20 - Oct 2, 2023",29.6
"Ever experienced long COVID, as a percentage of adults who ever had COVID",By State,Louisiana,Louisiana,"3,1","Sep 20 - Oct 2, 2023",32.6
"Ever experienced long COVID, as a percentage of adults who ever had COVID",By State,Maine,Maine,"3,1","Sep 20 - Oct 2, 2023",22.1
"Ever experienced long COVID, as a percentage of adults who ever had COVID",By State,Maryland,Maryland,"3,1","Sep 20 - Oct 2, 2023",22.2
"Ever experienced long COVID, as a percentage of adults who ever had COVID",By State,Massachusetts,Massachusetts,"3,1","Sep 20 - Oct 2, 2023",23.1
"Ever experienced long COVID, as a percentage of adults who ever had COVID",By State,Michigan,Michigan,"3,1","Sep 20 - Oct 2, 2023",26.7
"Ever experienced long COVID, as a percentage of adults who ever had COVID",By State,Minnesota,Minnesota,"3,1","Sep 20 - Oct 2, 2023",27.8
"Ever experienced long COVID, as a percentage of adults who ever had COVID",By State,Mississippi,Mississippi,"3,1","Sep 20 - Oct 2, 2023",32.4
"Ever experienced long COVID, as a percentage of adults who ever had COVID",By State,Missouri,Missouri,"3,1","Sep 20 - Oct 2, 2023",25.0
"Ever experienced long COVID, as a percentage of adults who ever had COVID",By State,Montana,Montana,"3,1","Sep 20 - Oct 2, 2023",29.1
"Ever experienced long COVID, as a percentage of adults who ever had COVID",By State,Nebraska,Nebraska,"3,1","Sep 20 - Oct 2, 2023",30.8
"Ever experienced long COVID, as a percentage of adults who ever had COVID",By State,Nevada,Nevada,"3,1","Sep 20 - Oct 2, 2023",26.4
"Ever experienced long COVID, as a percentage of adults who ever had COVID",By State,New Hampshire,New Hampshire,"3,1","Sep 20 - Oct 2, 2023",24.2
"Ever experienced long COVID, as a percentage of adults who ever had COVID",By State,New Jersey,New Jersey,"3,1","Sep 20 - Oct 2, 2023",24.2
"Ever experienced long COVID, as a percentage of adults who ever had COVID",By State,New Mexico,New Mexico,"3,1","Sep 20 - Oct 2, 2023",28.6
"Ever experienced long COVID, as a percentage of adults who ever had COVID",By State,New York,New York,"3,1","Sep 20 - Oct 2, 2023",25.6
"Ever experienced long COVID, as a percentage of adults who ever had COVID",By State,North Carolina,North Carolina,"3,1","Sep 20 - Oct 2, 2023",26.3
"Ever experienced long COVID, as a percentage of adults who ever had COVID",By State,North Dakota,North Dakota,"3,1","Sep 20 - Oct 2, 2023",21.1
"Ever experienced long COVID, as a percentage of adults who ever had COVID",By State,Ohio,Ohio,"3,1","Sep 20 - Oct 2, 2023",27.3
"Ever experienced long COVID, as a percentage of adults who ever had COVID",By State,Oklahoma,Oklahoma,"3,1","Sep 20 - Oct 2, 2023",32.2
"Ever experienced long COVID, as a percentage of adults who ever had COVID",By State,Oregon,Oregon,"3,1","Sep 20 - Oct 2, 2023",23.3
"Ever experienced long COVID, as a percentage of adults who ever had COVID",By State,Pennsylvania,Pennsylvania,"3,1","Sep 20 - Oct 2, 2023",26.1
"Ever experienced long COVID, as a percentage of adults who ever had COVID",By State,Rhode Island,Rhode Island,"3,1","Sep 20 - Oct 2, 2023",23.4
"Ever experienced long COVID, as a percentage of adults who ever had COVID",By State,South Carolina,South Carolina,"3,1","Sep 20 - Oct 2, 2023",28.3
"Ever experienced long COVID, as a percentage of adults who ever had COVID",By State,South Dakota,South Dakota,"3,1","Sep 20 - Oct 2, 2023",29.5
"Ever experienced long COVID, as a percentage of adults who ever had COVID",By State,Tennessee,Tennessee,"3,1","Sep 20 - Oct 2, 2023",33.0
"Ever experienced long COVID, as a percentage of adults who ever had COVID",By State,Texas,Texas,"3,1","Sep 20 - Oct 2, 2023",25.4
"Ever experienced long COVID, as a percentage of adults who ever had COVID",By State,Utah,Utah,"3,1","Sep 20 - Oct 2, 2023",26.0
"Ever experienced long COVID, as a percentage of adults who ever had COVID",By State,Vermont,Vermont,"3,1","Sep 20 - Oct 2, 2023",20.1
"Ever experienced long COVID, as a percentage of adults who ever had COVID",By State,Virginia,Virginia,"3,1","Sep 20 - Oct 2, 2023",26.1
"Ever experienced long COVID, as a percentage of adults who ever had COVID",By State,Washington,Washington,"3,1","Sep 20 - Oct 2, 2023",23.9
"Ever experienced long COVID, as a percentage of adults who ever had COVID",By State,West Virginia,West Virginia,"3,1","Sep 20 - Oct 2, 2023",36.9
"Ever experienced long COVID, as a percentage of adults who ever had COVID",By State,Wisconsin,Wisconsin,"3,1","Sep 20 - Oct 2, 2023",25.3
"Ever experienced long COVID, as a percentage of adults who ever had COVID",By State,Wyoming,Wyoming,"3,1","Sep 20 - Oct 2, 2023",33.5
"Currently experiencing long COVID, as a percentage of all adults",By Age,United States,18 - 29 years,"3,1","Sep 20 - Oct 2, 2023",5.2
"Currently experiencing long COVID, as a percentage of all adults",By Age,United States,30 - 39 years,"3,1","Sep 20 - Oct 2, 2023",4.7
"Currently experiencing long COVID, as a percentage of all adults",By Age,United States,40 - 49 years,"3,1","Sep 20 - Oct 2, 2023",6.7
"Currently experiencing long COVID, as a percentage of all adults",By Age,United States,50 - 59 years,"3,1","Sep 20 - Oct 2, 2023",6.6
"Currently experiencing long COVID, as a percentage of all adults",By Age,United States,60 - 69 years,"3,1","Sep 20 - Oct 2, 2023",4.3
"Currently experiencing long COVID, as a percentage of all adults",By Age,United States,70 - 79 years,"3,1","Sep 20 - Oct 2, 2023",3.9
"Currently experiencing long COVID, as a percentage of all adults",By Age,United States,80 years and above,"3,1","Sep 20 - Oct 2, 2023",4.4
"Currently experiencing long COVID, as a percentage of all adults",By State,Alabama,Alabama,"3,1","Sep 20 - Oct 2, 2023",8.8
"Currently experiencing long COVID, as a percentage of all adults",By State,Alaska,Alaska,"3,1","Sep 20 - Oct 2, 2023",4.5
"Currently experiencing long COVID, as a percentage of all adults",By State,Arizona,Arizona,"3,1","Sep 20 - Oct 2, 2023",6.2
"Currently experiencing long COVID, as a percentage of all adults",By State,Arkansas,Arkansas,"3,1","Sep 20 - Oct 2, 2023",5.9
"Currently experiencing long COVID, as a percentage of all adults",By State,California,California,"3,1","Sep 20 - Oct 2, 2023",4.8
"Currently experiencing long COVID, as a percentage of all adults",By State,Colorado,Colorado,"3,1","Sep 20 - Oct 2, 2023",5.8
"Currently experiencing long COVID, as a percentage of all adults",By State,Connecticut,Connecticut,"3,1","Sep 20 - Oct 2, 2023",7.1
"Currently experiencing long COVID, as a percentage of all adults",By State,Delaware,Delaware,"3,1","Sep 20 - Oct 2, 2023",4.5
"Currently experiencing long COVID, as a percentage of all adults",By State,District of Columbia,District of Columbia,"3,1","Sep 20 - Oct 2, 2023",3.7
"Currently experiencing long COVID, as a percentage of all adults",By State,Florida,Florida,"3,1","Sep 20 - Oct 2, 2023",5.6
"Currently experiencing long COVID, as a percentage of all adults",By State,Georgia,Georgia,"3,1","Sep 20 - Oct 2, 2023",4.5
"Currently experiencing long COVID, as a percentage of all adults",By State,Hawaii,Hawaii,"3,1","Sep 20 - Oct 2, 2023",4.2
"Currently experiencing long COVID, as a percentage of all adults",By State,Idaho,Idaho,"3,1","Sep 20 - Oct 2, 2023",6.8
"Currently experiencing long COVID, as a percentage of all adults",By State,Illinois,Illinois,"3,1","Sep 20 - Oct 2, 2023",4.4
"Currently experiencing long COVID, as a percentage of all adults",By State,Indiana,Indiana,"3,1","Sep 20 - Oct 2, 2023",6.0
"Currently experiencing long COVID, as a percentage of all adults",By State,Iowa,Iowa,"3,1","Sep 20 - Oct 2, 2023",5.0
"Currently experiencing long COVID, as a percentage of all adults",By State,Kansas,Kansas,"3,1","Sep 20 - Oct 2, 2023",4.3
"Currently experiencing long COVID, as a percentage of all adults",By State,Kentucky,Kentucky,"3,1","Sep 20 - Oct 2, 2023",8.5
"Currently experiencing long COVID, as a percentage of all adults",By State,Louisiana,Louisiana,"3,1","Sep 20 - Oct 2, 2023",5.2
"Currently experiencing long COVID, as a percentage of all adults",By State,Maine,Maine,"3,1","Sep 20 - Oct 2, 2023",5.7
"Currently experiencing long COVID, as a percentage of all adults",By State,Maryland,Maryland,"3,1","Sep 20 - Oct 2, 2023",3.9
"Currently experiencing long COVID, as a percentage of all adults",By State,Massachusetts,Massachusetts,"3,1","Sep 20 - Oct 2, 2023",6.0
"Currently experiencing long COVID, as a percentage of all adults",By State,Michigan,Michigan,"3,1","Sep 20 - Oct 2, 2023",5.5
"Currently experiencing long COVID, as a percentage of all adults",By State,Minnesota,Minnesota,"3,1","Sep 20 - Oct 2, 2023",4.8
"Currently experiencing long COVID, as a percentage of all adults",By State,Mississippi,Mississippi,"3,1","Sep 20 - Oct 2, 2023",9.6
"Currently experiencing long COVID, as a percentage of all adults",By State,Missouri,Missouri,"3,1","Sep 20 - Oct 2, 2023",4.1
"Currently experiencing long COVID, as a percentage of all adults",By State,Montana,Montana,"3,1","Sep 20 - Oct 2, 2023",5.7
"Currently experiencing long COVID, as a percentage of all adults",By State,Nebraska,Nebraska,"3,1","Sep 20 - Oct 2, 2023",7.0
"Currently experiencing long COVID, as a percentage of all adults",By State,Nevada,Nevada,"3,1","Sep 20 - Oct 2, 2023",6.1
"Currently experiencing long COVID, as a percentage of all adults",By State,New Hampshire,New Hampshire,"3,1","Sep 20 - Oct 2, 2023",5.8
"Currently experiencing long COVID, as a percentage of all adults",By State,New Jersey,New Jersey,"3,1","Sep 20 - Oct 2, 2023",5.2
"Currently experiencing long COVID, as a percentage of all adults",By State,New Mexico,New Mexico,"3,1","Sep 20 - Oct 2, 2023",4.7
"Currently experiencing long COVID, as a percentage of all adults",By State,New York,New York,"3,1","Sep 20 - Oct 2, 2023",5.0
"Currently experiencing long COVID, as a percentage of all adults",By State,North Carolina,North Carolina,"3,1","Sep 20 - Oct 2, 2023",4.5
"Currently experiencing long COVID, as a percentage of all adults",By State,North Dakota,North Dakota,"3,1","Sep 20 - Oct 2, 2023",4.1
"Currently experiencing long COVID, as a percentage of all adults",By State,Ohio,Ohio,"3,1","Sep 20 - Oct 2, 2023",4.8
"Currently experiencing long COVID, as a percentage of all adults",By State,Oklahoma,Oklahoma,"3,1","Sep 20 - Oct 2, 2023",6.3
"Currently experiencing long COVID, as a percentage of all adults",By State,Oregon,Oregon,"3,1","Sep 20 - Oct 2, 2023",5.3
"Currently experiencing long COVID, as a percentage of all adults",By State,Pennsylvania,Pennsylvania,"3,1","Sep 20 - Oct 2, 2023",6.1
"Currently experiencing long COVID, as a percentage of all adults",By State,Rhode Island,Rhode Island,"3,1","Sep 20 - Oct 2, 2023",3.0
"Currently experiencing long COVID, as a percentage of all adults",By State,South Carolina,South Carolina,"3,1","Sep 20 - Oct 2, 2023",5.4
"Currently experiencing long COVID, as a percentage of all adults",By State,South Dakota,South Dakota,"3,1","Sep 20 - Oct 2, 2023",6.3
"Currently experiencing long COVID, as a percentage of all adults",By State,Tennessee,Tennessee,"3,1","Sep 20 - Oct 2, 2023",6.2
"Currently experiencing long COVID, as a percentage of all adults",By State,Texas,Texas,"3,1","Sep 20 - Oct 2, 2023",4.3
"Currently experiencing long COVID, as a percentage of all adults",By State,Utah,Utah,"3,1","Sep 20 - Oct 2, 2023",4.5
"Currently experiencing long COVID, as a percentage of all adults",By State,Vermont,Vermont,"3,1","Sep 20 - Oct 2, 2023",6.2
"Currently experiencing long COVID, as a percentage of all adults",By State,Virginia,Virginia,"3,1","Sep 20 - Oct 2, 2023",4.3
"Currently experiencing long COVID, as a percentage of all adults",By State,Washington,Washington,"3,1","Sep 20 - Oct 2, 2023",5.8
"Currently experiencing long COVID, as a percentage of all adults",By State,West Virginia,West Virginia,"3,1","Sep 20 - Oct 2, 2023",10.3
"Currently experiencing long COVID, as a percentage of all adults",By State,Wisconsin,Wisconsin,"3,1","Sep 20 - Oct 2, 2023",5.6
"Currently experiencing long COVID, as a percentage of all adults",By State,Wyoming,Wyoming,"3,1","Sep 20 - Oct 2, 2023",9.5
"Any activity limitations from long COVID, as a percentage of adults who currently have long COVID",By Age,United States,18 - 29 years,"3,1","Sep 20 - Oct 2, 2023",82.5
"Any activity limitations from long COVID, as a percentage of adults who currently have long COVID",By Age,United States,30 - 39 years,"3,1","Sep 20 - Oct 2, 2023",80.6
"Any activity limitations from long COVID, as a percentage of adults who currently have long COVID",By Age,United States,40 - 49 years,"3,1","Sep 20 - Oct 2, 2023",83.7
"Any activity limitations from long COVID, as a percentage of adults who currently have long COVID",By Age,United States,50 - 59 years,"3,1","Sep 20 - Oct 2, 2023",80.9
"Any activity limitations from long COVID, as a percentage of adults who currently have long COVID",By Age,United States,60 - 69 years,"3,1","Sep 20 - Oct 2, 2023",82.5
"Any activity limitations from long COVID, as a percentage of adults who currently have long COVID",By Age,United States,70 - 79 years,"3,1","Sep 20 - Oct 2, 2023",74.1
"Any activity limitations from long COVID, as a percentage of adults who currently have long COVID",By Age,United States,80 years and above,"3,1","Sep 20 - Oct 2, 2023",
"Any activity limitations from long COVID, as a percentage of adults who currently have long COVID",By State,Alabama,Alabama,"3,1","Sep 20 - Oct 2, 2023",78.4
"Any activity limitations from long COVID, as a percentage of adults who currently have long COVID",By State,Alaska,Alaska,"3,1","Sep 20 - Oct 2, 2023",
"Any activity limitations from long COVID, as a percentage of adults who currently have long COVID",By State,Arizona,Arizona,"3,1","Sep 20 - Oct 2, 2023",88.5
"Any activity limitations from long COVID, as a percentage of adults who currently have long COVID",By State,Arkansas,Arkansas,"3,1","Sep 20 - Oct 2, 2023",
"Any activity limitations from long COVID, as a percentage of adults who currently have long COVID",By State,California,California,"3,1","Sep 20 - Oct 2, 2023",79.1
"Any activity limitations from long COVID, as a percentage of adults who currently have long COVID",By State,Colorado,Colorado,"3,1","Sep 20 - Oct 2, 2023",77.4
"Any activity limitations from long COVID, as a percentage of adults who currently have long COVID",By State,Connecticut,Connecticut,"3,1","Sep 20 - Oct 2, 2023",81.1
"Any activity limitations from long COVID, as a percentage of adults who currently have long COVID",By State,Delaware,Delaware,"3,1","Sep 20 - Oct 2, 2023",
"Any activity limitations from long COVID, as a percentage of adults who currently have long COVID",By State,District of Columbia,District of Columbia,"3,1","Sep 20 - Oct 2, 2023",
"Any activity limitations from long COVID, as a percentage of adults who currently have long COVID",By State,Florida,Florida,"3,1","Sep 20 - Oct 2, 2023",83.4
"Any activity limitations from long COVID, as a percentage of adults who currently have long COVID",By State,Georgia,Georgia,"3,1","Sep 20 - Oct 2, 2023",
"Any activity limitations from long COVID, as a percentage of adults who currently have long COVID",By State,Hawaii,Hawaii,"3,1","Sep 20 - Oct 2, 2023",
"Any activity limitations from long COVID, as a percentage of adults who currently have long COVID",By State,Idaho,Idaho,"3,1","Sep 20 - Oct 2, 2023",83.2
"Any activity limitations from long COVID, as a percentage of adults who currently have long COVID",By State,Illinois,Illinois,"3,1","Sep 20 - Oct 2, 2023",
"Any activity limitations from long COVID, as a percentage of adults who currently have long COVID",By State,Indiana,Indiana,"3,1","Sep 20 - Oct 2, 2023",71.9
"Any activity limitations from long COVID, as a percentage of adults who currently have long COVID",By State,Iowa,Iowa,"3,1","Sep 20 - Oct 2, 2023",75.8
"Any activity limitations from long COVID, as a percentage of adults who currently have long COVID",By State,Kansas,Kansas,"3,1","Sep 20 - Oct 2, 2023",69.2
"Any activity limitations from long COVID, as a percentage of adults who currently have long COVID",By State,Kentucky,Kentucky,"3,1","Sep 20 - Oct 2, 2023",
"Any activity limitations from long COVID, as a percentage of adults who currently have long COVID",By State,Louisiana,Louisiana,"3,1","Sep 20 - Oct 2, 2023",
"Any activity limitations from long COVID, as a percentage of adults who currently have long COVID",By State,Maine,Maine,"3,1","Sep 20 - Oct 2, 2023",
"Any activity limitations from long COVID, as a percentage of adults who currently have long COVID",By State,Maryland,Maryland,"3,1","Sep 20 - Oct 2, 2023",64.2
"Any activity limitations from long COVID, as a percentage of adults who currently have long COVID",By State,Massachusetts,Massachusetts,"3,1","Sep 20 - Oct 2, 2023",82.8
"Any activity limitations from long COVID, as a percentage of adults who currently have long COVID",By State,Michigan,Michigan,"3,1","Sep 20 - Oct 2, 2023",81.4
"Any activity limitations from long COVID, as a percentage of adults who currently have long COVID",By State,Minnesota,Minnesota,"3,1","Sep 20 - Oct 2, 2023",73.0
"Any activity limitations from long COVID, as a percentage of adults who currently have long COVID",By State,Mississippi,Mississippi,"3,1","Sep 20 - Oct 2, 2023",77.2
"Any activity limitations from long COVID, as a percentage of adults who currently have long COVID",By State,Missouri,Missouri,"3,1","Sep 20 - Oct 2, 2023",
"Any activity limitations from long COVID, as a percentage of adults who currently have long COVID",By State,Montana,Montana,"3,1","Sep 20 - Oct 2, 2023",
"Any activity limitations from long COVID, as a percentage of adults who currently have long COVID",By State,Nebraska,Nebraska,"3,1","Sep 20 - Oct 2, 2023",
"Any activity limitations from long COVID, as a percentage of adults who currently have long COVID",By State,Nevada,Nevada,"3,1","Sep 20 - Oct 2, 2023",
"Any activity limitations from long COVID, as a percentage of adults who currently have long COVID",By State,New Hampshire,New Hampshire,"3,1","Sep 20 - Oct 2, 2023",
"Any activity limitations from long COVID, as a percentage of adults who currently have long COVID",By State,New Jersey,New Jersey,"3,1","Sep 20 - Oct 2, 2023",
"Any activity limitations from long COVID, as a percentage of adults who currently have long COVID",By State,New Mexico,New Mexico,"3,1","Sep 20 - Oct 2, 2023",
"Any activity limitations from long COVID, as a percentage of adults who currently have long COVID",By State,New York,New York,"3,1","Sep 20 - Oct 2, 2023",
"Any activity limitations from long COVID, as a percentage of adults who currently have long COVID",By State,North Carolina,North Carolina,"3,1","Sep 20 - Oct 2, 2023",
"Any activity limitations from long COVID, as a percentage of adults who currently have long COVID",By State,North Dakota,North Dakota,"3,1","Sep 20 - Oct 2, 2023",
"Any activity limitations from long COVID, as a percentage of adults who currently have long COVID",By State,Ohio,Ohio,"3,1","Sep 20 - Oct 2, 2023",86.6
"Any activity limitations from long COVID, as a percentage of adults who currently have long COVID",By State,Oklahoma,Oklahoma,"3,1","Sep 20 - Oct 2, 2023",80.8
"Any activity limitations from long COVID, as a percentage of adults who currently have long COVID",By State,Oregon,Oregon,"3,1","Sep 20 - Oct 2, 2023",79.4
"Any activity limitations from long COVID, as a percentage of adults who currently have long COVID",By State,Pennsylvania,Pennsylvania,"3,1","Sep 20 - Oct 2, 2023",84.6
"Any activity limitations from long COVID, as a percentage of adults who currently have long COVID",By State,Rhode Island,Rhode Island,"3,1","Sep 20 - Oct 2, 2023",
"Any activity limitations from long COVID, as a percentage of adults who currently have long COVID",By State,South Carolina,South Carolina,"3,1","Sep 20 - Oct 2, 2023",
"Any activity limitations from long COVID, as a percentage of adults who currently have long COVID",By State,South Dakota,South Dakota,"3,1","Sep 20 - Oct 2, 2023",
"Any activity limitations from long COVID, as a percentage of adults who currently have long COVID",By State,Tennessee,Tennessee,"3,1","Sep 20 - Oct 2, 2023",
"Any activity limitations from long COVID, as a percentage of adults who currently have long COVID",By State,Texas,Texas,"3,1","Sep 20 - Oct 2, 2023",87.6
"Any activity limitations from long COVID, as a percentage of adults who currently have long COVID",By State,Utah,Utah,"3,1","Sep 20 - Oct 2, 2023",84.3
"Any activity limitations from long COVID, as a percentage of adults who currently have long COVID",By State,Vermont,Vermont,"3,1","Sep 20 - Oct 2, 2023",
"Any activity limitations from long COVID, as a percentage of adults who currently have long COVID",By State,Virginia,Virginia,"3,1","Sep 20 - Oct 2, 2023",
"Any activity limitations from long COVID, as a percentage of adults who currently have long COVID",By State,Washington,Washington,"3,1","Sep 20 - Oct 2, 2023",
"Any activity limitations from long COVID, as a percentage of adults who currently have long COVID",By State,West Virginia,West Virginia,"3,1","Sep 20 - Oct 2, 2023",
"Any activity limitations from long COVID, as a percentage of adults who currently have long COVID",By State,Wisconsin,Wisconsin,"3,1","Sep 20 - Oct 2, 2023",
"Any activity limitations from long COVID, as a percentage of adults who currently have long COVID",By State,Wyoming,Wyoming,"3,1","Sep 20 - Oct 2, 2023",
"Ever experienced long COVID, as a percentage of adults who ever had COVID",By Age,United States,18 - 29 years,"3,1","Oct 18 - Oct 30, 2023",25.8
"Ever experienced long COVID, as a percentage of adults who ever had COVID",By Age,United States,30 - 39 years,"3,1","Oct 18 - Oct 30, 2023",26.7
"Ever experienced long COVID, as a percentage of adults who ever had COVID",By Age,United States,40 - 49 years,"3,1","Oct 18 - Oct 30, 2023",27.3
"Ever experienced long COVID, as a percentage of adults who ever had COVID",By Age,United States,50 - 59 years,"3,1","Oct 18 - Oct 30, 2023",27.1
"Ever experienced long COVID, as a percentage of adults who ever had COVID",By Age,United States,60 - 69 years,"3,1","Oct 18 - Oct 30, 2023",23.9
"Ever experienced long COVID, as a percentage of adults who ever had COVID",By Age,United States,70 - 79 years,"3,1","Oct 18 - Oct 30, 2023",20.4
"Ever experienced long COVID, as a percentage of adults who ever had COVID",By Age,United States,80 years and above,"3,1","Oct 18 - Oct 30, 2023",20.5
"Ever experienced long COVID, as a percentage of adults who ever had COVID",By State,Alabama,Alabama,"3,1","Oct 18 - Oct 30, 2023",34.1
"Ever experienced long COVID, as a percentage of adults who ever had COVID",By State,Alaska,Alaska,"3,1","Oct 18 - Oct 30, 2023",24.8
"Ever experienced long COVID, as a percentage of adults who ever had COVID",By State,Arizona,Arizona,"3,1","Oct 18 - Oct 30, 2023",29.1
"Ever experienced long COVID, as a percentage of adults who ever had COVID",By State,Arkansas,Arkansas,"3,1","Oct 18 - Oct 30, 2023",32.7
"Ever experienced long COVID, as a percentage of adults who ever had COVID",By State,California,California,"3,1","Oct 18 - Oct 30, 2023",21.7
"Ever experienced long COVID, as a percentage of adults who ever had COVID",By State,Colorado,Colorado,"3,1","Oct 18 - Oct 30, 2023",24.7
"Ever experienced long COVID, as a percentage of adults who ever had COVID",By State,Connecticut,Connecticut,"3,1","Oct 18 - Oct 30, 2023",23.8
"Ever experienced long COVID, as a percentage of adults who ever had COVID",By State,Delaware,Delaware,"3,1","Oct 18 - Oct 30, 2023",27.7
"Ever experienced long COVID, as a percentage of adults who ever had COVID",By State,District of Columbia,District of Columbia,"3,1","Oct 18 - Oct 30, 2023",17.5
"Ever experienced long COVID, as a percentage of adults who ever had COVID",By State,Florida,Florida,"3,1","Oct 18 - Oct 30, 2023",29.2
"Ever experienced long COVID, as a percentage of adults who ever had COVID",By State,Georgia,Georgia,"3,1","Oct 18 - Oct 30, 2023",24.0
"Ever experienced long COVID, as a percentage of adults who ever had COVID",By State,Hawaii,Hawaii,"3,1","Oct 18 - Oct 30, 2023",22.2
"Ever experienced long COVID, as a percentage of adults who ever had COVID",By State,Idaho,Idaho,"3,1","Oct 18 - Oct 30, 2023",28.3
"Ever experienced long COVID, as a percentage of adults who ever had COVID",By State,Illinois,Illinois,"3,1","Oct 18 - Oct 30, 2023",23.9
"Ever experienced long COVID, as a percentage of adults who ever had COVID",By State,Indiana,Indiana,"3,1","Oct 18 - Oct 30, 2023",30.3
"Ever experienced long COVID, as a percentage of adults who ever had COVID",By State,Iowa,Iowa,"3,1","Oct 18 - Oct 30, 2023",28.5
"Ever experienced long COVID, as a percentage of adults who ever had COVID",By State,Kansas,Kansas,"3,1","Oct 18 - Oct 30, 2023",27.7
"Ever experienced long COVID, as a percentage of adults who ever had COVID",By State,Kentucky,Kentucky,"3,1","Oct 18 - Oct 30, 2023",29.9
"Ever experienced long COVID, as a percentage of adults who ever had COVID",By State,Louisiana,Louisiana,"3,1","Oct 18 - Oct 30, 2023",26.5
"Ever experienced long COVID, as a percentage of adults who ever had COVID",By State,Maine,Maine,"3,1","Oct 18 - Oct 30, 2023",24.4
"Ever experienced long COVID, as a percentage of adults who ever had COVID",By State,Maryland,Maryland,"3,1","Oct 18 - Oct 30, 2023",22.7
"Ever experienced long COVID, as a percentage of adults who ever had COVID",By State,Massachusetts,Massachusetts,"3,1","Oct 18 - Oct 30, 2023",25.1
"Ever experienced long COVID, as a percentage of adults who ever had COVID",By State,Michigan,Michigan,"3,1","Oct 18 - Oct 30, 2023",25.5
"Ever experienced long COVID, as a percentage of adults who ever had COVID",By State,Minnesota,Minnesota,"3,1","Oct 18 - Oct 30, 2023",24.5
"Ever experienced long COVID, as a percentage of adults who ever had COVID",By State,Mississippi,Mississippi,"3,1","Oct 18 - Oct 30, 2023",28.2
"Ever experienced long COVID, as a percentage of adults who ever had COVID",By State,Missouri,Missouri,"3,1","Oct 18 - Oct 30, 2023",26.4
"Ever experienced long COVID, as a percentage of adults who ever had COVID",By State,Montana,Montana,"3,1","Oct 18 - Oct 30, 2023",35.3
"Ever experienced long COVID, as a percentage of adults who ever had COVID",By State,Nebraska,Nebraska,"3,1","Oct 18 - Oct 30, 2023",28.4
"Ever experienced long COVID, as a percentage of adults who ever had COVID",By State,Nevada,Nevada,"3,1","Oct 18 - Oct 30, 2023",24.9
"Ever experienced long COVID, as a percentage of adults who ever had COVID",By State,New Hampshire,New Hampshire,"3,1","Oct 18 - Oct 30, 2023",25.5
"Ever experienced long COVID, as a percentage of adults who ever had COVID",By State,New Jersey,New Jersey,"3,1","Oct 18 - Oct 30, 2023",24.0
"Ever experienced long COVID, as a percentage of adults who ever had COVID",By State,New Mexico,New Mexico,"3,1","Oct 18 - Oct 30, 2023",27.0
"Ever experienced long COVID, as a percentage of adults who ever had COVID",By State,New York,New York,"3,1","Oct 18 - Oct 30, 2023",22.4
"Ever experienced long COVID, as a percentage of adults who ever had COVID",By State,North Carolina,North Carolina,"3,1","Oct 18 - Oct 30, 2023",24.5
"Ever experienced long COVID, as a percentage of adults who ever had COVID",By State,North Dakota,North Dakota,"3,1","Oct 18 - Oct 30, 2023",31.4
"Ever experienced long COVID, as a percentage of adults who ever had COVID",By State,Ohio,Ohio,"3,1","Oct 18 - Oct 30, 2023",31.6
"Ever experienced long COVID, as a percentage of adults who ever had COVID",By State,Oklahoma,Oklahoma,"3,1","Oct 18 - Oct 30, 2023",35.6
"Ever experienced long COVID, as a percentage of adults who ever had COVID",By State,Oregon,Oregon,"3,1","Oct 18 - Oct 30, 2023",26.8
"Ever experienced long COVID, as a percentage of adults who ever had COVID",By State,Pennsylvania,Pennsylvania,"3,1","Oct 18 - Oct 30, 2023",24.2
"Ever experienced long COVID, as a percentage of adults who ever had COVID",By State,Rhode Island,Rhode Island,"3,1","Oct 18 - Oct 30, 2023",28.2
"Ever experienced long COVID, as a percentage of adults who ever had COVID",By State,South Carolina,South Carolina,"3,1","Oct 18 - Oct 30, 2023",25.2
"Ever experienced long COVID, as a percentage of adults who ever had COVID",By State,South Dakota,South Dakota,"3,1","Oct 18 - Oct 30, 2023",30.5
"Ever experienced long COVID, as a percentage of adults who ever had COVID",By State,Tennessee,Tennessee,"3,1","Oct 18 - Oct 30, 2023",28.2
"Ever experienced long COVID, as a percentage of adults who ever had COVID",By State,Texas,Texas,"3,1","Oct 18 - Oct 30, 2023",26.5
"Ever experienced long COVID, as a percentage of adults who ever had COVID",By State,Utah,Utah,"3,1","Oct 18 - Oct 30, 2023",27.0
"Ever experienced long COVID, as a percentage of adults who ever had COVID",By State,Vermont,Vermont,"3,1","Oct 18 - Oct 30, 2023",18.0
"Ever experienced long COVID, as a percentage of adults who ever had COVID",By State,Virginia,Virginia,"3,1","Oct 18 - Oct 30, 2023",22.2
"Ever experienced long COVID, as a percentage of adults who ever had COVID",By State,Washington,Washington,"3,1","Oct 18 - Oct 30, 2023",22.3
"Ever experienced long COVID, as a percentage of adults who ever had COVID",By State,West Virginia,West Virginia,"3,1","Oct 18 - Oct 30, 2023",31.8
"Ever experienced long COVID, as a percentage of adults who ever had COVID",By State,Wisconsin,Wisconsin,"3,1","Oct 18 - Oct 30, 2023",25.4
"Ever experienced long COVID, as a percentage of adults who ever had COVID",By State,Wyoming,Wyoming,"3,1","Oct 18 - Oct 30, 2023",30.8
"Currently experiencing long COVID, as a percentage of all adults",By Age,United States,18 - 29 years,"3,1","Oct 18 - Oct 30, 2023",5.4
"Currently experiencing long COVID, as a percentage of all adults",By Age,United States,30 - 39 years,"3,1","Oct 18 - Oct 30, 2023",5.4
"Currently experiencing long COVID, as a percentage of all adults",By Age,United States,40 - 49 years,"3,1","Oct 18 - Oct 30, 2023",6.5
"Currently experiencing long COVID, as a percentage of all adults",By Age,United States,50 - 59 years,"3,1","Oct 18 - Oct 30, 2023",6.1
"Currently experiencing long COVID, as a percentage of all adults",By Age,United States,60 - 69 years,"3,1","Oct 18 - Oct 30, 2023",4.7
"Currently experiencing long COVID, as a percentage of all adults",By Age,United States,70 - 79 years,"3,1","Oct 18 - Oct 30, 2023",3.6
"Currently experiencing long COVID, as a percentage of all adults",By Age,United States,80 years and above,"3,1","Oct 18 - Oct 30, 2023",2.8
"Currently experiencing long COVID, as a percentage of all adults",By State,Alabama,Alabama,"3,1","Oct 18 - Oct 30, 2023",6.8
"Currently experiencing long COVID, as a percentage of all adults",By State,Alaska,Alaska,"3,1","Oct 18 - Oct 30, 2023",5.4
"Currently experiencing long COVID, as a percentage of all adults",By State,Arizona,Arizona,"3,1","Oct 18 - Oct 30, 2023",5.9
"Currently experiencing long COVID, as a percentage of all adults",By State,Arkansas,Arkansas,"3,1","Oct 18 - Oct 30, 2023",6.7
"Currently experiencing long COVID, as a percentage of all adults",By State,California,California,"3,1","Oct 18 - Oct 30, 2023",5.5
"Currently experiencing long COVID, as a percentage of all adults",By State,Colorado,Colorado,"3,1","Oct 18 - Oct 30, 2023",5.4
"Currently experiencing long COVID, as a percentage of all adults",By State,Connecticut,Connecticut,"3,1","Oct 18 - Oct 30, 2023",5.3
"Currently experiencing long COVID, as a percentage of all adults",By State,Delaware,Delaware,"3,1","Oct 18 - Oct 30, 2023",5.3
"Currently experiencing long COVID, as a percentage of all adults",By State,District of Columbia,District of Columbia,"3,1","Oct 18 - Oct 30, 2023",
"Currently experiencing long COVID, as a percentage of all adults",By State,Florida,Florida,"3,1","Oct 18 - Oct 30, 2023",5.0
"Currently experiencing long COVID, as a percentage of all adults",By State,Georgia,Georgia,"3,1","Oct 18 - Oct 30, 2023",5.9
"Currently experiencing long COVID, as a percentage of all adults",By State,Hawaii,Hawaii,"3,1","Oct 18 - Oct 30, 2023",6.6
"Currently experiencing long COVID, as a percentage of all adults",By State,Idaho,Idaho,"3,1","Oct 18 - Oct 30, 2023",6.1
"Currently experiencing long COVID, as a percentage of all adults",By State,Illinois,Illinois,"3,1","Oct 18 - Oct 30, 2023",4.3
"Currently experiencing long COVID, as a percentage of all adults",By State,Indiana,Indiana,"3,1","Oct 18 - Oct 30, 2023",6.4
"Currently experiencing long COVID, as a percentage of all adults",By State,Iowa,Iowa,"3,1","Oct 18 - Oct 30, 2023",5.9
"Currently experiencing long COVID, as a percentage of all adults",By State,Kansas,Kansas,"3,1","Oct 18 - Oct 30, 2023",5.8
"Currently experiencing long COVID, as a percentage of all adults",By State,Kentucky,Kentucky,"3,1","Oct 18 - Oct 30, 2023",5.3
"Currently experiencing long COVID, as a percentage of all adults",By State,Louisiana,Louisiana,"3,1","Oct 18 - Oct 30, 2023",6.2
"Currently experiencing long COVID, as a percentage of all adults",By State,Maine,Maine,"3,1","Oct 18 - Oct 30, 2023",5.7
"Currently experiencing long COVID, as a percentage of all adults",By State,Maryland,Maryland,"3,1","Oct 18 - Oct 30, 2023",3.9
"Currently experiencing long COVID, as a percentage of all adults",By State,Massachusetts,Massachusetts,"3,1","Oct 18 - Oct 30, 2023",5.4
"Currently experiencing long COVID, as a percentage of all adults",By State,Michigan,Michigan,"3,1","Oct 18 - Oct 30, 2023",5.8
"Currently experiencing long COVID, as a percentage of all adults",By State,Minnesota,Minnesota,"3,1","Oct 18 - Oct 30, 2023",4.5
"Currently experiencing long COVID, as a percentage of all adults",By State,Mississippi,Mississippi,"3,1","Oct 18 - Oct 30, 2023",7.4
"Currently experiencing long COVID, as a percentage of all adults",By State,Missouri,Missouri,"3,1","Oct 18 - Oct 30, 2023",4.9
"Currently experiencing long COVID, as a percentage of all adults",By State,Montana,Montana,"3,1","Oct 18 - Oct 30, 2023",7.2
"Currently experiencing long COVID, as a percentage of all adults",By State,Nebraska,Nebraska,"3,1","Oct 18 - Oct 30, 2023",5.3
"Currently experiencing long COVID, as a percentage of all adults",By State,Nevada,Nevada,"3,1","Oct 18 - Oct 30, 2023",4.9
"Currently experiencing long COVID, as a percentage of all adults",By State,New Hampshire,New Hampshire,"3,1","Oct 18 - Oct 30, 2023",6.4
"Currently experiencing long COVID, as a percentage of all adults",By State,New Jersey,New Jersey,"3,1","Oct 18 - Oct 30, 2023",4.6
"Currently experiencing long COVID, as a percentage of all adults",By State,New Mexico,New Mexico,"3,1","Oct 18 - Oct 30, 2023",5.3
"Currently experiencing long COVID, as a percentage of all adults",By State,New York,New York,"3,1","Oct 18 - Oct 30, 2023",4.3
"Currently experiencing long COVID, as a percentage of all adults",By State,North Carolina,North Carolina,"3,1","Oct 18 - Oct 30, 2023",4.3
"Currently experiencing long COVID, as a percentage of all adults",By State,North Dakota,North Dakota,"3,1","Oct 18 - Oct 30, 2023",6.6
"Currently experiencing long COVID, as a percentage of all adults",By State,Ohio,Ohio,"3,1","Oct 18 - Oct 30, 2023",4.8
"Currently experiencing long COVID, as a percentage of all adults",By State,Oklahoma,Oklahoma,"3,1","Oct 18 - Oct 30, 2023",6.8
"Currently experiencing long COVID, as a percentage of all adults",By State,Oregon,Oregon,"3,1","Oct 18 - Oct 30, 2023",6.8
"Currently experiencing long COVID, as a percentage of all adults",By State,Pennsylvania,Pennsylvania,"3,1","Oct 18 - Oct 30, 2023",4.9
"Currently experiencing long COVID, as a percentage of all adults",By State,Rhode Island,Rhode Island,"3,1","Oct 18 - Oct 30, 2023",5.2
"Currently experiencing long COVID, as a percentage of all adults",By State,South Carolina,South Carolina,"3,1","Oct 18 - Oct 30, 2023",5.1
"Currently experiencing long COVID, as a percentage of all adults",By State,South Dakota,South Dakota,"3,1","Oct 18 - Oct 30, 2023",5.8
"Currently experiencing long COVID, as a percentage of all adults",By State,Tennessee,Tennessee,"3,1","Oct 18 - Oct 30, 2023",8.0
"Currently experiencing long COVID, as a percentage of all adults",By State,Texas,Texas,"3,1","Oct 18 - Oct 30, 2023",5.2
"Currently experiencing long COVID, as a percentage of all adults",By State,Utah,Utah,"3,1","Oct 18 - Oct 30, 2023",6.3
"Currently experiencing long COVID, as a percentage of all adults",By State,Vermont,Vermont,"3,1","Oct 18 - Oct 30, 2023",4.0
"Currently experiencing long COVID, as a percentage of all adults",By State,Virginia,Virginia,"3,1","Oct 18 - Oct 30, 2023",4.2
"Currently experiencing long COVID, as a percentage of all adults",By State,Washington,Washington,"3,1","Oct 18 - Oct 30, 2023",5.2
"Currently experiencing long COVID, as a percentage of all adults",By State,West Virginia,West Virginia,"3,1","Oct 18 - Oct 30, 2023",6.7
"Currently experiencing long COVID, as a percentage of all adults",By State,Wisconsin,Wisconsin,"3,1","Oct 18 - Oct 30, 2023",5.8
"Currently experiencing long COVID, as a percentage of all adults",By State,Wyoming,Wyoming,"3,1","Oct 18 - Oct 30, 2023",4.7
"Any activity limitations from long COVID, as a percentage of adults who currently have long COVID",By Age,United States,18 - 29 years,"3,1","Oct 18 - Oct 30, 2023",81.2
"Any activity limitations from long COVID, as a percentage of adults who currently have long COVID",By Age,United States,30 - 39 years,"3,1","Oct 18 - Oct 30, 2023",86.8
"Any activity limitations from long COVID, as a percentage of adults who currently have long COVID",By Age,United States,40 - 49 years,"3,1","Oct 18 - Oct 30, 2023",84.1
"Any activity limitations from long COVID, as a percentage of adults who currently have long COVID",By Age,United States,50 - 59 years,"3,1","Oct 18 - Oct 30, 2023",83.0
"Any activity limitations from long COVID, as a percentage of adults who currently have long COVID",By Age,United States,60 - 69 years,"3,1","Oct 18 - Oct 30, 2023",81.1
"Any activity limitations from long COVID, as a percentage of adults who currently have long COVID",By Age,United States,70 - 79 years,"3,1","Oct 18 - Oct 30, 2023",75.0
"Any activity limitations from long COVID, as a percentage of adults who currently have long COVID",By Age,United States,80 years and above,"3,1","Oct 18 - Oct 30, 2023",
"Any activity limitations from long COVID, as a percentage of adults who currently have long COVID",By State,Alabama,Alabama,"3,1","Oct 18 - Oct 30, 2023",
"Any activity limitations from long COVID, as a percentage of adults who currently have long COVID",By State,Alaska,Alaska,"3,1","Oct 18 - Oct 30, 2023",
"Any activity limitations from long COVID, as a percentage of adults who currently have long COVID",By State,Arizona,Arizona,"3,1","Oct 18 - Oct 30, 2023",79.2
"Any activity limitations from long COVID, as a percentage of adults who currently have long COVID",By State,Arkansas,Arkansas,"3,1","Oct 18 - Oct 30, 2023",85.1
"Any activity limitations from long COVID, as a percentage of adults who currently have long COVID",By State,California,California,"3,1","Oct 18 - Oct 30, 2023",86.3
"Any activity limitations from long COVID, as a percentage of adults who currently have long COVID",By State,Colorado,Colorado,"3,1","Oct 18 - Oct 30, 2023",84.2
"Any activity limitations from long COVID, as a percentage of adults who currently have long COVID",By State,Connecticut,Connecticut,"3,1","Oct 18 - Oct 30, 2023",81.9
"Any activity limitations from long COVID, as a percentage of adults who currently have long COVID",By State,Delaware,Delaware,"3,1","Oct 18 - Oct 30, 2023",
"Any activity limitations from long COVID, as a percentage of adults who currently have long COVID",By State,District of Columbia,District of Columbia,"3,1","Oct 18 - Oct 30, 2023",
"Any activity limitations from long COVID, as a percentage of adults who currently have long COVID",By State,Florida,Florida,"3,1","Oct 18 - Oct 30, 2023",88.5
"Any activity limitations from long COVID, as a percentage of adults who currently have long COVID",By State,Georgia,Georgia,"3,1","Oct 18 - Oct 30, 2023",83.3
"Any activity limitations from long COVID, as a percentage of adults who currently have long COVID",By State,Hawaii,Hawaii,"3,1","Oct 18 - Oct 30, 2023",
"Any activity limitations from long COVID, as a percentage of adults who currently have long COVID",By State,Idaho,Idaho,"3,1","Oct 18 - Oct 30, 2023",86.8
"Any activity limitations from long COVID, as a percentage of adults who currently have long COVID",By State,Illinois,Illinois,"3,1","Oct 18 - Oct 30, 2023",73.3
"Any activity limitations from long COVID, as a percentage of adults who currently have long COVID",By State,Indiana,Indiana,"3,1","Oct 18 - Oct 30, 2023",84.6
"Any activity limitations from long COVID, as a percentage of adults who currently have long COVID",By State,Iowa,Iowa,"3,1","Oct 18 - Oct 30, 2023",79.6
"Any activity limitations from long COVID, as a percentage of adults who currently have long COVID",By State,Kansas,Kansas,"3,1","Oct 18 - Oct 30, 2023",
"Any activity limitations from long COVID, as a percentage of adults who currently have long COVID",By State,Kentucky,Kentucky,"3,1","Oct 18 - Oct 30, 2023",77.2
"Any activity limitations from long COVID, as a percentage of adults who currently have long COVID",By State,Louisiana,Louisiana,"3,1","Oct 18 - Oct 30, 2023",
"Any activity limitations from long COVID, as a percentage of adults who currently have long COVID",By State,Maine,Maine,"3,1","Oct 18 - Oct 30, 2023",
"Any activity limitations from long COVID, as a percentage of adults who currently have long COVID",By State,Maryland,Maryland,"3,1","Oct 18 - Oct 30, 2023",
"Any activity limitations from long COVID, as a percentage of adults who currently have long COVID",By State,Massachusetts,Massachusetts,"3,1","Oct 18 - Oct 30, 2023",86.0
"Any activity limitations from long COVID, as a percentage of adults who currently have long COVID",By State,Michigan,Michigan,"3,1","Oct 18 - Oct 30, 2023",79.4
"Any activity limitations from long COVID, as a percentage of adults who currently have long COVID",By State,Minnesota,Minnesota,"3,1","Oct 18 - Oct 30, 2023",79.0
"Any activity limitations from long COVID, as a percentage of adults who currently have long COVID",By State,Mississippi,Mississippi,"3,1","Oct 18 - Oct 30, 2023",85.6
"Any activity limitations from long COVID, as a percentage of adults who currently have long COVID",By State,Missouri,Missouri,"3,1","Oct 18 - Oct 30, 2023",78.8
"Any activity limitations from long COVID, as a percentage of adults who currently have long COVID",By State,Montana,Montana,"3,1","Oct 18 - Oct 30, 2023",82.0
"Any activity limitations from long COVID, as a percentage of adults who currently have long COVID",By State,Nebraska,Nebraska,"3,1","Oct 18 - Oct 30, 2023",
"Any activity limitations from long COVID, as a percentage of adults who currently have long COVID",By State,Nevada,Nevada,"3,1","Oct 18 - Oct 30, 2023",77.4
"Any activity limitations from long COVID, as a percentage of adults who currently have long COVID",By State,New Hampshire,New Hampshire,"3,1","Oct 18 - Oct 30, 2023",
"Any activity limitations from long COVID, as a percentage of adults who currently have long COVID",By State,New Jersey,New Jersey,"3,1","Oct 18 - Oct 30, 2023",
"Any activity limitations from long COVID, as a percentage of adults who currently have long COVID",By State,New Mexico,New Mexico,"3,1","Oct 18 - Oct 30, 2023",
"Any activity limitations from long COVID, as a percentage of adults who currently have long COVID",By State,New York,New York,"3,1","Oct 18 - Oct 30, 2023",76.5
"Any activity limitations from long COVID, as a percentage of adults who currently have long COVID",By State,North Carolina,North Carolina,"3,1","Oct 18 - Oct 30, 2023",76.1
"Any activity limitations from long COVID, as a percentage of adults who currently have long COVID",By State,North Dakota,North Dakota,"3,1","Oct 18 - Oct 30, 2023",79.7
"Any activity limitations from long COVID, as a percentage of adults who currently have long COVID",By State,Ohio,Ohio,"3,1","Oct 18 - Oct 30, 2023",
"Any activity limitations from long COVID, as a percentage of adults who currently have long COVID",By State,Oklahoma,Oklahoma,"3,1","Oct 18 - Oct 30, 2023",81.2
"Any activity limitations from long COVID, as a percentage of adults who currently have long COVID",By State,Oregon,Oregon,"3,1","Oct 18 - Oct 30, 2023",
"Any activity limitations from long COVID, as a percentage of adults who currently have long COVID",By State,Pennsylvania,Pennsylvania,"3,1","Oct 18 - Oct 30, 2023",
"Any activity limitations from long COVID, as a percentage of adults who currently have long COVID",By State,Rhode Island,Rhode Island,"3,1","Oct 18 - Oct 30, 2023",
"Any activity limitations from long COVID, as a percentage of adults who currently have long COVID",By State,South Carolina,South Carolina,"3,1","Oct 18 - Oct 30, 2023",
"Any activity limitations from long COVID, as a percentage of adults who currently have long COVID",By State,South Dakota,South Dakota,"3,1","Oct 18 - Oct 30, 2023",
"Any activity limitations from long COVID, as a percentage of adults who currently have long COVID",By State,Tennessee,Tennessee,"3,1","Oct 18 - Oct 30, 2023",73.5
"Any activity limitations from long COVID, as a percentage of adults who currently have long COVID",By State,Texas,Texas,"3,1","Oct 18 - Oct 30, 2023",85.5
"Any activity limitations from long COVID, as a percentage of adults who currently have long COVID",By State,Utah,Utah,"3,1","Oct 18 - Oct 30, 2023",79.7
"Any activity limitations from long COVID, as a percentage of adults who currently have long COVID",By State,Vermont,Vermont,"3,1","Oct 18 - Oct 30, 2023",
"Any activity limitations from long COVID, as a percentage of adults who currently have long COVID",By State,Virginia,Virginia,"3,1","Oct 18 - Oct 30, 2023",85.3
"Any activity limitations from long COVID, as a percentage of adults who currently have long COVID",By State,Washington,Washington,"3,1","Oct 18 - Oct 30, 2023",82.2
"Any activity limitations from long COVID, as a percentage of adults who currently have long COVID",By State,West Virginia,West Virginia,"3,1","Oct 18 - Oct 30, 2023",
"Any activity limitations from long COVID, as a percentage of adults who currently have long COVID",By State,Wisconsin,Wisconsin,"3,1","Oct 18 - Oct 30, 2023",
"Any activity limitations from long COVID, as a percentage of adults who currently have long COVID",By State,Wyoming,Wyoming,"3,1","Oct 18 - Oct 30, 2023",
"Ever experienced long COVID, as a percentage of adults who ever had COVID",By Age,United States,18 - 29 years,-1,"Nov 27, 2023 - Jan 8, 2024",
"Ever experienced long COVID, as a percentage of adults who ever had COVID",By Age,United States,30 - 39 years,-1,"Nov 27, 2023 - Jan 8, 2024",
"Ever experienced long COVID, as a percentage of adults who ever had COVID",By Age,United States,40 - 49 years,-1,"Nov 27, 2023 - Jan 8, 2024",
"Ever experienced long COVID, as a percentage of adults who ever had COVID",By Age,United States,50 - 59 years,-1,"Nov 27, 2023 - Jan 8, 2024",
"Ever experienced long COVID, as a percentage of adults who ever had COVID",By Age,United States,60 - 69 years,-1,"Nov 27, 2023 - Jan 8, 2024",
"Ever experienced long COVID, as a percentage of adults who ever had COVID",By Age,United States,70 - 79 years,-1,"Nov 27, 2023 - Jan 8, 2024",
"Ever experienced long COVID, as a percentage of adults who ever had COVID",By Age,United States,80 years and above,-1,"Nov 27, 2023 - Jan 8, 2024",
"Ever experienced long COVID, as a percentage of adults who ever had COVID",By Age,United States,18 - 29 years,4,"Jan 9 - Feb 5, 2024",29.7
"Ever experienced long COVID, as a percentage of adults who ever had COVID",By Age,United States,30 - 39 years,4,"Jan 9 - Feb 5, 2024",31.6
"Ever experienced long COVID, as a percentage of adults who ever had COVID",By Age,United States,40 - 49 years,4,"Jan 9 - Feb 5, 2024",32.7
"Ever experienced long COVID, as a percentage of adults who ever had COVID",By Age,United States,50 - 59 years,4,"Jan 9 - Feb 5, 2024",32.5
"Ever experienced long COVID, as a percentage of adults who ever had COVID",By Age,United States,60 - 69 years,4,"Jan 9 - Feb 5, 2024",29.1
"Ever experienced long COVID, as a percentage of adults who ever had COVID",By Age,United States,70 - 79 years,4,"Jan 9 - Feb 5, 2024",23.3
"Ever experienced long COVID, as a percentage of adults who ever had COVID",By Age,United States,80 years and above,4,"Jan 9 - Feb 5, 2024",23.0
"Ever experienced long COVID, as a percentage of adults who ever had COVID",By State,Alabama,Alabama,4,"Jan 9 - Feb 5, 2024",35.0
"Ever experienced long COVID, as a percentage of adults who ever had COVID",By State,Alaska,Alaska,4,"Jan 9 - Feb 5, 2024",30.5
"Ever experienced long COVID, as a percentage of adults who ever had COVID",By State,Arizona,Arizona,4,"Jan 9 - Feb 5, 2024",29.8
"Ever experienced long COVID, as a percentage of adults who ever had COVID",By State,Arkansas,Arkansas,4,"Jan 9 - Feb 5, 2024",39.6
"Ever experienced long COVID, as a percentage of adults who ever had COVID",By State,California,California,4,"Jan 9 - Feb 5, 2024",29.2
"Ever experienced long COVID, as a percentage of adults who ever had COVID",By State,Colorado,Colorado,4,"Jan 9 - Feb 5, 2024",27.8
"Ever experienced long COVID, as a percentage of adults who ever had COVID",By State,Connecticut,Connecticut,4,"Jan 9 - Feb 5, 2024",28.9
"Ever experienced long COVID, as a percentage of adults who ever had COVID",By State,Delaware,Delaware,4,"Jan 9 - Feb 5, 2024",26.9
"Ever experienced long COVID, as a percentage of adults who ever had COVID",By State,District of Columbia,District of Columbia,4,"Jan 9 - Feb 5, 2024",19.7
"Ever experienced long COVID, as a percentage of adults who ever had COVID",By State,Florida,Florida,4,"Jan 9 - Feb 5, 2024",29.5
"Ever experienced long COVID, as a percentage of adults who ever had COVID",By State,Georgia,Georgia,4,"Jan 9 - Feb 5, 2024",30.9
"Ever experienced long COVID, as a percentage of adults who ever had COVID",By State,Hawaii,Hawaii,4,"Jan 9 - Feb 5, 2024",19.6
"Ever experienced long COVID, as a percentage of adults who ever had COVID",By State,Idaho,Idaho,4,"Jan 9 - Feb 5, 2024",33.7
"Ever experienced long COVID, as a percentage of adults who ever had COVID",By State,Illinois,Illinois,4,"Jan 9 - Feb 5, 2024",31.5
"Ever experienced long COVID, as a percentage of adults who ever had COVID",By State,Indiana,Indiana,4,"Jan 9 - Feb 5, 2024",30.1
"Ever experienced long COVID, as a percentage of adults who ever had COVID",By State,Iowa,Iowa,4,"Jan 9 - Feb 5, 2024",27.8
"Ever experienced long COVID, as a percentage of adults who ever had COVID",By State,Kansas,Kansas,4,"Jan 9 - Feb 5, 2024",32.3
"Ever experienced long COVID, as a percentage of adults who ever had COVID",By State,Kentucky,Kentucky,4,"Jan 9 - Feb 5, 2024",38.9
"Ever experienced long COVID, as a percentage of adults who ever had COVID",By State,Louisiana,Louisiana,4,"Jan 9 - Feb 5, 2024",29.4
"Ever experienced long COVID, as a percentage of adults who ever had COVID",By State,Maine,Maine,4,"Jan 9 - Feb 5, 2024",33.9
"Ever experienced long COVID, as a percentage of adults who ever had COVID",By State,Maryland,Maryland,4,"Jan 9 - Feb 5, 2024",26.8
"Ever experienced long COVID, as a percentage of adults who ever had COVID",By State,Massachusetts,Massachusetts,4,"Jan 9 - Feb 5, 2024",23.5
"Ever experienced long COVID, as a percentage of adults who ever had COVID",By State,Michigan,Michigan,4,"Jan 9 - Feb 5, 2024",31.5
"Ever experienced long COVID, as a percentage of adults who ever had COVID",By State,Minnesota,Minnesota,4,"Jan 9 - Feb 5, 2024",27.1
"Ever experienced long COVID, as a percentage of adults who ever had COVID",By State,Mississippi,Mississippi,4,"Jan 9 - Feb 5, 2024",39.0
"Ever experienced long COVID, as a percentage of adults who ever had COVID",By State,Missouri,Missouri,4,"Jan 9 - Feb 5, 2024",30.2
"Ever experienced long COVID, as a percentage of adults who ever had COVID",By State,Montana,Montana,4,"Jan 9 - Feb 5, 2024",38.0
"Ever experienced long COVID, as a percentage of adults who ever had COVID",By State,Nebraska,Nebraska,4,"Jan 9 - Feb 5, 2024",30.5
"Ever experienced long COVID, as a percentage of adults who ever had COVID",By State,Nevada,Nevada,4,"Jan 9 - Feb 5, 2024",33.7
"Ever experienced long COVID, as a percentage of adults who ever had COVID",By State,New Hampshire,New Hampshire,4,"Jan 9 - Feb 5, 2024",29.3
"Ever experienced long COVID, as a percentage of adults who ever had COVID",By State,New Jersey,New Jersey,4,"Jan 9 - Feb 5, 2024",26.3
"Ever experienced long COVID, as a percentage of adults who ever had COVID",By State,New Mexico,New Mexico,4,"Jan 9 - Feb 5, 2024",36.7
"Ever experienced long COVID, as a percentage of adults who ever had COVID",By State,New York,New York,4,"Jan 9 - Feb 5, 2024",26.2
"Ever experienced long COVID, as a percentage of adults who ever had COVID",By State,North Carolina,North Carolina,4,"Jan 9 - Feb 5, 2024",33.4
"Ever experienced long COVID, as a percentage of adults who ever had COVID",By State,North Dakota,North Dakota,4,"Jan 9 - Feb 5, 2024",34.9
"Ever experienced long COVID, as a percentage of adults who ever had COVID",By State,Ohio,Ohio,4,"Jan 9 - Feb 5, 2024",34.9
"Ever experienced long COVID, as a percentage of adults who ever had COVID",By State,Oklahoma,Oklahoma,4,"Jan 9 - Feb 5, 2024",37.0
"Ever experienced long COVID, as a percentage of adults who ever had COVID",By State,Oregon,Oregon,4,"Jan 9 - Feb 5, 2024",31.9
"Ever experienced long COVID, as a percentage of adults who ever had COVID",By State,Pennsylvania,Pennsylvania,4,"Jan 9 - Feb 5, 2024",27.1
"Ever experienced long COVID, as a percentage of adults who ever had COVID",By State,Rhode Island,Rhode Island,4,"Jan 9 - Feb 5, 2024",28.4
"Ever experienced long COVID, as a percentage of adults who ever had COVID",By State,South Carolina,South Carolina,4,"Jan 9 - Feb 5, 2024",33.0
"Ever experienced long COVID, as a percentage of adults who ever had COVID",By State,South Dakota,South Dakota,4,"Jan 9 - Feb 5, 2024",35.8
"Ever experienced long COVID, as a percentage of adults who ever had COVID",By State,Tennessee,Tennessee,4,"Jan 9 - Feb 5, 2024",34.0
"Ever experienced long COVID, as a percentage of adults who ever had COVID",By State,Texas,Texas,4,"Jan 9 - Feb 5, 2024",33.1
"Ever experienced long COVID, as a percentage of adults who ever had COVID",By State,Utah,Utah,4,"Jan 9 - Feb 5, 2024",34.0
"Ever experienced long COVID, as a percentage of adults who ever had COVID",By State,Vermont,Vermont,4,"Jan 9 - Feb 5, 2024",20.9
"Ever experienced long COVID, as a percentage of adults who ever had COVID",By State,Virginia,Virginia,4,"Jan 9 - Feb 5, 2024",24.7
"Ever experienced long COVID, as a percentage of adults who ever had COVID",By State,Washington,Washington,4,"Jan 9 - Feb 5, 2024",30.4
"Ever experienced long COVID, as a percentage of adults who ever had COVID",By State,West Virginia,West Virginia,4,"Jan 9 - Feb 5, 2024",45.6
"Ever experienced long COVID, as a percentage of adults who ever had COVID",By State,Wisconsin,Wisconsin,4,"Jan 9 - Feb 5, 2024",24.2
"Ever experienced long COVID, as a percentage of adults who ever had COVID",By State,Wyoming,Wyoming,4,"Jan 9 - Feb 5, 2024",35.1
"Currently experiencing long COVID, as a percentage of all adults",By Age,United States,18 - 29 years,-1,"Nov 27, 2023 - Jan 8, 2024",
"Currently experiencing long COVID, as a percentage of all adults",By Age,United States,30 - 39 years,-1,"Nov 27, 2023 - Jan 8, 2024",
"Currently experiencing long COVID, as a percentage of all adults",By Age,United States,40 - 49 years,-1,"Nov 27, 2023 - Jan 8, 2024",
"Currently experiencing long COVID, as a percentage of all adults",By Age,United States,50 - 59 years,-1,"Nov 27, 2023 - Jan 8, 2024",
"Currently experiencing long COVID, as a percentage of all adults",By Age,United States,60 - 69 years,-1,"Nov 27, 2023 - Jan 8, 2024",
"Currently experiencing long COVID, as a percentage of all adults",By Age,United States,70 - 79 years,-1,"Nov 27, 2023 - Jan 8, 2024",
"Currently experiencing long COVID, as a percentage of all adults",By Age,United States,80 years and above,-1,"Nov 27, 2023 - Jan 8, 2024",
"Currently experiencing long COVID, as a percentage of all adults",By Age,United States,18 - 29 years,4,"Jan 9 - Feb 5, 2024",6.6
"Currently experiencing long COVID, as a percentage of all adults",By Age,United States,30 - 39 years,4,"Jan 9 - Feb 5, 2024",7.3
"Currently experiencing long COVID, as a percentage of all adults",By Age,United States,40 - 49 years,4,"Jan 9 - Feb 5, 2024",8.1
"Currently experiencing long COVID, as a percentage of all adults",By Age,United States,50 - 59 years,4,"Jan 9 - Feb 5, 2024",7.7
"Currently experiencing long COVID, as a percentage of all adults",By Age,United States,60 - 69 years,4,"Jan 9 - Feb 5, 2024",6.4
"Currently experiencing long COVID, as a percentage of all adults",By Age,United States,70 - 79 years,4,"Jan 9 - Feb 5, 2024",4.3
"Currently experiencing long COVID, as a percentage of all adults",By Age,United States,80 years and above,4,"Jan 9 - Feb 5, 2024",3.8
"Currently experiencing long COVID, as a percentage of all adults",By State,Alabama,Alabama,4,"Jan 9 - Feb 5, 2024",7.9
"Currently experiencing long COVID, as a percentage of all adults",By State,Alaska,Alaska,4,"Jan 9 - Feb 5, 2024",9.2
"Currently experiencing long COVID, as a percentage of all adults",By State,Arizona,Arizona,4,"Jan 9 - Feb 5, 2024",6.3
"Currently experiencing long COVID, as a percentage of all adults",By State,Arkansas,Arkansas,4,"Jan 9 - Feb 5, 2024",8.0
"Currently experiencing long COVID, as a percentage of all adults",By State,California,California,4,"Jan 9 - Feb 5, 2024",6.8
"Currently experiencing long COVID, as a percentage of all adults",By State,Colorado,Colorado,4,"Jan 9 - Feb 5, 2024",6.4
"Currently experiencing long COVID, as a percentage of all adults",By State,Connecticut,Connecticut,4,"Jan 9 - Feb 5, 2024",6.3
"Currently experiencing long COVID, as a percentage of all adults",By State,Delaware,Delaware,4,"Jan 9 - Feb 5, 2024",4.9
"Currently experiencing long COVID, as a percentage of all adults",By State,District of Columbia,District of Columbia,4,"Jan 9 - Feb 5, 2024",4.5
"Currently experiencing long COVID, as a percentage of all adults",By State,Florida,Florida,4,"Jan 9 - Feb 5, 2024",6.3
"Currently experiencing long COVID, as a percentage of all adults",By State,Georgia,Georgia,4,"Jan 9 - Feb 5, 2024",7.6
"Currently experiencing long COVID, as a percentage of all adults",By State,Hawaii,Hawaii,4,"Jan 9 - Feb 5, 2024",3.6
"Currently experiencing long COVID, as a percentage of all adults",By State,Idaho,Idaho,4,"Jan 9 - Feb 5, 2024",6.5
"Currently experiencing long COVID, as a percentage of all adults",By State,Illinois,Illinois,4,"Jan 9 - Feb 5, 2024",6.6
"Currently experiencing long COVID, as a percentage of all adults",By State,Indiana,Indiana,4,"Jan 9 - Feb 5, 2024",7.7
"Currently experiencing long COVID, as a percentage of all adults",By State,Iowa,Iowa,4,"Jan 9 - Feb 5, 2024",6.3
"Currently experiencing long COVID, as a percentage of all adults",By State,Kansas,Kansas,4,"Jan 9 - Feb 5, 2024",6.6
"Currently experiencing long COVID, as a percentage of all adults",By State,Kentucky,Kentucky,4,"Jan 9 - Feb 5, 2024",9.3
"Currently experiencing long COVID, as a percentage of all adults",By State,Louisiana,Louisiana,4,"Jan 9 - Feb 5, 2024",4.9
"Currently experiencing long COVID, as a percentage of all adults",By State,Maine,Maine,4,"Jan 9 - Feb 5, 2024",9.2
"Currently experiencing long COVID, as a percentage of all adults",By State,Maryland,Maryland,4,"Jan 9 - Feb 5, 2024",5.5
"Currently experiencing long COVID, as a percentage of all adults",By State,Massachusetts,Massachusetts,4,"Jan 9 - Feb 5, 2024",4.9
"Currently experiencing long COVID, as a percentage of all adults",By State,Michigan,Michigan,4,"Jan 9 - Feb 5, 2024",8.3
"Currently experiencing long COVID, as a percentage of all adults",By State,Minnesota,Minnesota,4,"Jan 9 - Feb 5, 2024",8.2
"Currently experiencing long COVID, as a percentage of all adults",By State,Mississippi,Mississippi,4,"Jan 9 - Feb 5, 2024",7.1
"Currently experiencing long COVID, as a percentage of all adults",By State,Missouri,Missouri,4,"Jan 9 - Feb 5, 2024",8.2
"Currently experiencing long COVID, as a percentage of all adults",By State,Montana,Montana,4,"Jan 9 - Feb 5, 2024",8.2
"Currently experiencing long COVID, as a percentage of all adults",By State,Nebraska,Nebraska,4,"Jan 9 - Feb 5, 2024",7.4
"Currently experiencing long COVID, as a percentage of all adults",By State,Nevada,Nevada,4,"Jan 9 - Feb 5, 2024",5.9
"Currently experiencing long COVID, as a percentage of all adults",By State,New Hampshire,New Hampshire,4,"Jan 9 - Feb 5, 2024",8.5
"Currently experiencing long COVID, as a percentage of all adults",By State,New Jersey,New Jersey,4,"Jan 9 - Feb 5, 2024",6.4
"Currently experiencing long COVID, as a percentage of all adults",By State,New Mexico,New Mexico,4,"Jan 9 - Feb 5, 2024",6.6
"Currently experiencing long COVID, as a percentage of all adults",By State,New York,New York,4,"Jan 9 - Feb 5, 2024",7.2
"Currently experiencing long COVID, as a percentage of all adults",By State,North Carolina,North Carolina,4,"Jan 9 - Feb 5, 2024",8.6
"Currently experiencing long COVID, as a percentage of all adults",By State,North Dakota,North Dakota,4,"Jan 9 - Feb 5, 2024",12.1
"Currently experiencing long COVID, as a percentage of all adults",By State,Ohio,Ohio,4,"Jan 9 - Feb 5, 2024",6.0
"Currently experiencing long COVID, as a percentage of all adults",By State,Oklahoma,Oklahoma,4,"Jan 9 - Feb 5, 2024",8.5
"Currently experiencing long COVID, as a percentage of all adults",By State,Oregon,Oregon,4,"Jan 9 - Feb 5, 2024",7.6
"Currently experiencing long COVID, as a percentage of all adults",By State,Pennsylvania,Pennsylvania,4,"Jan 9 - Feb 5, 2024",4.0
"Currently experiencing long COVID, as a percentage of all adults",By State,Rhode Island,Rhode Island,4,"Jan 9 - Feb 5, 2024",5.6
"Currently experiencing long COVID, as a percentage of all adults",By State,South Carolina,South Carolina,4,"Jan 9 - Feb 5, 2024",6.9
"Currently experiencing long COVID, as a percentage of all adults",By State,South Dakota,South Dakota,4,"Jan 9 - Feb 5, 2024",8.4
"Currently experiencing long COVID, as a percentage of all adults",By State,Tennessee,Tennessee,4,"Jan 9 - Feb 5, 2024",7.4
"Currently experiencing long COVID, as a percentage of all adults",By State,Texas,Texas,4,"Jan 9 - Feb 5, 2024",6.6
"Currently experiencing long COVID, as a percentage of all adults",By State,Utah,Utah,4,"Jan 9 - Feb 5, 2024",6.6
"Currently experiencing long COVID, as a percentage of all adults",By State,Vermont,Vermont,4,"Jan 9 - Feb 5, 2024",7.7
"Currently experiencing long COVID, as a percentage of all adults",By State,Virginia,Virginia,4,"Jan 9 - Feb 5, 2024",5.6
"Currently experiencing long COVID, as a percentage of all adults",By State,Washington,Washington,4,"Jan 9 - Feb 5, 2024",7.4
"Currently experiencing long COVID, as a percentage of all adults",By State,West Virginia,West Virginia,4,"Jan 9 - Feb 5, 2024",9.2
"Currently experiencing long COVID, as a percentage of all adults",By State,Wisconsin,Wisconsin,4,"Jan 9 - Feb 5, 2024",5.0
"Currently experiencing long COVID, as a percentage of all adults",By State,Wyoming,Wyoming,4,"Jan 9 - Feb 5, 2024",4.7
"Any activity limitations from long COVID, as a percentage of adults who currently have long COVID",By Age,United States,18 - 29 years,-1,"Nov 27, 2023 - Jan 8, 2024",
"Any activity limitations from long COVID, as a percentage of adults who currently have long COVID",By Age,United States,30 - 39 years,-1,"Nov 27, 2023 - Jan 8, 2024",
"Any activity limitations from long COVID, as a percentage of adults who currently have long COVID",By Age,United States,40 - 49 years,-1,"Nov 27, 2023 - Jan 8, 2024",
"Any activity limitations from long COVID, as a percentage of adults who currently have long COVID",By Age,United States,50 - 59 years,-1,"Nov 27, 2023 - Jan 8, 2024",
"Any activity limitations from long COVID, as a percentage of adults who currently have long COVID",By Age,United States,60 - 69 years,-1,"Nov 27, 2023 - Jan 8, 2024",
"Any activity limitations from long COVID, as a percentage of adults who currently have long COVID",By Age,United States,70 - 79 years,-1,"Nov 27, 2023 - Jan 8, 2024",
"Any activity limitations from long COVID, as a percentage of adults who currently have long COVID",By Age,United States,80 years and above,-1,"Nov 27, 2023 - Jan 8, 2024",
"Any activity limitations from long COVID, as a percentage of adults who currently have long COVID",By Age,United States,18 - 29 years,4,"Jan 9 - Feb 5, 2024",78.1
"Any activity limitations from long COVID, as a percentage of adults who currently have long COVID",By Age,United States,30 - 39 years,4,"Jan 9 - Feb 5, 2024",80.4
"Any activity limitations from long COVID, as a percentage of adults who currently have long COVID",By Age,United States,40 - 49 years,4,"Jan 9 - Feb 5, 2024",80.4
"Any activity limitations from long COVID, as a percentage of adults who currently have long COVID",By Age,United States,50 - 59 years,4,"Jan 9 - Feb 5, 2024",80.6
"Any activity limitations from long COVID, as a percentage of adults who currently have long COVID",By Age,United States,60 - 69 years,4,"Jan 9 - Feb 5, 2024",76.5
"Any activity limitations from long COVID, as a percentage of adults who currently have long COVID",By Age,United States,70 - 79 years,4,"Jan 9 - Feb 5, 2024",70.8
"Any activity limitations from long COVID, as a percentage of adults who currently have long COVID",By Age,United States,80 years and above,4,"Jan 9 - Feb 5, 2024",
"Any activity limitations from long COVID, as a percentage of adults who currently have long COVID",By State,Alabama,Alabama,4,"Jan 9 - Feb 5, 2024",75.8
"Any activity limitations from long COVID, as a percentage of adults who currently have long COVID",By State,Alaska,Alaska,4,"Jan 9 - Feb 5, 2024",
"Any activity limitations from long COVID, as a percentage of adults who currently have long COVID",By State,Arizona,Arizona,4,"Jan 9 - Feb 5, 2024",78.1
"Any activity limitations from long COVID, as a percentage of adults who currently have long COVID",By State,Arkansas,Arkansas,4,"Jan 9 - Feb 5, 2024",
"Any activity limitations from long COVID, as a percentage of adults who currently have long COVID",By State,California,California,4,"Jan 9 - Feb 5, 2024",71.0
"Any activity limitations from long COVID, as a percentage of adults who currently have long COVID",By State,Colorado,Colorado,4,"Jan 9 - Feb 5, 2024",85.3
"Any activity limitations from long COVID, as a percentage of adults who currently have long COVID",By State,Connecticut,Connecticut,4,"Jan 9 - Feb 5, 2024",
"Any activity limitations from long COVID, as a percentage of adults who currently have long COVID",By State,Delaware,Delaware,4,"Jan 9 - Feb 5, 2024",
"Any activity limitations from long COVID, as a percentage of adults who currently have long COVID",By State,District of Columbia,District of Columbia,4,"Jan 9 - Feb 5, 2024",
"Any activity limitations from long COVID, as a percentage of adults who currently have long COVID",By State,Florida,Florida,4,"Jan 9 - Feb 5, 2024",
"Any activity limitations from long COVID, as a percentage of adults who currently have long COVID",By State,Georgia,Georgia,4,"Jan 9 - Feb 5, 2024",85.1
"Any activity limitations from long COVID, as a percentage of adults who currently have long COVID",By State,Hawaii,Hawaii,4,"Jan 9 - Feb 5, 2024",
"Any activity limitations from long COVID, as a percentage of adults who currently have long COVID",By State,Idaho,Idaho,4,"Jan 9 - Feb 5, 2024",
"Any activity limitations from long COVID, as a percentage of adults who currently have long COVID",By State,Illinois,Illinois,4,"Jan 9 - Feb 5, 2024",77.8
"Any activity limitations from long COVID, as a percentage of adults who currently have long COVID",By State,Indiana,Indiana,4,"Jan 9 - Feb 5, 2024",79.8
"Any activity limitations from long COVID, as a percentage of adults who currently have long COVID",By State,Iowa,Iowa,4,"Jan 9 - Feb 5, 2024",78.4
"Any activity limitations from long COVID, as a percentage of adults who currently have long COVID",By State,Kansas,Kansas,4,"Jan 9 - Feb 5, 2024",
"Any activity limitations from long COVID, as a percentage of adults who currently have long COVID",By State,Kentucky,Kentucky,4,"Jan 9 - Feb 5, 2024",84.8
"Any activity limitations from long COVID, as a percentage of adults who currently have long COVID",By State,Louisiana,Louisiana,4,"Jan 9 - Feb 5, 2024",
"Any activity limitations from long COVID, as a percentage of adults who currently have long COVID",By State,Maine,Maine,4,"Jan 9 - Feb 5, 2024",
"Any activity limitations from long COVID, as a percentage of adults who currently have long COVID",By State,Maryland,Maryland,4,"Jan 9 - Feb 5, 2024",
"Any activity limitations from long COVID, as a percentage of adults who currently have long COVID",By State,Massachusetts,Massachusetts,4,"Jan 9 - Feb 5, 2024",77.0
"Any activity limitations from long COVID, as a percentage of adults who currently have long COVID",By State,Michigan,Michigan,4,"Jan 9 - Feb 5, 2024",75.2
"Any activity limitations from long COVID, as a percentage of adults who currently have long COVID",By State,Minnesota,Minnesota,4,"Jan 9 - Feb 5, 2024",
"Any activity limitations from long COVID, as a percentage of adults who currently have long COVID",By State,Mississippi,Mississippi,4,"Jan 9 - Feb 5, 2024",
"Any activity limitations from long COVID, as a percentage of adults who currently have long COVID",By State,Missouri,Missouri,4,"Jan 9 - Feb 5, 2024",
"Any activity limitations from long COVID, as a percentage of adults who currently have long COVID",By State,Montana,Montana,4,"Jan 9 - Feb 5, 2024",
"Any activity limitations from long COVID, as a percentage of adults who currently have long COVID",By State,Nebraska,Nebraska,4,"Jan 9 - Feb 5, 2024",76.6
"Any activity limitations from long COVID, as a percentage of adults who currently have long COVID",By State,Nevada,Nevada,4,"Jan 9 - Feb 5, 2024",
"Any activity limitations from long COVID, as a percentage of adults who currently have long COVID",By State,New Hampshire,New Hampshire,4,"Jan 9 - Feb 5, 2024",
"Any activity limitations from long COVID, as a percentage of adults who currently have long COVID",By State,New Jersey,New Jersey,4,"Jan 9 - Feb 5, 2024",
"Any activity limitations from long COVID, as a percentage of adults who currently have long COVID",By State,New Mexico,New Mexico,4,"Jan 9 - Feb 5, 2024",
"Any activity limitations from long COVID, as a percentage of adults who currently have long COVID",By State,New York,New York,4,"Jan 9 - Feb 5, 2024",78.0
"Any activity limitations from long COVID, as a percentage of adults who currently have long COVID",By State,North Carolina,North Carolina,4,"Jan 9 - Feb 5, 2024",
"Any activity limitations from long COVID, as a percentage of adults who currently have long COVID",By State,North Dakota,North Dakota,4,"Jan 9 - Feb 5, 2024",
"Any activity limitations from long COVID, as a percentage of adults who currently have long COVID",By State,Ohio,Ohio,4,"Jan 9 - Feb 5, 2024",
"Any activity limitations from long COVID, as a percentage of adults who currently have long COVID",By State,Oklahoma,Oklahoma,4,"Jan 9 - Feb 5, 2024",85.5
"Any activity limitations from long COVID, as a percentage of adults who currently have long COVID",By State,Oregon,Oregon,4,"Jan 9 - Feb 5, 2024",83.2
"Any activity limitations from long COVID, as a percentage of adults who currently have long COVID",By State,Pennsylvania,Pennsylvania,4,"Jan 9 - Feb 5, 2024",79.9
"Any activity limitations from long COVID, as a percentage of adults who currently have long COVID",By State,Rhode Island,Rhode Island,4,"Jan 9 - Feb 5, 2024",
"Any activity limitations from long COVID, as a percentage of adults who currently have long COVID",By State,South Carolina,South Carolina,4,"Jan 9 - Feb 5, 2024",
"Any activity limitations from long COVID, as a percentage of adults who currently have long COVID",By State,South Dakota,South Dakota,4,"Jan 9 - Feb 5, 2024",
"Any activity limitations from long COVID, as a percentage of adults who currently have long COVID",By State,Tennessee,Tennessee,4,"Jan 9 - Feb 5, 2024",80.3
"Any activity limitations from long COVID, as a percentage of adults who currently have long COVID",By State,Texas,Texas,4,"Jan 9 - Feb 5, 2024",82.9
"Any activity limitations from long COVID, as a percentage of adults who currently have long COVID",By State,Utah,Utah,4,"Jan 9 - Feb 5, 2024",88.1
"Any activity limitations from long COVID, as a percentage of adults who currently have long COVID",By State,Vermont,Vermont,4,"Jan 9 - Feb 5, 2024",
"Any activity limitations from long COVID, as a percentage of adults who currently have long COVID",By State,Virginia,Virginia,4,"Jan 9 - Feb 5, 2024",
"Any activity limitations from long COVID, as a percentage of adults who currently have long COVID",By State,Washington,Washington,4,"Jan 9 - Feb 5, 2024",73.5
"Any activity limitations from long COVID, as a percentage of adults who currently have long COVID",By State,West Virginia,West Virginia,4,"Jan 9 - Feb 5, 2024",79.3
"Any activity limitations from long COVID, as a percentage of adults who currently have long COVID",By State,Wisconsin,Wisconsin,4,"Jan 9 - Feb 5, 2024",
"Any activity limitations from long COVID, as a percentage of adults who currently have long COVID",By State,Wyoming,Wyoming,4,"Jan 9 - Feb 5, 2024",
"Ever experienced long COVID, as a percentage of adults who ever had COVID",By Age,United States,18 - 29 years,4,"Feb 6 - Mar 4, 2024",31.0
"Ever experienced long COVID, as a percentage of adults who ever had COVID",By Age,United States,30 - 39 years,4,"Feb 6 - Mar 4, 2024",28.8
"Ever experienced long COVID, as a percentage of adults who ever had COVID",By Age,United States,40 - 49 years,4,"Feb 6 - Mar 4, 2024",32.4
"Ever experienced long COVID, as a percentage of adults who ever had COVID",By Age,United States,50 - 59 years,4,"Feb 6 - Mar 4, 2024",32.1
"Ever experienced long COVID, as a percentage of adults who ever had COVID",By Age,United States,60 - 69 years,4,"Feb 6 - Mar 4, 2024",29.5
"Ever experienced long COVID, as a percentage of adults who ever had COVID",By Age,United States,70 - 79 years,4,"Feb 6 - Mar 4, 2024",23.7
"Ever experienced long COVID, as a percentage of adults who ever had COVID",By Age,United States,80 years and above,4,"Feb 6 - Mar 4, 2024",23.4
"Ever experienced long COVID, as a percentage of adults who ever had COVID",By State,Alabama,Alabama,4,"Feb 6 - Mar 4, 2024",37.2
"Ever experienced long COVID, as a percentage of adults who ever had COVID",By State,Alaska,Alaska,4,"Feb 6 - Mar 4, 2024",26.2
"Ever experienced long COVID, as a percentage of adults who ever had COVID",By State,Arizona,Arizona,4,"Feb 6 - Mar 4, 2024",30.6
"Ever experienced long COVID, as a percentage of adults who ever had COVID",By State,Arkansas,Arkansas,4,"Feb 6 - Mar 4, 2024",33.8
"Ever experienced long COVID, as a percentage of adults who ever had COVID",By State,California,California,4,"Feb 6 - Mar 4, 2024",29.9
"Ever experienced long COVID, as a percentage of adults who ever had COVID",By State,Colorado,Colorado,4,"Feb 6 - Mar 4, 2024",25.8
"Ever experienced long COVID, as a percentage of adults who ever had COVID",By State,Connecticut,Connecticut,4,"Feb 6 - Mar 4, 2024",28.1
"Ever experienced long COVID, as a percentage of adults who ever had COVID",By State,Delaware,Delaware,4,"Feb 6 - Mar 4, 2024",25.8
"Ever experienced long COVID, as a percentage of adults who ever had COVID",By State,District of Columbia,District of Columbia,4,"Feb 6 - Mar 4, 2024",17.0
"Ever experienced long COVID, as a percentage of adults who ever had COVID",By State,Florida,Florida,4,"Feb 6 - Mar 4, 2024",29.2
"Ever experienced long COVID, as a percentage of adults who ever had COVID",By State,Georgia,Georgia,4,"Feb 6 - Mar 4, 2024",33.1
"Ever experienced long COVID, as a percentage of adults who ever had COVID",By State,Hawaii,Hawaii,4,"Feb 6 - Mar 4, 2024",26.0
"Ever experienced long COVID, as a percentage of adults who ever had COVID",By State,Idaho,Idaho,4,"Feb 6 - Mar 4, 2024",32.5
"Ever experienced long COVID, as a percentage of adults who ever had COVID",By State,Illinois,Illinois,4,"Feb 6 - Mar 4, 2024",29.5
"Ever experienced long COVID, as a percentage of adults who ever had COVID",By State,Indiana,Indiana,4,"Feb 6 - Mar 4, 2024",32.5
"Ever experienced long COVID, as a percentage of adults who ever had COVID",By State,Iowa,Iowa,4,"Feb 6 - Mar 4, 2024",29.8
"Ever experienced long COVID, as a percentage of adults who ever had COVID",By State,Kansas,Kansas,4,"Feb 6 - Mar 4, 2024",30.5
"Ever experienced long COVID, as a percentage of adults who ever had COVID",By State,Kentucky,Kentucky,4,"Feb 6 - Mar 4, 2024",36.8
"Ever experienced long COVID, as a percentage of adults who ever had COVID",By State,Louisiana,Louisiana,4,"Feb 6 - Mar 4, 2024",39.6
"Ever experienced long COVID, as a percentage of adults who ever had COVID",By State,Maine,Maine,4,"Feb 6 - Mar 4, 2024",24.3
"Ever experienced long COVID, as a percentage of adults who ever had COVID",By State,Maryland,Maryland,4,"Feb 6 - Mar 4, 2024",29.1
"Ever experienced long COVID, as a percentage of adults who ever had COVID",By State,Massachusetts,Massachusetts,4,"Feb 6 - Mar 4, 2024",20.6
"Ever experienced long COVID, as a percentage of adults who ever had COVID",By State,Michigan,Michigan,4,"Feb 6 - Mar 4, 2024",33.5
"Ever experienced long COVID, as a percentage of adults who ever had COVID",By State,Minnesota,Minnesota,4,"Feb 6 - Mar 4, 2024",24.5
"Ever experienced long COVID, as a percentage of adults who ever had COVID",By State,Mississippi,Mississippi,4,"Feb 6 - Mar 4, 2024",38.5
"Ever experienced long COVID, as a percentage of adults who ever had COVID",By State,Missouri,Missouri,4,"Feb 6 - Mar 4, 2024",32.5
"Ever experienced long COVID, as a percentage of adults who ever had COVID",By State,Montana,Montana,4,"Feb 6 - Mar 4, 2024",31.0
"Ever experienced long COVID, as a percentage of adults who ever had COVID",By State,Nebraska,Nebraska,4,"Feb 6 - Mar 4, 2024",30.1
"Ever experienced long COVID, as a percentage of adults who ever had COVID",By State,Nevada,Nevada,4,"Feb 6 - Mar 4, 2024",33.4
"Ever experienced long COVID, as a percentage of adults who ever had COVID",By State,New Hampshire,New Hampshire,4,"Feb 6 - Mar 4, 2024",22.4
"Ever experienced long COVID, as a percentage of adults who ever had COVID",By State,New Jersey,New Jersey,4,"Feb 6 - Mar 4, 2024",21.7
"Ever experienced long COVID, as a percentage of adults who ever had COVID",By State,New Mexico,New Mexico,4,"Feb 6 - Mar 4, 2024",34.0
"Ever experienced long COVID, as a percentage of adults who ever had COVID",By State,New York,New York,4,"Feb 6 - Mar 4, 2024",28.2
"Ever experienced long COVID, as a percentage of adults who ever had COVID",By State,North Carolina,North Carolina,4,"Feb 6 - Mar 4, 2024",27.6
"Ever experienced long COVID, as a percentage of adults who ever had COVID",By State,North Dakota,North Dakota,4,"Feb 6 - Mar 4, 2024",33.1
"Ever experienced long COVID, as a percentage of adults who ever had COVID",By State,Ohio,Ohio,4,"Feb 6 - Mar 4, 2024",29.4
"Ever experienced long COVID, as a percentage of adults who ever had COVID",By State,Oklahoma,Oklahoma,4,"Feb 6 - Mar 4, 2024",39.3
"Ever experienced long COVID, as a percentage of adults who ever had COVID",By State,Oregon,Oregon,4,"Feb 6 - Mar 4, 2024",24.5
"Ever experienced long COVID, as a percentage of adults who ever had COVID",By State,Pennsylvania,Pennsylvania,4,"Feb 6 - Mar 4, 2024",33.3
"Ever experienced long COVID, as a percentage of adults who ever had COVID",By State,Rhode Island,Rhode Island,4,"Feb 6 - Mar 4, 2024",21.5
"Ever experienced long COVID, as a percentage of adults who ever had COVID",By State,South Carolina,South Carolina,4,"Feb 6 - Mar 4, 2024",34.6
"Ever experienced long COVID, as a percentage of adults who ever had COVID",By State,South Dakota,South Dakota,4,"Feb 6 - Mar 4, 2024",38.3
"Ever experienced long COVID, as a percentage of adults who ever had COVID",By State,Tennessee,Tennessee,4,"Feb 6 - Mar 4, 2024",33.4
"Ever experienced long COVID, as a percentage of adults who ever had COVID",By State,Texas,Texas,4,"Feb 6 - Mar 4, 2024",28.7
"Ever experienced long COVID, as a percentage of adults who ever had COVID",By State,Utah,Utah,4,"Feb 6 - Mar 4, 2024",29.3
"Ever experienced long COVID, as a percentage of adults who ever had COVID",By State,Vermont,Vermont,4,"Feb 6 - Mar 4, 2024",27.1
"Ever experienced long COVID, as a percentage of adults who ever had COVID",By State,Virginia,Virginia,4,"Feb 6 - Mar 4, 2024",28.5
"Ever experienced long COVID, as a percentage of adults who ever had COVID",By State,Washington,Washington,4,"Feb 6 - Mar 4, 2024",29.1
"Ever experienced long COVID, as a percentage of adults who ever had COVID",By State,West Virginia,West Virginia,4,"Feb 6 - Mar 4, 2024",41.8
"Ever experienced long COVID, as a percentage of adults who ever had COVID",By State,Wisconsin,Wisconsin,4,"Feb 6 - Mar 4, 2024",29.7
"Ever experienced long COVID, as a percentage of adults who ever had COVID",By State,Wyoming,Wyoming,4,"Feb 6 - Mar 4, 2024",32.7
"Currently experiencing long COVID, as a percentage of all adults",By Age,United States,18 - 29 years,4,"Feb 6 - Mar 4, 2024",7.8
"Currently experiencing long COVID, as a percentage of all adults",By Age,United States,30 - 39 years,4,"Feb 6 - Mar 4, 2024",6.2
"Currently experiencing long COVID, as a percentage of all adults",By Age,United States,40 - 49 years,4,"Feb 6 - Mar 4, 2024",7.4
"Currently experiencing long COVID, as a percentage of all adults",By Age,United States,50 - 59 years,4,"Feb 6 - Mar 4, 2024",7.9
"Currently experiencing long COVID, as a percentage of all adults",By Age,United States,60 - 69 years,4,"Feb 6 - Mar 4, 2024",6.2
"Currently experiencing long COVID, as a percentage of all adults",By Age,United States,70 - 79 years,4,"Feb 6 - Mar 4, 2024",5.0
"Currently experiencing long COVID, as a percentage of all adults",By Age,United States,80 years and above,4,"Feb 6 - Mar 4, 2024",4.6
"Currently experiencing long COVID, as a percentage of all adults",By State,Alabama,Alabama,4,"Feb 6 - Mar 4, 2024",8.3
"Currently experiencing long COVID, as a percentage of all adults",By State,Alaska,Alaska,4,"Feb 6 - Mar 4, 2024",7.7
"Currently experiencing long COVID, as a percentage of all adults",By State,Arizona,Arizona,4,"Feb 6 - Mar 4, 2024",6.4
"Currently experiencing long COVID, as a percentage of all adults",By State,Arkansas,Arkansas,4,"Feb 6 - Mar 4, 2024",6.5
"Currently experiencing long COVID, as a percentage of all adults",By State,California,California,4,"Feb 6 - Mar 4, 2024",7.2
"Currently experiencing long COVID, as a percentage of all adults",By State,Colorado,Colorado,4,"Feb 6 - Mar 4, 2024",6.0
"Currently experiencing long COVID, as a percentage of all adults",By State,Connecticut,Connecticut,4,"Feb 6 - Mar 4, 2024",6.4
"Currently experiencing long COVID, as a percentage of all adults",By State,Delaware,Delaware,4,"Feb 6 - Mar 4, 2024",5.2
"Currently experiencing long COVID, as a percentage of all adults",By State,District of Columbia,District of Columbia,4,"Feb 6 - Mar 4, 2024",4.1
"Currently experiencing long COVID, as a percentage of all adults",By State,Florida,Florida,4,"Feb 6 - Mar 4, 2024",6.7
"Currently experiencing long COVID, as a percentage of all adults",By State,Georgia,Georgia,4,"Feb 6 - Mar 4, 2024",7.5
"Currently experiencing long COVID, as a percentage of all adults",By State,Hawaii,Hawaii,4,"Feb 6 - Mar 4, 2024",4.9
"Currently experiencing long COVID, as a percentage of all adults",By State,Idaho,Idaho,4,"Feb 6 - Mar 4, 2024",6.0
"Currently experiencing long COVID, as a percentage of all adults",By State,Illinois,Illinois,4,"Feb 6 - Mar 4, 2024",6.3
"Currently experiencing long COVID, as a percentage of all adults",By State,Indiana,Indiana,4,"Feb 6 - Mar 4, 2024",7.1
"Currently experiencing long COVID, as a percentage of all adults",By State,Iowa,Iowa,4,"Feb 6 - Mar 4, 2024",6.3
"Currently experiencing long COVID, as a percentage of all adults",By State,Kansas,Kansas,4,"Feb 6 - Mar 4, 2024",8.8
"Currently experiencing long COVID, as a percentage of all adults",By State,Kentucky,Kentucky,4,"Feb 6 - Mar 4, 2024",7.6
"Currently experiencing long COVID, as a percentage of all adults",By State,Louisiana,Louisiana,4,"Feb 6 - Mar 4, 2024",5.8
"Currently experiencing long COVID, as a percentage of all adults",By State,Maine,Maine,4,"Feb 6 - Mar 4, 2024",5.9
"Currently experiencing long COVID, as a percentage of all adults",By State,Maryland,Maryland,4,"Feb 6 - Mar 4, 2024",5.4
"Currently experiencing long COVID, as a percentage of all adults",By State,Massachusetts,Massachusetts,4,"Feb 6 - Mar 4, 2024",5.2
"Currently experiencing long COVID, as a percentage of all adults",By State,Michigan,Michigan,4,"Feb 6 - Mar 4, 2024",6.9
"Currently experiencing long COVID, as a percentage of all adults",By State,Minnesota,Minnesota,4,"Feb 6 - Mar 4, 2024",5.8
"Currently experiencing long COVID, as a percentage of all adults",By State,Mississippi,Mississippi,4,"Feb 6 - Mar 4, 2024",5.1
"Currently experiencing long COVID, as a percentage of all adults",By State,Missouri,Missouri,4,"Feb 6 - Mar 4, 2024",7.2
"Currently experiencing long COVID, as a percentage of all adults",By State,Montana,Montana,4,"Feb 6 - Mar 4, 2024",8.0
"Currently experiencing long COVID, as a percentage of all adults",By State,Nebraska,Nebraska,4,"Feb 6 - Mar 4, 2024",7.7
"Currently experiencing long COVID, as a percentage of all adults",By State,Nevada,Nevada,4,"Feb 6 - Mar 4, 2024",8.3
"Currently experiencing long COVID, as a percentage of all adults",By State,New Hampshire,New Hampshire,4,"Feb 6 - Mar 4, 2024",5.5
"Currently experiencing long COVID, as a percentage of all adults",By State,New Jersey,New Jersey,4,"Feb 6 - Mar 4, 2024",4.4
"Currently experiencing long COVID, as a percentage of all adults",By State,New Mexico,New Mexico,4,"Feb 6 - Mar 4, 2024",6.1
"Currently experiencing long COVID, as a percentage of all adults",By State,New York,New York,4,"Feb 6 - Mar 4, 2024",6.8
"Currently experiencing long COVID, as a percentage of all adults",By State,North Carolina,North Carolina,4,"Feb 6 - Mar 4, 2024",7.7
"Currently experiencing long COVID, as a percentage of all adults",By State,North Dakota,North Dakota,4,"Feb 6 - Mar 4, 2024",5.7
"Currently experiencing long COVID, as a percentage of all adults",By State,Ohio,Ohio,4,"Feb 6 - Mar 4, 2024",6.7
"Currently experiencing long COVID, as a percentage of all adults",By State,Oklahoma,Oklahoma,4,"Feb 6 - Mar 4, 2024",8.4
"Currently experiencing long COVID, as a percentage of all adults",By State,Oregon,Oregon,4,"Feb 6 - Mar 4, 2024",5.9
"Currently experiencing long COVID, as a percentage of all adults",By State,Pennsylvania,Pennsylvania,4,"Feb 6 - Mar 4, 2024",5.5
"Currently experiencing long COVID, as a percentage of all adults",By State,Rhode Island,Rhode Island,4,"Feb 6 - Mar 4, 2024",4.4
"Currently experiencing long COVID, as a percentage of all adults",By State,South Carolina,South Carolina,4,"Feb 6 - Mar 4, 2024",6.1
"Currently experiencing long COVID, as a percentage of all adults",By State,South Dakota,South Dakota,4,"Feb 6 - Mar 4, 2024",7.4
"Currently experiencing long COVID, as a percentage of all adults",By State,Tennessee,Tennessee,4,"Feb 6 - Mar 4, 2024",6.4
"Currently experiencing long COVID, as a percentage of all adults",By State,Texas,Texas,4,"Feb 6 - Mar 4, 2024",6.9
"Currently experiencing long COVID, as a percentage of all adults",By State,Utah,Utah,4,"Feb 6 - Mar 4, 2024",8.9
"Currently experiencing long COVID, as a percentage of all adults",By State,Vermont,Vermont,4,"Feb 6 - Mar 4, 2024",10.4
"Currently experiencing long COVID, as a percentage of all adults",By State,Virginia,Virginia,4,"Feb 6 - Mar 4, 2024",5.6
"Currently experiencing long COVID, as a percentage of all adults",By State,Washington,Washington,4,"Feb 6 - Mar 4, 2024",8.7
"Currently experiencing long COVID, as a percentage of all adults",By State,West Virginia,West Virginia,4,"Feb 6 - Mar 4, 2024",9.3
"Currently experiencing long COVID, as a percentage of all adults",By State,Wisconsin,Wisconsin,4,"Feb 6 - Mar 4, 2024",7.4
"Currently experiencing long COVID, as a percentage of all adults",By State,Wyoming,Wyoming,4,"Feb 6 - Mar 4, 2024",6.0
"Any activity limitations from long COVID, as a percentage of adults who currently have long COVID",By Age,United States,18 - 29 years,4,"Feb 6 - Mar 4, 2024",76.1
"Any activity limitations from long COVID, as a percentage of adults who currently have long COVID",By Age,United States,30 - 39 years,4,"Feb 6 - Mar 4, 2024",80.5
"Any activity limitations from long COVID, as a percentage of adults who currently have long COVID",By Age,United States,40 - 49 years,4,"Feb 6 - Mar 4, 2024",83.0
"Any activity limitations from long COVID, as a percentage of adults who currently have long COVID",By Age,United States,50 - 59 years,4,"Feb 6 - Mar 4, 2024",79.4
"Any activity limitations from long COVID, as a percentage of adults who currently have long COVID",By Age,United States,60 - 69 years,4,"Feb 6 - Mar 4, 2024",82.3
"Any activity limitations from long COVID, as a percentage of adults who currently have long COVID",By Age,United States,70 - 79 years,4,"Feb 6 - Mar 4, 2024",69.2
"Any activity limitations from long COVID, as a percentage of adults who currently have long COVID",By Age,United States,80 years and above,4,"Feb 6 - Mar 4, 2024",82.5
"Any activity limitations from long COVID, as a percentage of adults who currently have long COVID",By State,Alabama,Alabama,4,"Feb 6 - Mar 4, 2024",
"Any activity limitations from long COVID, as a percentage of adults who currently have long COVID",By State,Alaska,Alaska,4,"Feb 6 - Mar 4, 2024",
"Any activity limitations from long COVID, as a percentage of adults who currently have long COVID",By State,Arizona,Arizona,4,"Feb 6 - Mar 4, 2024",
"Any activity limitations from long COVID, as a percentage of adults who currently have long COVID",By State,Arkansas,Arkansas,4,"Feb 6 - Mar 4, 2024",
"Any activity limitations from long COVID, as a percentage of adults who currently have long COVID",By State,California,California,4,"Feb 6 - Mar 4, 2024",75.0
"Any activity limitations from long COVID, as a percentage of adults who currently have long COVID",By State,Colorado,Colorado,4,"Feb 6 - Mar 4, 2024",83.2
"Any activity limitations from long COVID, as a percentage of adults who currently have long COVID",By State,Connecticut,Connecticut,4,"Feb 6 - Mar 4, 2024",
"Any activity limitations from long COVID, as a percentage of adults who currently have long COVID",By State,Delaware,Delaware,4,"Feb 6 - Mar 4, 2024",
"Any activity limitations from long COVID, as a percentage of adults who currently have long COVID",By State,District of Columbia,District of Columbia,4,"Feb 6 - Mar 4, 2024",
"Any activity limitations from long COVID, as a percentage of adults who currently have long COVID",By State,Florida,Florida,4,"Feb 6 - Mar 4, 2024",81.3
"Any activity limitations from long COVID, as a percentage of adults who currently have long COVID",By State,Georgia,Georgia,4,"Feb 6 - Mar 4, 2024",87.0
"Any activity limitations from long COVID, as a percentage of adults who currently have long COVID",By State,Hawaii,Hawaii,4,"Feb 6 - Mar 4, 2024",
"Any activity limitations from long COVID, as a percentage of adults who currently have long COVID",By State,Idaho,Idaho,4,"Feb 6 - Mar 4, 2024",71.5
"Any activity limitations from long COVID, as a percentage of adults who currently have long COVID",By State,Illinois,Illinois,4,"Feb 6 - Mar 4, 2024",80.0
"Any activity limitations from long COVID, as a percentage of adults who currently have long COVID",By State,Indiana,Indiana,4,"Feb 6 - Mar 4, 2024",74.7
"Any activity limitations from long COVID, as a percentage of adults who currently have long COVID",By State,Iowa,Iowa,4,"Feb 6 - Mar 4, 2024",
"Any activity limitations from long COVID, as a percentage of adults who currently have long COVID",By State,Kansas,Kansas,4,"Feb 6 - Mar 4, 2024",78.1
"Any activity limitations from long COVID, as a percentage of adults who currently have long COVID",By State,Kentucky,Kentucky,4,"Feb 6 - Mar 4, 2024",73.8
"Any activity limitations from long COVID, as a percentage of adults who currently have long COVID",By State,Louisiana,Louisiana,4,"Feb 6 - Mar 4, 2024",
"Any activity limitations from long COVID, as a percentage of adults who currently have long COVID",By State,Maine,Maine,4,"Feb 6 - Mar 4, 2024",
"Any activity limitations from long COVID, as a percentage of adults who currently have long COVID",By State,Maryland,Maryland,4,"Feb 6 - Mar 4, 2024",75.6
"Any activity limitations from long COVID, as a percentage of adults who currently have long COVID",By State,Massachusetts,Massachusetts,4,"Feb 6 - Mar 4, 2024",74.1
"Any activity limitations from long COVID, as a percentage of adults who currently have long COVID",By State,Michigan,Michigan,4,"Feb 6 - Mar 4, 2024",82.6
"Any activity limitations from long COVID, as a percentage of adults who currently have long COVID",By State,Minnesota,Minnesota,4,"Feb 6 - Mar 4, 2024",
"Any activity limitations from long COVID, as a percentage of adults who currently have long COVID",By State,Mississippi,Mississippi,4,"Feb 6 - Mar 4, 2024",
"Any activity limitations from long COVID, as a percentage of adults who currently have long COVID",By State,Missouri,Missouri,4,"Feb 6 - Mar 4, 2024",
"Any activity limitations from long COVID, as a percentage of adults who currently have long COVID",By State,Montana,Montana,4,"Feb 6 - Mar 4, 2024",
"Any activity limitations from long COVID, as a percentage of adults who currently have long COVID",By State,Nebraska,Nebraska,4,"Feb 6 - Mar 4, 2024",
"Any activity limitations from long COVID, as a percentage of adults who currently have long COVID",By State,Nevada,Nevada,4,"Feb 6 - Mar 4, 2024",
"Any activity limitations from long COVID, as a percentage of adults who currently have long COVID",By State,New Hampshire,New Hampshire,4,"Feb 6 - Mar 4, 2024",
"Any activity limitations from long COVID, as a percentage of adults who currently have long COVID",By State,New Jersey,New Jersey,4,"Feb 6 - Mar 4, 2024",
"Any activity limitations from long COVID, as a percentage of adults who currently have long COVID",By State,New Mexico,New Mexico,4,"Feb 6 - Mar 4, 2024",
"Any activity limitations from long COVID, as a percentage of adults who currently have long COVID",By State,New York,New York,4,"Feb 6 - Mar 4, 2024",
"Any activity limitations from long COVID, as a percentage of adults who currently have long COVID",By State,North Carolina,North Carolina,4,"Feb 6 - Mar 4, 2024",
"Any activity limitations from long COVID, as a percentage of adults who currently have long COVID",By State,North Dakota,North Dakota,4,"Feb 6 - Mar 4, 2024",
"Any activity limitations from long COVID, as a percentage of adults who currently have long COVID",By State,Ohio,Ohio,4,"Feb 6 - Mar 4, 2024",
"Any activity limitations from long COVID, as a percentage of adults who currently have long COVID",By State,Oklahoma,Oklahoma,4,"Feb 6 - Mar 4, 2024",80.9
"Any activity limitations from long COVID, as a percentage of adults who currently have long COVID",By State,Oregon,Oregon,4,"Feb 6 - Mar 4, 2024",90.1
"Any activity limitations from long COVID, as a percentage of adults who currently have long COVID",By State,Pennsylvania,Pennsylvania,4,"Feb 6 - Mar 4, 2024",74.4
"Any activity limitations from long COVID, as a percentage of adults who currently have long COVID",By State,Rhode Island,Rhode Island,4,"Feb 6 - Mar 4, 2024",
"Any activity limitations from long COVID, as a percentage of adults who currently have long COVID",By State,South Carolina,South Carolina,4,"Feb 6 - Mar 4, 2024",75.1
"Any activity limitations from long COVID, as a percentage of adults who currently have long COVID",By State,South Dakota,South Dakota,4,"Feb 6 - Mar 4, 2024",76.8
"Any activity limitations from long COVID, as a percentage of adults who currently have long COVID",By State,Tennessee,Tennessee,4,"Feb 6 - Mar 4, 2024",69.4
"Any activity limitations from long COVID, as a percentage of adults who currently have long COVID",By State,Texas,Texas,4,"Feb 6 - Mar 4, 2024",79.7
"Any activity limitations from long COVID, as a percentage of adults who currently have long COVID",By State,Utah,Utah,4,"Feb 6 - Mar 4, 2024",83.2
"Any activity limitations from long COVID, as a percentage of adults who currently have long COVID",By State,Vermont,Vermont,4,"Feb 6 - Mar 4, 2024",
"Any activity limitations from long COVID, as a percentage of adults who currently have long COVID",By State,Virginia,Virginia,4,"Feb 6 - Mar 4, 2024",83.0
"Any activity limitations from long COVID, as a percentage of adults who currently have long COVID",By State,Washington,Washington,4,"Feb 6 - Mar 4, 2024",72.5
"Any activity limitations from long COVID, as a percentage of adults who currently have long COVID",By State,West Virginia,West Virginia,4,"Feb 6 - Mar 4, 2024",
"Any activity limitations from long COVID, as a percentage of adults who currently have long COVID",By State,Wisconsin,Wisconsin,4,"Feb 6 - Mar 4, 2024",81.1
"Any activity limitations from long COVID, as a percentage of adults who currently have long COVID",By State,Wyoming,Wyoming,4,"Feb 6 - Mar 4, 2024",
"Ever experienced long COVID, as a percentage of adults who ever had COVID",By Age,United States,18 - 29 years,4,"Mar 5 - Apr 1, 2024",32.1
"Ever experienced long COVID, as a percentage of adults who ever had COVID",By Age,United States,30 - 39 years,4,"Mar 5 - Apr 1, 2024",30.8
"Ever experienced long COVID, as a percentage of adults who ever had COVID",By Age,United States,40 - 49 years,4,"Mar 5 - Apr 1, 2024",30.5
"Ever experienced long COVID, as a percentage of adults who ever had COVID",By Age,United States,50 - 59 years,4,"Mar 5 - Apr 1, 2024",32.4
"Ever experienced long COVID, as a percentage of adults who ever had COVID",By Age,United States,60 - 69 years,4,"Mar 5 - Apr 1, 2024",27.0
"Ever experienced long COVID, as a percentage of adults who ever had COVID",By Age,United States,70 - 79 years,4,"Mar 5 - Apr 1, 2024",23.1
"Ever experienced long COVID, as a percentage of adults who ever had COVID",By Age,United States,80 years and above,4,"Mar 5 - Apr 1, 2024",19.1
"Ever experienced long COVID, as a percentage of adults who ever had COVID",By State,Alabama,Alabama,4,"Mar 5 - Apr 1, 2024",31.2
"Ever experienced long COVID, as a percentage of adults who ever had COVID",By State,Alaska,Alaska,4,"Mar 5 - Apr 1, 2024",37.9
"Ever experienced long COVID, as a percentage of adults who ever had COVID",By State,Arizona,Arizona,4,"Mar 5 - Apr 1, 2024",31.9
"Ever experienced long COVID, as a percentage of adults who ever had COVID",By State,Arkansas,Arkansas,4,"Mar 5 - Apr 1, 2024",31.8
"Ever experienced long COVID, as a percentage of adults who ever had COVID",By State,California,California,4,"Mar 5 - Apr 1, 2024",27.6
"Ever experienced long COVID, as a percentage of adults who ever had COVID",By State,Colorado,Colorado,4,"Mar 5 - Apr 1, 2024",34.8
"Ever experienced long COVID, as a percentage of adults who ever had COVID",By State,Connecticut,Connecticut,4,"Mar 5 - Apr 1, 2024",25.6
"Ever experienced long COVID, as a percentage of adults who ever had COVID",By State,Delaware,Delaware,4,"Mar 5 - Apr 1, 2024",26.9
"Ever experienced long COVID, as a percentage of adults who ever had COVID",By State,District of Columbia,District of Columbia,4,"Mar 5 - Apr 1, 2024",17.3
"Ever experienced long COVID, as a percentage of adults who ever had COVID",By State,Florida,Florida,4,"Mar 5 - Apr 1, 2024",29.4
"Ever experienced long COVID, as a percentage of adults who ever had COVID",By State,Georgia,Georgia,4,"Mar 5 - Apr 1, 2024",27.6
"Ever experienced long COVID, as a percentage of adults who ever had COVID",By State,Hawaii,Hawaii,4,"Mar 5 - Apr 1, 2024",26.2
"Ever experienced long COVID, as a percentage of adults who ever had COVID",By State,Idaho,Idaho,4,"Mar 5 - Apr 1, 2024",31.9
"Ever experienced long COVID, as a percentage of adults who ever had COVID",By State,Illinois,Illinois,4,"Mar 5 - Apr 1, 2024",30.4
"Ever experienced long COVID, as a percentage of adults who ever had COVID",By State,Indiana,Indiana,4,"Mar 5 - Apr 1, 2024",32.1
"Ever experienced long COVID, as a percentage of adults who ever had COVID",By State,Iowa,Iowa,4,"Mar 5 - Apr 1, 2024",33.9
"Ever experienced long COVID, as a percentage of adults who ever had COVID",By State,Kansas,Kansas,4,"Mar 5 - Apr 1, 2024",31.2
"Ever experienced long COVID, as a percentage of adults who ever had COVID",By State,Kentucky,Kentucky,4,"Mar 5 - Apr 1, 2024",33.2
"Ever experienced long COVID, as a percentage of adults who ever had COVID",By State,Louisiana,Louisiana,4,"Mar 5 - Apr 1, 2024",26.7
"Ever experienced long COVID, as a percentage of adults who ever had COVID",By State,Maine,Maine,4,"Mar 5 - Apr 1, 2024",27.1
"Ever experienced long COVID, as a percentage of adults who ever had COVID",By State,Maryland,Maryland,4,"Mar 5 - Apr 1, 2024",25.7
"Ever experienced long COVID, as a percentage of adults who ever had COVID",By State,Massachusetts,Massachusetts,4,"Mar 5 - Apr 1, 2024",27.0
"Ever experienced long COVID, as a percentage of adults who ever had COVID",By State,Michigan,Michigan,4,"Mar 5 - Apr 1, 2024",29.3
"Ever experienced long COVID, as a percentage of adults who ever had COVID",By State,Minnesota,Minnesota,4,"Mar 5 - Apr 1, 2024",24.8
"Ever experienced long COVID, as a percentage of adults who ever had COVID",By State,Mississippi,Mississippi,4,"Mar 5 - Apr 1, 2024",38.9
"Ever experienced long COVID, as a percentage of adults who ever had COVID",By State,Missouri,Missouri,4,"Mar 5 - Apr 1, 2024",32.4
"Ever experienced long COVID, as a percentage of adults who ever had COVID",By State,Montana,Montana,4,"Mar 5 - Apr 1, 2024",39.0
"Ever experienced long COVID, as a percentage of adults who ever had COVID",By State,Nebraska,Nebraska,4,"Mar 5 - Apr 1, 2024",30.4
"Ever experienced long COVID, as a percentage of adults who ever had COVID",By State,Nevada,Nevada,4,"Mar 5 - Apr 1, 2024",29.5
"Ever experienced long COVID, as a percentage of adults who ever had COVID",By State,New Hampshire,New Hampshire,4,"Mar 5 - Apr 1, 2024",33.6
"Ever experienced long COVID, as a percentage of adults who ever had COVID",By State,New Jersey,New Jersey,4,"Mar 5 - Apr 1, 2024",27.0
"Ever experienced long COVID, as a percentage of adults who ever had COVID",By State,New Mexico,New Mexico,4,"Mar 5 - Apr 1, 2024",37.0
"Ever experienced long COVID, as a percentage of adults who ever had COVID",By State,New York,New York,4,"Mar 5 - Apr 1, 2024",25.7
"Ever experienced long COVID, as a percentage of adults who ever had COVID",By State,North Carolina,North Carolina,4,"Mar 5 - Apr 1, 2024",31.9
"Ever experienced long COVID, as a percentage of adults who ever had COVID",By State,North Dakota,North Dakota,4,"Mar 5 - Apr 1, 2024",37.3
"Ever experienced long COVID, as a percentage of adults who ever had COVID",By State,Ohio,Ohio,4,"Mar 5 - Apr 1, 2024",32.3
"Ever experienced long COVID, as a percentage of adults who ever had COVID",By State,Oklahoma,Oklahoma,4,"Mar 5 - Apr 1, 2024",37.9
"Ever experienced long COVID, as a percentage of adults who ever had COVID",By State,Oregon,Oregon,4,"Mar 5 - Apr 1, 2024",25.8
"Ever experienced long COVID, as a percentage of adults who ever had COVID",By State,Pennsylvania,Pennsylvania,4,"Mar 5 - Apr 1, 2024",25.9
"Ever experienced long COVID, as a percentage of adults who ever had COVID",By State,Rhode Island,Rhode Island,4,"Mar 5 - Apr 1, 2024",25.3
"Ever experienced long COVID, as a percentage of adults who ever had COVID",By State,South Carolina,South Carolina,4,"Mar 5 - Apr 1, 2024",38.8
"Ever experienced long COVID, as a percentage of adults who ever had COVID",By State,South Dakota,South Dakota,4,"Mar 5 - Apr 1, 2024",32.5
"Ever experienced long COVID, as a percentage of adults who ever had COVID",By State,Tennessee,Tennessee,4,"Mar 5 - Apr 1, 2024",29.8
"Ever experienced long COVID, as a percentage of adults who ever had COVID",By State,Texas,Texas,4,"Mar 5 - Apr 1, 2024",30.8
"Ever experienced long COVID, as a percentage of adults who ever had COVID",By State,Utah,Utah,4,"Mar 5 - Apr 1, 2024",33.4
"Ever experienced long COVID, as a percentage of adults who ever had COVID",By State,Vermont,Vermont,4,"Mar 5 - Apr 1, 2024",27.4
"Ever experienced long COVID, as a percentage of adults who ever had COVID",By State,Virginia,Virginia,4,"Mar 5 - Apr 1, 2024",26.4
"Ever experienced long COVID, as a percentage of adults who ever had COVID",By State,Washington,Washington,4,"Mar 5 - Apr 1, 2024",29.3
"Ever experienced long COVID, as a percentage of adults who ever had COVID",By State,West Virginia,West Virginia,4,"Mar 5 - Apr 1, 2024",38.3
"Ever experienced long COVID, as a percentage of adults who ever had COVID",By State,Wisconsin,Wisconsin,4,"Mar 5 - Apr 1, 2024",27.6
"Ever experienced long COVID, as a percentage of adults who ever had COVID",By State,Wyoming,Wyoming,4,"Mar 5 - Apr 1, 2024",42.8
"Currently experiencing long COVID, as a percentage of all adults",By Age,United States,18 - 29 years,4,"Mar 5 - Apr 1, 2024",6.9
"Currently experiencing long COVID, as a percentage of all adults",By Age,United States,30 - 39 years,4,"Mar 5 - Apr 1, 2024",7.2
"Currently experiencing long COVID, as a percentage of all adults",By Age,United States,40 - 49 years,4,"Mar 5 - Apr 1, 2024",8.1
"Currently experiencing long COVID, as a percentage of all adults",By Age,United States,50 - 59 years,4,"Mar 5 - Apr 1, 2024",7.4
"Currently experiencing long COVID, as a percentage of all adults",By Age,United States,60 - 69 years,4,"Mar 5 - Apr 1, 2024",6.2
"Currently experiencing long COVID, as a percentage of all adults",By Age,United States,70 - 79 years,4,"Mar 5 - Apr 1, 2024",5.3
"Currently experiencing long COVID, as a percentage of all adults",By Age,United States,80 years and above,4,"Mar 5 - Apr 1, 2024",4.3
"Currently experiencing long COVID, as a percentage of all adults",By State,Alabama,Alabama,4,"Mar 5 - Apr 1, 2024",7.4
"Currently experiencing long COVID, as a percentage of all adults",By State,Alaska,Alaska,4,"Mar 5 - Apr 1, 2024",8.2
"Currently experiencing long COVID, as a percentage of all adults",By State,Arizona,Arizona,4,"Mar 5 - Apr 1, 2024",6.4
"Currently experiencing long COVID, as a percentage of all adults",By State,Arkansas,Arkansas,4,"Mar 5 - Apr 1, 2024",6.1
"Currently experiencing long COVID, as a percentage of all adults",By State,California,California,4,"Mar 5 - Apr 1, 2024",7.2
"Currently experiencing long COVID, as a percentage of all adults",By State,Colorado,Colorado,4,"Mar 5 - Apr 1, 2024",9.4
"Currently experiencing long COVID, as a percentage of all adults",By State,Connecticut,Connecticut,4,"Mar 5 - Apr 1, 2024",7.7
"Currently experiencing long COVID, as a percentage of all adults",By State,Delaware,Delaware,4,"Mar 5 - Apr 1, 2024",7.3
"Currently experiencing long COVID, as a percentage of all adults",By State,District of Columbia,District of Columbia,4,"Mar 5 - Apr 1, 2024",4.4
"Currently experiencing long COVID, as a percentage of all adults",By State,Florida,Florida,4,"Mar 5 - Apr 1, 2024",6.4
"Currently experiencing long COVID, as a percentage of all adults",By State,Georgia,Georgia,4,"Mar 5 - Apr 1, 2024",4.6
"Currently experiencing long COVID, as a percentage of all adults",By State,Hawaii,Hawaii,4,"Mar 5 - Apr 1, 2024",4.1
"Currently experiencing long COVID, as a percentage of all adults",By State,Idaho,Idaho,4,"Mar 5 - Apr 1, 2024",6.9
"Currently experiencing long COVID, as a percentage of all adults",By State,Illinois,Illinois,4,"Mar 5 - Apr 1, 2024",7.7
"Currently experiencing long COVID, as a percentage of all adults",By State,Indiana,Indiana,4,"Mar 5 - Apr 1, 2024",6.0
"Currently experiencing long COVID, as a percentage of all adults",By State,Iowa,Iowa,4,"Mar 5 - Apr 1, 2024",5.8
"Currently experiencing long COVID, as a percentage of all adults",By State,Kansas,Kansas,4,"Mar 5 - Apr 1, 2024",7.2
"Currently experiencing long COVID, as a percentage of all adults",By State,Kentucky,Kentucky,4,"Mar 5 - Apr 1, 2024",8.4
"Currently experiencing long COVID, as a percentage of all adults",By State,Louisiana,Louisiana,4,"Mar 5 - Apr 1, 2024",5.4
"Currently experiencing long COVID, as a percentage of all adults",By State,Maine,Maine,4,"Mar 5 - Apr 1, 2024",6.6
"Currently experiencing long COVID, as a percentage of all adults",By State,Maryland,Maryland,4,"Mar 5 - Apr 1, 2024",6.5
"Currently experiencing long COVID, as a percentage of all adults",By State,Massachusetts,Massachusetts,4,"Mar 5 - Apr 1, 2024",6.4
"Currently experiencing long COVID, as a percentage of all adults",By State,Michigan,Michigan,4,"Mar 5 - Apr 1, 2024",6.9
"Currently experiencing long COVID, as a percentage of all adults",By State,Minnesota,Minnesota,4,"Mar 5 - Apr 1, 2024",7.2
"Currently experiencing long COVID, as a percentage of all adults",By State,Mississippi,Mississippi,4,"Mar 5 - Apr 1, 2024",8.6
"Currently experiencing long COVID, as a percentage of all adults",By State,Missouri,Missouri,4,"Mar 5 - Apr 1, 2024",7.8
"Currently experiencing long COVID, as a percentage of all adults",By State,Montana,Montana,4,"Mar 5 - Apr 1, 2024",7.9
"Currently experiencing long COVID, as a percentage of all adults",By State,Nebraska,Nebraska,4,"Mar 5 - Apr 1, 2024",6.6
"Currently experiencing long COVID, as a percentage of all adults",By State,Nevada,Nevada,4,"Mar 5 - Apr 1, 2024",6.2
"Currently experiencing long COVID, as a percentage of all adults",By State,New Hampshire,New Hampshire,4,"Mar 5 - Apr 1, 2024",7.9
"Currently experiencing long COVID, as a percentage of all adults",By State,New Jersey,New Jersey,4,"Mar 5 - Apr 1, 2024",6.0
"Currently experiencing long COVID, as a percentage of all adults",By State,New Mexico,New Mexico,4,"Mar 5 - Apr 1, 2024",7.5
"Currently experiencing long COVID, as a percentage of all adults",By State,New York,New York,4,"Mar 5 - Apr 1, 2024",4.7
"Currently experiencing long COVID, as a percentage of all adults",By State,North Carolina,North Carolina,4,"Mar 5 - Apr 1, 2024",8.0
"Currently experiencing long COVID, as a percentage of all adults",By State,North Dakota,North Dakota,4,"Mar 5 - Apr 1, 2024",7.6
"Currently experiencing long COVID, as a percentage of all adults",By State,Ohio,Ohio,4,"Mar 5 - Apr 1, 2024",7.7
"Currently experiencing long COVID, as a percentage of all adults",By State,Oklahoma,Oklahoma,4,"Mar 5 - Apr 1, 2024",9.2
"Currently experiencing long COVID, as a percentage of all adults",By State,Oregon,Oregon,4,"Mar 5 - Apr 1, 2024",7.1
"Currently experiencing long COVID, as a percentage of all adults",By State,Pennsylvania,Pennsylvania,4,"Mar 5 - Apr 1, 2024",7.0
"Currently experiencing long COVID, as a percentage of all adults",By State,Rhode Island,Rhode Island,4,"Mar 5 - Apr 1, 2024",3.6
"Currently experiencing long COVID, as a percentage of all adults",By State,South Carolina,South Carolina,4,"Mar 5 - Apr 1, 2024",8.3
"Currently experiencing long COVID, as a percentage of all adults",By State,South Dakota,South Dakota,4,"Mar 5 - Apr 1, 2024",8.2
"Currently experiencing long COVID, as a percentage of all adults",By State,Tennessee,Tennessee,4,"Mar 5 - Apr 1, 2024",7.4
"Currently experiencing long COVID, as a percentage of all adults",By State,Texas,Texas,4,"Mar 5 - Apr 1, 2024",6.9
"Currently experiencing long COVID, as a percentage of all adults",By State,Utah,Utah,4,"Mar 5 - Apr 1, 2024",10.0
"Currently experiencing long COVID, as a percentage of all adults",By State,Vermont,Vermont,4,"Mar 5 - Apr 1, 2024",
"Currently experiencing long COVID, as a percentage of all adults",By State,Virginia,Virginia,4,"Mar 5 - Apr 1, 2024",5.5
"Currently experiencing long COVID, as a percentage of all adults",By State,Washington,Washington,4,"Mar 5 - Apr 1, 2024",7.2
"Currently experiencing long COVID, as a percentage of all adults",By State,West Virginia,West Virginia,4,"Mar 5 - Apr 1, 2024",9.2
"Currently experiencing long COVID, as a percentage of all adults",By State,Wisconsin,Wisconsin,4,"Mar 5 - Apr 1, 2024",6.7
"Currently experiencing long COVID, as a percentage of all adults",By State,Wyoming,Wyoming,4,"Mar 5 - Apr 1, 2024",9.8
"Any activity limitations from long COVID, as a percentage of adults who currently have long COVID",By Age,United States,18 - 29 years,4,"Mar 5 - Apr 1, 2024",79.6
"Any activity limitations from long COVID, as a percentage of adults who currently have long COVID",By Age,United States,30 - 39 years,4,"Mar 5 - Apr 1, 2024",77.5
"Any activity limitations from long COVID, as a percentage of adults who currently have long COVID",By Age,United States,40 - 49 years,4,"Mar 5 - Apr 1, 2024",81.5
"Any activity limitations from long COVID, as a percentage of adults who currently have long COVID",By Age,United States,50 - 59 years,4,"Mar 5 - Apr 1, 2024",80.6
"Any activity limitations from long COVID, as a percentage of adults who currently have long COVID",By Age,United States,60 - 69 years,4,"Mar 5 - Apr 1, 2024",76.1
"Any activity limitations from long COVID, as a percentage of adults who currently have long COVID",By Age,United States,70 - 79 years,4,"Mar 5 - Apr 1, 2024",77.7
"Any activity limitations from long COVID, as a percentage of adults who currently have long COVID",By Age,United States,80 years and above,4,"Mar 5 - Apr 1, 2024",
"Any activity limitations from long COVID, as a percentage of adults who currently have long COVID",By State,Alabama,Alabama,4,"Mar 5 - Apr 1, 2024",78.6
"Any activity limitations from long COVID, as a percentage of adults who currently have long COVID",By State,Alaska,Alaska,4,"Mar 5 - Apr 1, 2024",
"Any activity limitations from long COVID, as a percentage of adults who currently have long COVID",By State,Arizona,Arizona,4,"Mar 5 - Apr 1, 2024",68.5
"Any activity limitations from long COVID, as a percentage of adults who currently have long COVID",By State,Arkansas,Arkansas,4,"Mar 5 - Apr 1, 2024",77.1
"Any activity limitations from long COVID, as a percentage of adults who currently have long COVID",By State,California,California,4,"Mar 5 - Apr 1, 2024",79.5
"Any activity limitations from long COVID, as a percentage of adults who currently have long COVID",By State,Colorado,Colorado,4,"Mar 5 - Apr 1, 2024",84.7
"Any activity limitations from long COVID, as a percentage of adults who currently have long COVID",By State,Connecticut,Connecticut,4,"Mar 5 - Apr 1, 2024",76.6
"Any activity limitations from long COVID, as a percentage of adults who currently have long COVID",By State,Delaware,Delaware,4,"Mar 5 - Apr 1, 2024",
"Any activity limitations from long COVID, as a percentage of adults who currently have long COVID",By State,District of Columbia,District of Columbia,4,"Mar 5 - Apr 1, 2024",
"Any activity limitations from long COVID, as a percentage of adults who currently have long COVID",By State,Florida,Florida,4,"Mar 5 - Apr 1, 2024",86.1
"Any activity limitations from long COVID, as a percentage of adults who currently have long COVID",By State,Georgia,Georgia,4,"Mar 5 - Apr 1, 2024",
"Any activity limitations from long COVID, as a percentage of adults who currently have long COVID",By State,Hawaii,Hawaii,4,"Mar 5 - Apr 1, 2024",
"Any activity limitations from long COVID, as a percentage of adults who currently have long COVID",By State,Idaho,Idaho,4,"Mar 5 - Apr 1, 2024",74.1
"Any activity limitations from long COVID, as a percentage of adults who currently have long COVID",By State,Illinois,Illinois,4,"Mar 5 - Apr 1, 2024",
"Any activity limitations from long COVID, as a percentage of adults who currently have long COVID",By State,Indiana,Indiana,4,"Mar 5 - Apr 1, 2024",73.6
"Any activity limitations from long COVID, as a percentage of adults who currently have long COVID",By State,Iowa,Iowa,4,"Mar 5 - Apr 1, 2024",
"Any activity limitations from long COVID, as a percentage of adults who currently have long COVID",By State,Kansas,Kansas,4,"Mar 5 - Apr 1, 2024",
"Any activity limitations from long COVID, as a percentage of adults who currently have long COVID",By State,Kentucky,Kentucky,4,"Mar 5 - Apr 1, 2024",79.5
"Any activity limitations from long COVID, as a percentage of adults who currently have long COVID",By State,Louisiana,Louisiana,4,"Mar 5 - Apr 1, 2024",
"Any activity limitations from long COVID, as a percentage of adults who currently have long COVID",By State,Maine,Maine,4,"Mar 5 - Apr 1, 2024",
"Any activity limitations from long COVID, as a percentage of adults who currently have long COVID",By State,Maryland,Maryland,4,"Mar 5 - Apr 1, 2024",
"Any activity limitations from long COVID, as a percentage of adults who currently have long COVID",By State,Massachusetts,Massachusetts,4,"Mar 5 - Apr 1, 2024",
"Any activity limitations from long COVID, as a percentage of adults who currently have long COVID",By State,Michigan,Michigan,4,"Mar 5 - Apr 1, 2024",79.0
"Any activity limitations from long COVID, as a percentage of adults who currently have long COVID",By State,Minnesota,Minnesota,4,"Mar 5 - Apr 1, 2024",68.7
"Any activity limitations from long COVID, as a percentage of adults who currently have long COVID",By State,Mississippi,Mississippi,4,"Mar 5 - Apr 1, 2024",
"Any activity limitations from long COVID, as a percentage of adults who currently have long COVID",By State,Missouri,Missouri,4,"Mar 5 - Apr 1, 2024",80.4
"Any activity limitations from long COVID, as a percentage of adults who currently have long COVID",By State,Montana,Montana,4,"Mar 5 - Apr 1, 2024",
"Any activity limitations from long COVID, as a percentage of adults who currently have long COVID",By State,Nebraska,Nebraska,4,"Mar 5 - Apr 1, 2024",
"Any activity limitations from long COVID, as a percentage of adults who currently have long COVID",By State,Nevada,Nevada,4,"Mar 5 - Apr 1, 2024",
"Any activity limitations from long COVID, as a percentage of adults who currently have long COVID",By State,New Hampshire,New Hampshire,4,"Mar 5 - Apr 1, 2024",78.1
"Any activity limitations from long COVID, as a percentage of adults who currently have long COVID",By State,New Jersey,New Jersey,4,"Mar 5 - Apr 1, 2024",
"Any activity limitations from long COVID, as a percentage of adults who currently have long COVID",By State,New Mexico,New Mexico,4,"Mar 5 - Apr 1, 2024",
"Any activity limitations from long COVID, as a percentage of adults who currently have long COVID",By State,New York,New York,4,"Mar 5 - Apr 1, 2024",
"Any activity limitations from long COVID, as a percentage of adults who currently have long COVID",By State,North Carolina,North Carolina,4,"Mar 5 - Apr 1, 2024",79.6
"Any activity limitations from long COVID, as a percentage of adults who currently have long COVID",By State,North Dakota,North Dakota,4,"Mar 5 - Apr 1, 2024",
"Any activity limitations from long COVID, as a percentage of adults who currently have long COVID",By State,Ohio,Ohio,4,"Mar 5 - Apr 1, 2024",85.1
"Any activity limitations from long COVID, as a percentage of adults who currently have long COVID",By State,Oklahoma,Oklahoma,4,"Mar 5 - Apr 1, 2024",75.9
"Any activity limitations from long COVID, as a percentage of adults who currently have long COVID",By State,Oregon,Oregon,4,"Mar 5 - Apr 1, 2024",
"Any activity limitations from long COVID, as a percentage of adults who currently have long COVID",By State,Pennsylvania,Pennsylvania,4,"Mar 5 - Apr 1, 2024",82.2
"Any activity limitations from long COVID, as a percentage of adults who currently have long COVID",By State,Rhode Island,Rhode Island,4,"Mar 5 - Apr 1, 2024",
"Any activity limitations from long COVID, as a percentage of adults who currently have long COVID",By State,South Carolina,South Carolina,4,"Mar 5 - Apr 1, 2024",
"Any activity limitations from long COVID, as a percentage of adults who currently have long COVID",By State,South Dakota,South Dakota,4,"Mar 5 - Apr 1, 2024",
"Any activity limitations from long COVID, as a percentage of adults who currently have long COVID",By State,Tennessee,Tennessee,4,"Mar 5 - Apr 1, 2024",80.4
"Any activity limitations from long COVID, as a percentage of adults who currently have long COVID",By State,Texas,Texas,4,"Mar 5 - Apr 1, 2024",73.9
"Any activity limitations from long COVID, as a percentage of adults who currently have long COVID",By State,Utah,Utah,4,"Mar 5 - Apr 1, 2024",83.3
"Any activity limitations from long COVID, as a percentage of adults who currently have long COVID",By State,Vermont,Vermont,4,"Mar 5 - Apr 1, 2024",
"Any activity limitations from long COVID, as a percentage of adults who currently have long COVID",By State,Virginia,Virginia,4,"Mar 5 - Apr 1, 2024",80.5
"Any activity limitations from long COVID, as a percentage of adults who currently have long COVID",By State,Washington,Washington,4,"Mar 5 - Apr 1, 2024",79.4
"Any activity limitations from long COVID, as a percentage of adults who currently have long COVID",By State,West Virginia,West Virginia,4,"Mar 5 - Apr 1, 2024",
"Any activity limitations from long COVID, as a percentage of adults who currently have long COVID",By State,Wisconsin,Wisconsin,4,"Mar 5 - Apr 1, 2024",
"Any activity limitations from long COVID, as a percentage of adults who currently have long COVID",By State,Wyoming,Wyoming,4,"Mar 5 - Apr 1, 2024",77.3
"Ever experienced long COVID, as a percentage of adults who ever had COVID",By Age,United States,18 - 29 years,"4,1","Apr 2 - Apr 29, 2024",30.2
"Ever experienced long COVID, as a percentage of adults who ever had COVID",By Age,United States,30 - 39 years,"4,1","Apr 2 - Apr 29, 2024",31.2
"Ever experienced long COVID, as a percentage of adults who ever had COVID",By Age,United States,40 - 49 years,"4,1","Apr 2 - Apr 29, 2024",33.1
"Ever experienced long COVID, as a percentage of adults who ever had COVID",By Age,United States,50 - 59 years,"4,1","Apr 2 - Apr 29, 2024",30.8
"Ever experienced long COVID, as a percentage of adults who ever had COVID",By Age,United States,60 - 69 years,"4,1","Apr 2 - Apr 29, 2024",29.2
"Ever experienced long COVID, as a percentage of adults who ever had COVID",By Age,United States,70 - 79 years,"4,1","Apr 2 - Apr 29, 2024",22.8
"Ever experienced long COVID, as a percentage of adults who ever had COVID",By Age,United States,80 years and above,"4,1","Apr 2 - Apr 29, 2024",25.0
"Ever experienced long COVID, as a percentage of adults who ever had COVID",By State,Alabama,Alabama,"4,1","Apr 2 - Apr 29, 2024",36.3
"Ever experienced long COVID, as a percentage of adults who ever had COVID",By State,Alaska,Alaska,"4,1","Apr 2 - Apr 29, 2024",30.2
"Ever experienced long COVID, as a percentage of adults who ever had COVID",By State,Arizona,Arizona,"4,1","Apr 2 - Apr 29, 2024",30.6
"Ever experienced long COVID, as a percentage of adults who ever had COVID",By State,Arkansas,Arkansas,"4,1","Apr 2 - Apr 29, 2024",33.3
"Ever experienced long COVID, as a percentage of adults who ever had COVID",By State,California,California,"4,1","Apr 2 - Apr 29, 2024",27.5
"Ever experienced long COVID, as a percentage of adults who ever had COVID",By State,Colorado,Colorado,"4,1","Apr 2 - Apr 29, 2024",28.0
"Ever experienced long COVID, as a percentage of adults who ever had COVID",By State,Connecticut,Connecticut,"4,1","Apr 2 - Apr 29, 2024",29.5
"Ever experienced long COVID, as a percentage of adults who ever had COVID",By State,Delaware,Delaware,"4,1","Apr 2 - Apr 29, 2024",30.1
"Ever experienced long COVID, as a percentage of adults who ever had COVID",By State,District of Columbia,District of Columbia,"4,1","Apr 2 - Apr 29, 2024",16.9
"Ever experienced long COVID, as a percentage of adults who ever had COVID",By State,Florida,Florida,"4,1","Apr 2 - Apr 29, 2024",31.5
"Ever experienced long COVID, as a percentage of adults who ever had COVID",By State,Georgia,Georgia,"4,1","Apr 2 - Apr 29, 2024",30.0
"Ever experienced long COVID, as a percentage of adults who ever had COVID",By State,Hawaii,Hawaii,"4,1","Apr 2 - Apr 29, 2024",26.4
"Ever experienced long COVID, as a percentage of adults who ever had COVID",By State,Idaho,Idaho,"4,1","Apr 2 - Apr 29, 2024",36.8
"Ever experienced long COVID, as a percentage of adults who ever had COVID",By State,Illinois,Illinois,"4,1","Apr 2 - Apr 29, 2024",32.9
"Ever experienced long COVID, as a percentage of adults who ever had COVID",By State,Indiana,Indiana,"4,1","Apr 2 - Apr 29, 2024",34.8
"Ever experienced long COVID, as a percentage of adults who ever had COVID",By State,Iowa,Iowa,"4,1","Apr 2 - Apr 29, 2024",30.5
"Ever experienced long COVID, as a percentage of adults who ever had COVID",By State,Kansas,Kansas,"4,1","Apr 2 - Apr 29, 2024",27.9
"Ever experienced long COVID, as a percentage of adults who ever had COVID",By State,Kentucky,Kentucky,"4,1","Apr 2 - Apr 29, 2024",31.0
"Ever experienced long COVID, as a percentage of adults who ever had COVID",By State,Louisiana,Louisiana,"4,1","Apr 2 - Apr 29, 2024",27.8
"Ever experienced long COVID, as a percentage of adults who ever had COVID",By State,Maine,Maine,"4,1","Apr 2 - Apr 29, 2024",31.6
"Ever experienced long COVID, as a percentage of adults who ever had COVID",By State,Maryland,Maryland,"4,1","Apr 2 - Apr 29, 2024",24.4
"Ever experienced long COVID, as a percentage of adults who ever had COVID",By State,Massachusetts,Massachusetts,"4,1","Apr 2 - Apr 29, 2024",21.3
"Ever experienced long COVID, as a percentage of adults who ever had COVID",By State,Michigan,Michigan,"4,1","Apr 2 - Apr 29, 2024",30.3
"Ever experienced long COVID, as a percentage of adults who ever had COVID",By State,Minnesota,Minnesota,"4,1","Apr 2 - Apr 29, 2024",24.5
"Ever experienced long COVID, as a percentage of adults who ever had COVID",By State,Mississippi,Mississippi,"4,1","Apr 2 - Apr 29, 2024",43.0
"Ever experienced long COVID, as a percentage of adults who ever had COVID",By State,Missouri,Missouri,"4,1","Apr 2 - Apr 29, 2024",30.8
"Ever experienced long COVID, as a percentage of adults who ever had COVID",By State,Montana,Montana,"4,1","Apr 2 - Apr 29, 2024",33.1
"Ever experienced long COVID, as a percentage of adults who ever had COVID",By State,Nebraska,Nebraska,"4,1","Apr 2 - Apr 29, 2024",31.5
"Ever experienced long COVID, as a percentage of adults who ever had COVID",By State,Nevada,Nevada,"4,1","Apr 2 - Apr 29, 2024",37.9
"Ever experienced long COVID, as a percentage of adults who ever had COVID",By State,New Hampshire,New Hampshire,"4,1","Apr 2 - Apr 29, 2024",28.3
"Ever experienced long COVID, as a percentage of adults who ever had COVID",By State,New Jersey,New Jersey,"4,1","Apr 2 - Apr 29, 2024",25.3
"Ever experienced long COVID, as a percentage of adults who ever had COVID",By State,New Mexico,New Mexico,"4,1","Apr 2 - Apr 29, 2024",34.3
"Ever experienced long COVID, as a percentage of adults who ever had COVID",By State,New York,New York,"4,1","Apr 2 - Apr 29, 2024",24.6
"Ever experienced long COVID, as a percentage of adults who ever had COVID",By State,North Carolina,North Carolina,"4,1","Apr 2 - Apr 29, 2024",26.2
"Ever experienced long COVID, as a percentage of adults who ever had COVID",By State,North Dakota,North Dakota,"4,1","Apr 2 - Apr 29, 2024",29.4
"Ever experienced long COVID, as a percentage of adults who ever had COVID",By State,Ohio,Ohio,"4,1","Apr 2 - Apr 29, 2024",30.6
"Ever experienced long COVID, as a percentage of adults who ever had COVID",By State,Oklahoma,Oklahoma,"4,1","Apr 2 - Apr 29, 2024",35.6
"Ever experienced long COVID, as a percentage of adults who ever had COVID",By State,Oregon,Oregon,"4,1","Apr 2 - Apr 29, 2024",30.6
"Ever experienced long COVID, as a percentage of adults who ever had COVID",By State,Pennsylvania,Pennsylvania,"4,1","Apr 2 - Apr 29, 2024",32.5
"Ever experienced long COVID, as a percentage of adults who ever had COVID",By State,Rhode Island,Rhode Island,"4,1","Apr 2 - Apr 29, 2024",25.3
"Ever experienced long COVID, as a percentage of adults who ever had COVID",By State,South Carolina,South Carolina,"4,1","Apr 2 - Apr 29, 2024",34.0
"Ever experienced long COVID, as a percentage of adults who ever had COVID",By State,South Dakota,South Dakota,"4,1","Apr 2 - Apr 29, 2024",33.0
"Ever experienced long COVID, as a percentage of adults who ever had COVID",By State,Tennessee,Tennessee,"4,1","Apr 2 - Apr 29, 2024",37.2
"Ever experienced long COVID, as a percentage of adults who ever had COVID",By State,Texas,Texas,"4,1","Apr 2 - Apr 29, 2024",34.4
"Ever experienced long COVID, as a percentage of adults who ever had COVID",By State,Utah,Utah,"4,1","Apr 2 - Apr 29, 2024",31.5
"Ever experienced long COVID, as a percentage of adults who ever had COVID",By State,Vermont,Vermont,"4,1","Apr 2 - Apr 29, 2024",30.1
"Ever experienced long COVID, as a percentage of adults who ever had COVID",By State,Virginia,Virginia,"4,1","Apr 2 - Apr 29, 2024",26.9
"Ever experienced long COVID, as a percentage of adults who ever had COVID",By State,Washington,Washington,"4,1","Apr 2 - Apr 29, 2024",30.2
"Ever experienced long COVID, as a percentage of adults who ever had COVID",By State,West Virginia,West Virginia,"4,1","Apr 2 - Apr 29, 2024",40.1
"Ever experienced long COVID, as a percentage of adults who ever had COVID",By State,Wisconsin,Wisconsin,"4,1","Apr 2 - Apr 29, 2024",28.6
"Ever experienced long COVID, as a percentage of adults who ever had COVID",By State,Wyoming,Wyoming,"4,1","Apr 2 - Apr 29, 2024",40.1
"Currently experiencing long COVID, as a percentage of all adults",By Age,United States,18 - 29 years,"4,1","Apr 2 - Apr 29, 2024",4.8
"Currently experiencing long COVID, as a percentage of all adults",By Age,United States,30 - 39 years,"4,1","Apr 2 - Apr 29, 2024",5.4
"Currently experiencing long COVID, as a percentage of all adults",By Age,United States,40 - 49 years,"4,1","Apr 2 - Apr 29, 2024",6.2
"Currently experiencing long COVID, as a percentage of all adults",By Age,United States,50 - 59 years,"4,1","Apr 2 - Apr 29, 2024",6.2
"Currently experiencing long COVID, as a percentage of all adults",By Age,United States,60 - 69 years,"4,1","Apr 2 - Apr 29, 2024",5.4
"Currently experiencing long COVID, as a percentage of all adults",By Age,United States,70 - 79 years,"4,1","Apr 2 - Apr 29, 2024",3.4
"Currently experiencing long COVID, as a percentage of all adults",By Age,United States,80 years and above,"4,1","Apr 2 - Apr 29, 2024",4.2
"Currently experiencing long COVID, as a percentage of all adults",By State,Alabama,Alabama,"4,1","Apr 2 - Apr 29, 2024",8.3
"Currently experiencing long COVID, as a percentage of all adults",By State,Alaska,Alaska,"4,1","Apr 2 - Apr 29, 2024",5.7
"Currently experiencing long COVID, as a percentage of all adults",By State,Arizona,Arizona,"4,1","Apr 2 - Apr 29, 2024",5.4
"Currently experiencing long COVID, as a percentage of all adults",By State,Arkansas,Arkansas,"4,1","Apr 2 - Apr 29, 2024",5.3
"Currently experiencing long COVID, as a percentage of all adults",By State,California,California,"4,1","Apr 2 - Apr 29, 2024",4.7
"Currently experiencing long COVID, as a percentage of all adults",By State,Colorado,Colorado,"4,1","Apr 2 - Apr 29, 2024",6.1
"Currently experiencing long COVID, as a percentage of all adults",By State,Connecticut,Connecticut,"4,1","Apr 2 - Apr 29, 2024",4.6
"Currently experiencing long COVID, as a percentage of all adults",By State,Delaware,Delaware,"4,1","Apr 2 - Apr 29, 2024",5.3
"Currently experiencing long COVID, as a percentage of all adults",By State,District of Columbia,District of Columbia,"4,1","Apr 2 - Apr 29, 2024",3.2
"Currently experiencing long COVID, as a percentage of all adults",By State,Florida,Florida,"4,1","Apr 2 - Apr 29, 2024",4.8
"Currently experiencing long COVID, as a percentage of all adults",By State,Georgia,Georgia,"4,1","Apr 2 - Apr 29, 2024",4.3
"Currently experiencing long COVID, as a percentage of all adults",By State,Hawaii,Hawaii,"4,1","Apr 2 - Apr 29, 2024",3.7
"Currently experiencing long COVID, as a percentage of all adults",By State,Idaho,Idaho,"4,1","Apr 2 - Apr 29, 2024",9.0
"Currently experiencing long COVID, as a percentage of all adults",By State,Illinois,Illinois,"4,1","Apr 2 - Apr 29, 2024",6.6
"Currently experiencing long COVID, as a percentage of all adults",By State,Indiana,Indiana,"4,1","Apr 2 - Apr 29, 2024",7.8
"Currently experiencing long COVID, as a percentage of all adults",By State,Iowa,Iowa,"4,1","Apr 2 - Apr 29, 2024",4.3
"Currently experiencing long COVID, as a percentage of all adults",By State,Kansas,Kansas,"4,1","Apr 2 - Apr 29, 2024",5.2
"Currently experiencing long COVID, as a percentage of all adults",By State,Kentucky,Kentucky,"4,1","Apr 2 - Apr 29, 2024",7.9
"Currently experiencing long COVID, as a percentage of all adults",By State,Louisiana,Louisiana,"4,1","Apr 2 - Apr 29, 2024",5.2
"Currently experiencing long COVID, as a percentage of all adults",By State,Maine,Maine,"4,1","Apr 2 - Apr 29, 2024",8.2
"Currently experiencing long COVID, as a percentage of all adults",By State,Maryland,Maryland,"4,1","Apr 2 - Apr 29, 2024",4.6
"Currently experiencing long COVID, as a percentage of all adults",By State,Massachusetts,Massachusetts,"4,1","Apr 2 - Apr 29, 2024",4.1
"Currently experiencing long COVID, as a percentage of all adults",By State,Michigan,Michigan,"4,1","Apr 2 - Apr 29, 2024",5.5
"Currently experiencing long COVID, as a percentage of all adults",By State,Minnesota,Minnesota,"4,1","Apr 2 - Apr 29, 2024",4.6
"Currently experiencing long COVID, as a percentage of all adults",By State,Mississippi,Mississippi,"4,1","Apr 2 - Apr 29, 2024",6.6
"Currently experiencing long COVID, as a percentage of all adults",By State,Missouri,Missouri,"4,1","Apr 2 - Apr 29, 2024",5.4
"Currently experiencing long COVID, as a percentage of all adults",By State,Montana,Montana,"4,1","Apr 2 - Apr 29, 2024",5.5
"Currently experiencing long COVID, as a percentage of all adults",By State,Nebraska,Nebraska,"4,1","Apr 2 - Apr 29, 2024",5.8
"Currently experiencing long COVID, as a percentage of all adults",By State,Nevada,Nevada,"4,1","Apr 2 - Apr 29, 2024",7.1
"Currently experiencing long COVID, as a percentage of all adults",By State,New Hampshire,New Hampshire,"4,1","Apr 2 - Apr 29, 2024",7.3
"Currently experiencing long COVID, as a percentage of all adults",By State,New Jersey,New Jersey,"4,1","Apr 2 - Apr 29, 2024",4.4
"Currently experiencing long COVID, as a percentage of all adults",By State,New Mexico,New Mexico,"4,1","Apr 2 - Apr 29, 2024",8.1
"Currently experiencing long COVID, as a percentage of all adults",By State,New York,New York,"4,1","Apr 2 - Apr 29, 2024",3.9
"Currently experiencing long COVID, as a percentage of all adults",By State,North Carolina,North Carolina,"4,1","Apr 2 - Apr 29, 2024",5.1
"Currently experiencing long COVID, as a percentage of all adults",By State,North Dakota,North Dakota,"4,1","Apr 2 - Apr 29, 2024",7.2
"Currently experiencing long COVID, as a percentage of all adults",By State,Ohio,Ohio,"4,1","Apr 2 - Apr 29, 2024",5.0
"Currently experiencing long COVID, as a percentage of all adults",By State,Oklahoma,Oklahoma,"4,1","Apr 2 - Apr 29, 2024",6.4
"Currently experiencing long COVID, as a percentage of all adults",By State,Oregon,Oregon,"4,1","Apr 2 - Apr 29, 2024",5.4
"Currently experiencing long COVID, as a percentage of all adults",By State,Pennsylvania,Pennsylvania,"4,1","Apr 2 - Apr 29, 2024",6.2
"Currently experiencing long COVID, as a percentage of all adults",By State,Rhode Island,Rhode Island,"4,1","Apr 2 - Apr 29, 2024",3.4
"Currently experiencing long COVID, as a percentage of all adults",By State,South Carolina,South Carolina,"4,1","Apr 2 - Apr 29, 2024",6.7
"Currently experiencing long COVID, as a percentage of all adults",By State,South Dakota,South Dakota,"4,1","Apr 2 - Apr 29, 2024",4.2
"Currently experiencing long COVID, as a percentage of all adults",By State,Tennessee,Tennessee,"4,1","Apr 2 - Apr 29, 2024",8.0
"Currently experiencing long COVID, as a percentage of all adults",By State,Texas,Texas,"4,1","Apr 2 - Apr 29, 2024",4.2
"Currently experiencing long COVID, as a percentage of all adults",By State,Utah,Utah,"4,1","Apr 2 - Apr 29, 2024",5.8
"Currently experiencing long COVID, as a percentage of all adults",By State,Vermont,Vermont,"4,1","Apr 2 - Apr 29, 2024",8.1
"Currently experiencing long COVID, as a percentage of all adults",By State,Virginia,Virginia,"4,1","Apr 2 - Apr 29, 2024",4.7
"Currently experiencing long COVID, as a percentage of all adults",By State,Washington,Washington,"4,1","Apr 2 - Apr 29, 2024",6.2
"Currently experiencing long COVID, as a percentage of all adults",By State,West Virginia,West Virginia,"4,1","Apr 2 - Apr 29, 2024",8.2
"Currently experiencing long COVID, as a percentage of all adults",By State,Wisconsin,Wisconsin,"4,1","Apr 2 - Apr 29, 2024",5.7
"Currently experiencing long COVID, as a percentage of all adults",By State,Wyoming,Wyoming,"4,1","Apr 2 - Apr 29, 2024",7.5
"Any activity limitations from long COVID, as a percentage of adults who currently have long COVID",By Age,United States,18 - 29 years,"4,1","Apr 2 - Apr 29, 2024",84.5
"Any activity limitations from long COVID, as a percentage of adults who currently have long COVID",By Age,United States,30 - 39 years,"4,1","Apr 2 - Apr 29, 2024",74.0
"Any activity limitations from long COVID, as a percentage of adults who currently have long COVID",By Age,United States,40 - 49 years,"4,1","Apr 2 - Apr 29, 2024",80.5
"Any activity limitations from long COVID, as a percentage of adults who currently have long COVID",By Age,United States,50 - 59 years,"4,1","Apr 2 - Apr 29, 2024",81.8
"Any activity limitations from long COVID, as a percentage of adults who currently have long COVID",By Age,United States,60 - 69 years,"4,1","Apr 2 - Apr 29, 2024",80.8
"Any activity limitations from long COVID, as a percentage of adults who currently have long COVID",By Age,United States,70 - 79 years,"4,1","Apr 2 - Apr 29, 2024",73.8
"Any activity limitations from long COVID, as a percentage of adults who currently have long COVID",By Age,United States,80 years and above,"4,1","Apr 2 - Apr 29, 2024",
"Any activity limitations from long COVID, as a percentage of adults who currently have long COVID",By State,Alabama,Alabama,"4,1","Apr 2 - Apr 29, 2024",
"Any activity limitations from long COVID, as a percentage of adults who currently have long COVID",By State,Alaska,Alaska,"4,1","Apr 2 - Apr 29, 2024",
"Any activity limitations from long COVID, as a percentage of adults who currently have long COVID",By State,Arizona,Arizona,"4,1","Apr 2 - Apr 29, 2024",79.2
"Any activity limitations from long COVID, as a percentage of adults who currently have long COVID",By State,Arkansas,Arkansas,"4,1","Apr 2 - Apr 29, 2024",
"Any activity limitations from long COVID, as a percentage of adults who currently have long COVID",By State,California,California,"4,1","Apr 2 - Apr 29, 2024",76.5
"Any activity limitations from long COVID, as a percentage of adults who currently have long COVID",By State,Colorado,Colorado,"4,1","Apr 2 - Apr 29, 2024",76.9
"Any activity limitations from long COVID, as a percentage of adults who currently have long COVID",By State,Connecticut,Connecticut,"4,1","Apr 2 - Apr 29, 2024",
"Any activity limitations from long COVID, as a percentage of adults who currently have long COVID",By State,Delaware,Delaware,"4,1","Apr 2 - Apr 29, 2024",
"Any activity limitations from long COVID, as a percentage of adults who currently have long COVID",By State,District of Columbia,District of Columbia,"4,1","Apr 2 - Apr 29, 2024",
"Any activity limitations from long COVID, as a percentage of adults who currently have long COVID",By State,Florida,Florida,"4,1","Apr 2 - Apr 29, 2024",85.8
"Any activity limitations from long COVID, as a percentage of adults who currently have long COVID",By State,Georgia,Georgia,"4,1","Apr 2 - Apr 29, 2024",80.7
"Any activity limitations from long COVID, as a percentage of adults who currently have long COVID",By State,Hawaii,Hawaii,"4,1","Apr 2 - Apr 29, 2024",
"Any activity limitations from long COVID, as a percentage of adults who currently have long COVID",By State,Idaho,Idaho,"4,1","Apr 2 - Apr 29, 2024",
"Any activity limitations from long COVID, as a percentage of adults who currently have long COVID",By State,Illinois,Illinois,"4,1","Apr 2 - Apr 29, 2024",
"Any activity limitations from long COVID, as a percentage of adults who currently have long COVID",By State,Indiana,Indiana,"4,1","Apr 2 - Apr 29, 2024",75.1
"Any activity limitations from long COVID, as a percentage of adults who currently have long COVID",By State,Iowa,Iowa,"4,1","Apr 2 - Apr 29, 2024",71.0
"Any activity limitations from long COVID, as a percentage of adults who currently have long COVID",By State,Kansas,Kansas,"4,1","Apr 2 - Apr 29, 2024",
"Any activity limitations from long COVID, as a percentage of adults who currently have long COVID",By State,Kentucky,Kentucky,"4,1","Apr 2 - Apr 29, 2024",77.3
"Any activity limitations from long COVID, as a percentage of adults who currently have long COVID",By State,Louisiana,Louisiana,"4,1","Apr 2 - Apr 29, 2024",
"Any activity limitations from long COVID, as a percentage of adults who currently have long COVID",By State,Maine,Maine,"4,1","Apr 2 - Apr 29, 2024",80.4
"Any activity limitations from long COVID, as a percentage of adults who currently have long COVID",By State,Maryland,Maryland,"4,1","Apr 2 - Apr 29, 2024",74.4
"Any activity limitations from long COVID, as a percentage of adults who currently have long COVID",By State,Massachusetts,Massachusetts,"4,1","Apr 2 - Apr 29, 2024",65.1
"Any activity limitations from long COVID, as a percentage of adults who currently have long COVID",By State,Michigan,Michigan,"4,1","Apr 2 - Apr 29, 2024",80.6
"Any activity limitations from long COVID, as a percentage of adults who currently have long COVID",By State,Minnesota,Minnesota,"4,1","Apr 2 - Apr 29, 2024",75.9
"Any activity limitations from long COVID, as a percentage of adults who currently have long COVID",By State,Mississippi,Mississippi,"4,1","Apr 2 - Apr 29, 2024",
"Any activity limitations from long COVID, as a percentage of adults who currently have long COVID",By State,Missouri,Missouri,"4,1","Apr 2 - Apr 29, 2024",77.5
"Any activity limitations from long COVID, as a percentage of adults who currently have long COVID",By State,Montana,Montana,"4,1","Apr 2 - Apr 29, 2024",
"Any activity limitations from long COVID, as a percentage of adults who currently have long COVID",By State,Nebraska,Nebraska,"4,1","Apr 2 - Apr 29, 2024",
"Any activity limitations from long COVID, as a percentage of adults who currently have long COVID",By State,Nevada,Nevada,"4,1","Apr 2 - Apr 29, 2024",
"Any activity limitations from long COVID, as a percentage of adults who currently have long COVID",By State,New Hampshire,New Hampshire,"4,1","Apr 2 - Apr 29, 2024",74.0
"Any activity limitations from long COVID, as a percentage of adults who currently have long COVID",By State,New Jersey,New Jersey,"4,1","Apr 2 - Apr 29, 2024",
"Any activity limitations from long COVID, as a percentage of adults who currently have long COVID",By State,New Mexico,New Mexico,"4,1","Apr 2 - Apr 29, 2024",
"Any activity limitations from long COVID, as a percentage of adults who currently have long COVID",By State,New York,New York,"4,1","Apr 2 - Apr 29, 2024",
"Any activity limitations from long COVID, as a percentage of adults who currently have long COVID",By State,North Carolina,North Carolina,"4,1","Apr 2 - Apr 29, 2024",
"Any activity limitations from long COVID, as a percentage of adults who currently have long COVID",By State,North Dakota,North Dakota,"4,1","Apr 2 - Apr 29, 2024",
"Any activity limitations from long COVID, as a percentage of adults who currently have long COVID",By State,Ohio,Ohio,"4,1","Apr 2 - Apr 29, 2024",66.3
"Any activity limitations from long COVID, as a percentage of adults who currently have long COVID",By State,Oklahoma,Oklahoma,"4,1","Apr 2 - Apr 29, 2024",81.3
"Any activity limitations from long COVID, as a percentage of adults who currently have long COVID",By State,Oregon,Oregon,"4,1","Apr 2 - Apr 29, 2024",75.9
"Any activity limitations from long COVID, as a percentage of adults who currently have long COVID",By State,Pennsylvania,Pennsylvania,"4,1","Apr 2 - Apr 29, 2024",
"Any activity limitations from long COVID, as a percentage of adults who currently have long COVID",By State,Rhode Island,Rhode Island,"4,1","Apr 2 - Apr 29, 2024",
"Any activity limitations from long COVID, as a percentage of adults who currently have long COVID",By State,South Carolina,South Carolina,"4,1","Apr 2 - Apr 29, 2024",75.4
"Any activity limitations from long COVID, as a percentage of adults who currently have long COVID",By State,South Dakota,South Dakota,"4,1","Apr 2 - Apr 29, 2024",
"Any activity limitations from long COVID, as a percentage of adults who currently have long COVID",By State,Tennessee,Tennessee,"4,1","Apr 2 - Apr 29, 2024",86.5
"Any activity limitations from long COVID, as a percentage of adults who currently have long COVID",By State,Texas,Texas,"4,1","Apr 2 - Apr 29, 2024",80.8
"Any activity limitations from long COVID, as a percentage of adults who currently have long COVID",By State,Utah,Utah,"4,1","Apr 2 - Apr 29, 2024",84.7
"Any activity limitations from long COVID, as a percentage of adults who currently have long COVID",By State,Vermont,Vermont,"4,1","Apr 2 - Apr 29, 2024",
"Any activity limitations from long COVID, as a percentage of adults who currently have long COVID",By State,Virginia,Virginia,"4,1","Apr 2 - Apr 29, 2024",
"Any activity limitations from long COVID, as a percentage of adults who currently have long COVID",By State,Washington,Washington,"4,1","Apr 2 - Apr 29, 2024",78.9
"Any activity limitations from long COVID, as a percentage of adults who currently have long COVID",By State,West Virginia,West Virginia,"4,1","Apr 2 - Apr 29, 2024",
"Any activity limitations from long COVID, as a percentage of adults who currently have long COVID",By State,Wisconsin,Wisconsin,"4,1","Apr 2 - Apr 29, 2024",81.5
"Any activity limitations from long COVID, as a percentage of adults who currently have long COVID",By State,Wyoming,Wyoming,"4,1","Apr 2 - Apr 29, 2024",
"Ever experienced long COVID, as a percentage of adults who ever had COVID",By Age,United States,18 - 29 years,"4,1","Apr 30 - May 27, 2024",31.1
"Ever experienced long COVID, as a percentage of adults who ever had COVID",By Age,United States,30 - 39 years,"4,1","Apr 30 - May 27, 2024",30.6
"Ever experienced long COVID, as a percentage of adults who ever had COVID",By Age,United States,40 - 49 years,"4,1","Apr 30 - May 27, 2024",34.6
"Ever experienced long COVID, as a percentage of adults who ever had COVID",By Age,United States,50 - 59 years,"4,1","Apr 30 - May 27, 2024",31.8
"Ever experienced long COVID, as a percentage of adults who ever had COVID",By Age,United States,60 - 69 years,"4,1","Apr 30 - May 27, 2024",30.0
"Ever experienced long COVID, as a percentage of adults who ever had COVID",By Age,United States,70 - 79 years,"4,1","Apr 30 - May 27, 2024",23.1
"Ever experienced long COVID, as a percentage of adults who ever had COVID",By Age,United States,80 years and above,"4,1","Apr 30 - May 27, 2024",21.7
"Ever experienced long COVID, as a percentage of adults who ever had COVID",By State,Alabama,Alabama,"4,1","Apr 30 - May 27, 2024",38.7
"Ever experienced long COVID, as a percentage of adults who ever had COVID",By State,Alaska,Alaska,"4,1","Apr 30 - May 27, 2024",28.4
"Ever experienced long COVID, as a percentage of adults who ever had COVID",By State,Arizona,Arizona,"4,1","Apr 30 - May 27, 2024",32.6
"Ever experienced long COVID, as a percentage of adults who ever had COVID",By State,Arkansas,Arkansas,"4,1","Apr 30 - May 27, 2024",37.5
"Ever experienced long COVID, as a percentage of adults who ever had COVID",By State,California,California,"4,1","Apr 30 - May 27, 2024",29.0
"Ever experienced long COVID, as a percentage of adults who ever had COVID",By State,Colorado,Colorado,"4,1","Apr 30 - May 27, 2024",28.5
"Ever experienced long COVID, as a percentage of adults who ever had COVID",By State,Connecticut,Connecticut,"4,1","Apr 30 - May 27, 2024",27.0
"Ever experienced long COVID, as a percentage of adults who ever had COVID",By State,Delaware,Delaware,"4,1","Apr 30 - May 27, 2024",27.0
"Ever experienced long COVID, as a percentage of adults who ever had COVID",By State,District of Columbia,District of Columbia,"4,1","Apr 30 - May 27, 2024",17.2
"Ever experienced long COVID, as a percentage of adults who ever had COVID",By State,Florida,Florida,"4,1","Apr 30 - May 27, 2024",28.3
"Ever experienced long COVID, as a percentage of adults who ever had COVID",By State,Georgia,Georgia,"4,1","Apr 30 - May 27, 2024",30.5
"Ever experienced long COVID, as a percentage of adults who ever had COVID",By State,Hawaii,Hawaii,"4,1","Apr 30 - May 27, 2024",21.0
"Ever experienced long COVID, as a percentage of adults who ever had COVID",By State,Idaho,Idaho,"4,1","Apr 30 - May 27, 2024",35.3
"Ever experienced long COVID, as a percentage of adults who ever had COVID",By State,Illinois,Illinois,"4,1","Apr 30 - May 27, 2024",30.3
"Ever experienced long COVID, as a percentage of adults who ever had COVID",By State,Indiana,Indiana,"4,1","Apr 30 - May 27, 2024",34.7
"Ever experienced long COVID, as a percentage of adults who ever had COVID",By State,Iowa,Iowa,"4,1","Apr 30 - May 27, 2024",33.6
"Ever experienced long COVID, as a percentage of adults who ever had COVID",By State,Kansas,Kansas,"4,1","Apr 30 - May 27, 2024",33.1
"Ever experienced long COVID, as a percentage of adults who ever had COVID",By State,Kentucky,Kentucky,"4,1","Apr 30 - May 27, 2024",36.7
"Ever experienced long COVID, as a percentage of adults who ever had COVID",By State,Louisiana,Louisiana,"4,1","Apr 30 - May 27, 2024",30.8
"Ever experienced long COVID, as a percentage of adults who ever had COVID",By State,Maine,Maine,"4,1","Apr 30 - May 27, 2024",26.8
"Ever experienced long COVID, as a percentage of adults who ever had COVID",By State,Maryland,Maryland,"4,1","Apr 30 - May 27, 2024",27.0
"Ever experienced long COVID, as a percentage of adults who ever had COVID",By State,Massachusetts,Massachusetts,"4,1","Apr 30 - May 27, 2024",23.3
"Ever experienced long COVID, as a percentage of adults who ever had COVID",By State,Michigan,Michigan,"4,1","Apr 30 - May 27, 2024",32.3
"Ever experienced long COVID, as a percentage of adults who ever had COVID",By State,Minnesota,Minnesota,"4,1","Apr 30 - May 27, 2024",28.3
"Ever experienced long COVID, as a percentage of adults who ever had COVID",By State,Mississippi,Mississippi,"4,1","Apr 30 - May 27, 2024",37.4
"Ever experienced long COVID, as a percentage of adults who ever had COVID",By State,Missouri,Missouri,"4,1","Apr 30 - May 27, 2024",33.5
"Ever experienced long COVID, as a percentage of adults who ever had COVID",By State,Montana,Montana,"4,1","Apr 30 - May 27, 2024",31.5
"Ever experienced long COVID, as a percentage of adults who ever had COVID",By State,Nebraska,Nebraska,"4,1","Apr 30 - May 27, 2024",30.8
"Ever experienced long COVID, as a percentage of adults who ever had COVID",By State,Nevada,Nevada,"4,1","Apr 30 - May 27, 2024",33.0
"Ever experienced long COVID, as a percentage of adults who ever had COVID",By State,New Hampshire,New Hampshire,"4,1","Apr 30 - May 27, 2024",23.4
"Ever experienced long COVID, as a percentage of adults who ever had COVID",By State,New Jersey,New Jersey,"4,1","Apr 30 - May 27, 2024",27.7
"Ever experienced long COVID, as a percentage of adults who ever had COVID",By State,New Mexico,New Mexico,"4,1","Apr 30 - May 27, 2024",37.4
"Ever experienced long COVID, as a percentage of adults who ever had COVID",By State,New York,New York,"4,1","Apr 30 - May 27, 2024",29.6
"Ever experienced long COVID, as a percentage of adults who ever had COVID",By State,North Carolina,North Carolina,"4,1","Apr 30 - May 27, 2024",28.5
"Ever experienced long COVID, as a percentage of adults who ever had COVID",By State,North Dakota,North Dakota,"4,1","Apr 30 - May 27, 2024",33.7
"Ever experienced long COVID, as a percentage of adults who ever had COVID",By State,Ohio,Ohio,"4,1","Apr 30 - May 27, 2024",29.4
"Ever experienced long COVID, as a percentage of adults who ever had COVID",By State,Oklahoma,Oklahoma,"4,1","Apr 30 - May 27, 2024",35.9
"Ever experienced long COVID, as a percentage of adults who ever had COVID",By State,Oregon,Oregon,"4,1","Apr 30 - May 27, 2024",29.9
"Ever experienced long COVID, as a percentage of adults who ever had COVID",By State,Pennsylvania,Pennsylvania,"4,1","Apr 30 - May 27, 2024",30.0
"Ever experienced long COVID, as a percentage of adults who ever had COVID",By State,Rhode Island,Rhode Island,"4,1","Apr 30 - May 27, 2024",30.8
"Ever experienced long COVID, as a percentage of adults who ever had COVID",By State,South Carolina,South Carolina,"4,1","Apr 30 - May 27, 2024",36.8
"Ever experienced long COVID, as a percentage of adults who ever had COVID",By State,South Dakota,South Dakota,"4,1","Apr 30 - May 27, 2024",35.8
"Ever experienced long COVID, as a percentage of adults who ever had COVID",By State,Tennessee,Tennessee,"4,1","Apr 30 - May 27, 2024",33.6
"Ever experienced long COVID, as a percentage of adults who ever had COVID",By State,Texas,Texas,"4,1","Apr 30 - May 27, 2024",34.2
"Ever experienced long COVID, as a percentage of adults who ever had COVID",By State,Utah,Utah,"4,1","Apr 30 - May 27, 2024",35.7
"Ever experienced long COVID, as a percentage of adults who ever had COVID",By State,Vermont,Vermont,"4,1","Apr 30 - May 27, 2024",23.2
"Ever experienced long COVID, as a percentage of adults who ever had COVID",By State,Virginia,Virginia,"4,1","Apr 30 - May 27, 2024",25.4
"Ever experienced long COVID, as a percentage of adults who ever had COVID",By State,Washington,Washington,"4,1","Apr 30 - May 27, 2024",32.7
"Ever experienced long COVID, as a percentage of adults who ever had COVID",By State,West Virginia,West Virginia,"4,1","Apr 30 - May 27, 2024",34.4
"Ever experienced long COVID, as a percentage of adults who ever had COVID",By State,Wisconsin,Wisconsin,"4,1","Apr 30 - May 27, 2024",29.3
"Ever experienced long COVID, as a percentage of adults who ever had COVID",By State,Wyoming,Wyoming,"4,1","Apr 30 - May 27, 2024",41.3
"Currently experiencing long COVID, as a percentage of all adults",By Age,United States,18 - 29 years,"4,1","Apr 30 - May 27, 2024",6.7
"Currently experiencing long COVID, as a percentage of all adults",By Age,United States,30 - 39 years,"4,1","Apr 30 - May 27, 2024",6.5
"Currently experiencing long COVID, as a percentage of all adults",By Age,United States,40 - 49 years,"4,1","Apr 30 - May 27, 2024",7.1
"Currently experiencing long COVID, as a percentage of all adults",By Age,United States,50 - 59 years,"4,1","Apr 30 - May 27, 2024",6.7
"Currently experiencing long COVID, as a percentage of all adults",By Age,United States,60 - 69 years,"4,1","Apr 30 - May 27, 2024",5.4
"Currently experiencing long COVID, as a percentage of all adults",By Age,United States,70 - 79 years,"4,1","Apr 30 - May 27, 2024",3.3
"Currently experiencing long COVID, as a percentage of all adults",By Age,United States,80 years and above,"4,1","Apr 30 - May 27, 2024",3.2
"Currently experiencing long COVID, as a percentage of all adults",By State,Alabama,Alabama,"4,1","Apr 30 - May 27, 2024",8.6
"Currently experiencing long COVID, as a percentage of all adults",By State,Alaska,Alaska,"4,1","Apr 30 - May 27, 2024",6.8
"Currently experiencing long COVID, as a percentage of all adults",By State,Arizona,Arizona,"4,1","Apr 30 - May 27, 2024",5.9
"Currently experiencing long COVID, as a percentage of all adults",By State,Arkansas,Arkansas,"4,1","Apr 30 - May 27, 2024",6.6
"Currently experiencing long COVID, as a percentage of all adults",By State,California,California,"4,1","Apr 30 - May 27, 2024",5.3
"Currently experiencing long COVID, as a percentage of all adults",By State,Colorado,Colorado,"4,1","Apr 30 - May 27, 2024",5.3
"Currently experiencing long COVID, as a percentage of all adults",By State,Connecticut,Connecticut,"4,1","Apr 30 - May 27, 2024",5.8
"Currently experiencing long COVID, as a percentage of all adults",By State,Delaware,Delaware,"4,1","Apr 30 - May 27, 2024",4.3
"Currently experiencing long COVID, as a percentage of all adults",By State,District of Columbia,District of Columbia,"4,1","Apr 30 - May 27, 2024",3.0
"Currently experiencing long COVID, as a percentage of all adults",By State,Florida,Florida,"4,1","Apr 30 - May 27, 2024",5.5
"Currently experiencing long COVID, as a percentage of all adults",By State,Georgia,Georgia,"4,1","Apr 30 - May 27, 2024",7.3
"Currently experiencing long COVID, as a percentage of all adults",By State,Hawaii,Hawaii,"4,1","Apr 30 - May 27, 2024",3.5
"Currently experiencing long COVID, as a percentage of all adults",By State,Idaho,Idaho,"4,1","Apr 30 - May 27, 2024",5.7
"Currently experiencing long COVID, as a percentage of all adults",By State,Illinois,Illinois,"4,1","Apr 30 - May 27, 2024",6.2
"Currently experiencing long COVID, as a percentage of all adults",By State,Indiana,Indiana,"4,1","Apr 30 - May 27, 2024",6.0
"Currently experiencing long COVID, as a percentage of all adults",By State,Iowa,Iowa,"4,1","Apr 30 - May 27, 2024",4.7
"Currently experiencing long COVID, as a percentage of all adults",By State,Kansas,Kansas,"4,1","Apr 30 - May 27, 2024",5.5
"Currently experiencing long COVID, as a percentage of all adults",By State,Kentucky,Kentucky,"4,1","Apr 30 - May 27, 2024",7.1
"Currently experiencing long COVID, as a percentage of all adults",By State,Louisiana,Louisiana,"4,1","Apr 30 - May 27, 2024",5.3
"Currently experiencing long COVID, as a percentage of all adults",By State,Maine,Maine,"4,1","Apr 30 - May 27, 2024",6.7
"Currently experiencing long COVID, as a percentage of all adults",By State,Maryland,Maryland,"4,1","Apr 30 - May 27, 2024",7.3
"Currently experiencing long COVID, as a percentage of all adults",By State,Massachusetts,Massachusetts,"4,1","Apr 30 - May 27, 2024",6.3
"Currently experiencing long COVID, as a percentage of all adults",By State,Michigan,Michigan,"4,1","Apr 30 - May 27, 2024",7.1
"Currently experiencing long COVID, as a percentage of all adults",By State,Minnesota,Minnesota,"4,1","Apr 30 - May 27, 2024",4.6
"Currently experiencing long COVID, as a percentage of all adults",By State,Mississippi,Mississippi,"4,1","Apr 30 - May 27, 2024",6.6
"Currently experiencing long COVID, as a percentage of all adults",By State,Missouri,Missouri,"4,1","Apr 30 - May 27, 2024",5.7
"Currently experiencing long COVID, as a percentage of all adults",By State,Montana,Montana,"4,1","Apr 30 - May 27, 2024",8.1
"Currently experiencing long COVID, as a percentage of all adults",By State,Nebraska,Nebraska,"4,1","Apr 30 - May 27, 2024",6.0
"Currently experiencing long COVID, as a percentage of all adults",By State,Nevada,Nevada,"4,1","Apr 30 - May 27, 2024",5.2
"Currently experiencing long COVID, as a percentage of all adults",By State,New Hampshire,New Hampshire,"4,1","Apr 30 - May 27, 2024",6.5
"Currently experiencing long COVID, as a percentage of all adults",By State,New Jersey,New Jersey,"4,1","Apr 30 - May 27, 2024",5.3
"Currently experiencing long COVID, as a percentage of all adults",By State,New Mexico,New Mexico,"4,1","Apr 30 - May 27, 2024",8.3
"Currently experiencing long COVID, as a percentage of all adults",By State,New York,New York,"4,1","Apr 30 - May 27, 2024",8.3
"Currently experiencing long COVID, as a percentage of all adults",By State,North Carolina,North Carolina,"4,1","Apr 30 - May 27, 2024",4.6
"Currently experiencing long COVID, as a percentage of all adults",By State,North Dakota,North Dakota,"4,1","Apr 30 - May 27, 2024",4.0
"Currently experiencing long COVID, as a percentage of all adults",By State,Ohio,Ohio,"4,1","Apr 30 - May 27, 2024",6.2
"Currently experiencing long COVID, as a percentage of all adults",By State,Oklahoma,Oklahoma,"4,1","Apr 30 - May 27, 2024",4.7
"Currently experiencing long COVID, as a percentage of all adults",By State,Oregon,Oregon,"4,1","Apr 30 - May 27, 2024",6.3
"Currently experiencing long COVID, as a percentage of all adults",By State,Pennsylvania,Pennsylvania,"4,1","Apr 30 - May 27, 2024",4.7
"Currently experiencing long COVID, as a percentage of all adults",By State,Rhode Island,Rhode Island,"4,1","Apr 30 - May 27, 2024",7.4
"Currently experiencing long COVID, as a percentage of all adults",By State,South Carolina,South Carolina,"4,1","Apr 30 - May 27, 2024",7.5
"Currently experiencing long COVID, as a percentage of all adults",By State,South Dakota,South Dakota,"4,1","Apr 30 - May 27, 2024",5.5
"Currently experiencing long COVID, as a percentage of all adults",By State,Tennessee,Tennessee,"4,1","Apr 30 - May 27, 2024",7.5
"Currently experiencing long COVID, as a percentage of all adults",By State,Texas,Texas,"4,1","Apr 30 - May 27, 2024",5.1
"Currently experiencing long COVID, as a percentage of all adults",By State,Utah,Utah,"4,1","Apr 30 - May 27, 2024",6.5
"Currently experiencing long COVID, as a percentage of all adults",By State,Vermont,Vermont,"4,1","Apr 30 - May 27, 2024",3.4
"Currently experiencing long COVID, as a percentage of all adults",By State,Virginia,Virginia,"4,1","Apr 30 - May 27, 2024",4.9
"Currently experiencing long COVID, as a percentage of all adults",By State,Washington,Washington,"4,1","Apr 30 - May 27, 2024",8.1
"Currently experiencing long COVID, as a percentage of all adults",By State,West Virginia,West Virginia,"4,1","Apr 30 - May 27, 2024",6.4
"Currently experiencing long COVID, as a percentage of all adults",By State,Wisconsin,Wisconsin,"4,1","Apr 30 - May 27, 2024",5.4
"Currently experiencing long COVID, as a percentage of all adults",By State,Wyoming,Wyoming,"4,1","Apr 30 - May 27, 2024",7.2
"Any activity limitations from long COVID, as a percentage of adults who currently have long COVID",By Age,United States,18 - 29 years,"4,1","Apr 30 - May 27, 2024",77.5
"Any activity limitations from long COVID, as a percentage of adults who currently have long COVID",By Age,United States,30 - 39 years,"4,1","Apr 30 - May 27, 2024",83.6
"Any activity limitations from long COVID, as a percentage of adults who currently have long COVID",By Age,United States,40 - 49 years,"4,1","Apr 30 - May 27, 2024",83.6
"Any activity limitations from long COVID, as a percentage of adults who currently have long COVID",By Age,United States,50 - 59 years,"4,1","Apr 30 - May 27, 2024",78.9
"Any activity limitations from long COVID, as a percentage of adults who currently have long COVID",By Age,United States,60 - 69 years,"4,1","Apr 30 - May 27, 2024",76.5
"Any activity limitations from long COVID, as a percentage of adults who currently have long COVID",By Age,United States,70 - 79 years,"4,1","Apr 30 - May 27, 2024",79.9
"Any activity limitations from long COVID, as a percentage of adults who currently have long COVID",By Age,United States,80 years and above,"4,1","Apr 30 - May 27, 2024",
"Any activity limitations from long COVID, as a percentage of adults who currently have long COVID",By State,Alabama,Alabama,"4,1","Apr 30 - May 27, 2024",79.0
"Any activity limitations from long COVID, as a percentage of adults who currently have long COVID",By State,Alaska,Alaska,"4,1","Apr 30 - May 27, 2024",
"Any activity limitations from long COVID, as a percentage of adults who currently have long COVID",By State,Arizona,Arizona,"4,1","Apr 30 - May 27, 2024",84.6
"Any activity limitations from long COVID, as a percentage of adults who currently have long COVID",By State,Arkansas,Arkansas,"4,1","Apr 30 - May 27, 2024",
"Any activity limitations from long COVID, as a percentage of adults who currently have long COVID",By State,California,California,"4,1","Apr 30 - May 27, 2024",88.4
"Any activity limitations from long COVID, as a percentage of adults who currently have long COVID",By State,Colorado,Colorado,"4,1","Apr 30 - May 27, 2024",77.8
"Any activity limitations from long COVID, as a percentage of adults who currently have long COVID",By State,Connecticut,Connecticut,"4,1","Apr 30 - May 27, 2024",78.3
"Any activity limitations from long COVID, as a percentage of adults who currently have long COVID",By State,Delaware,Delaware,"4,1","Apr 30 - May 27, 2024",
"Any activity limitations from long COVID, as a percentage of adults who currently have long COVID",By State,District of Columbia,District of Columbia,"4,1","Apr 30 - May 27, 2024",
"Any activity limitations from long COVID, as a percentage of adults who currently have long COVID",By State,Florida,Florida,"4,1","Apr 30 - May 27, 2024",77.4
"Any activity limitations from long COVID, as a percentage of adults who currently have long COVID",By State,Georgia,Georgia,"4,1","Apr 30 - May 27, 2024",
"Any activity limitations from long COVID, as a percentage of adults who currently have long COVID",By State,Hawaii,Hawaii,"4,1","Apr 30 - May 27, 2024",
"Any activity limitations from long COVID, as a percentage of adults who currently have long COVID",By State,Idaho,Idaho,"4,1","Apr 30 - May 27, 2024",75.7
"Any activity limitations from long COVID, as a percentage of adults who currently have long COVID",By State,Illinois,Illinois,"4,1","Apr 30 - May 27, 2024",77.0
"Any activity limitations from long COVID, as a percentage of adults who currently have long COVID",By State,Indiana,Indiana,"4,1","Apr 30 - May 27, 2024",
"Any activity limitations from long COVID, as a percentage of adults who currently have long COVID",By State,Iowa,Iowa,"4,1","Apr 30 - May 27, 2024",78.9
"Any activity limitations from long COVID, as a percentage of adults who currently have long COVID",By State,Kansas,Kansas,"4,1","Apr 30 - May 27, 2024",
"Any activity limitations from long COVID, as a percentage of adults who currently have long COVID",By State,Kentucky,Kentucky,"4,1","Apr 30 - May 27, 2024",
"Any activity limitations from long COVID, as a percentage of adults who currently have long COVID",By State,Louisiana,Louisiana,"4,1","Apr 30 - May 27, 2024",
"Any activity limitations from long COVID, as a percentage of adults who currently have long COVID",By State,Maine,Maine,"4,1","Apr 30 - May 27, 2024",
"Any activity limitations from long COVID, as a percentage of adults who currently have long COVID",By State,Maryland,Maryland,"4,1","Apr 30 - May 27, 2024",75.3
"Any activity limitations from long COVID, as a percentage of adults who currently have long COVID",By State,Massachusetts,Massachusetts,"4,1","Apr 30 - May 27, 2024",
"Any activity limitations from long COVID, as a percentage of adults who currently have long COVID",By State,Michigan,Michigan,"4,1","Apr 30 - May 27, 2024",81.7
"Any activity limitations from long COVID, as a percentage of adults who currently have long COVID",By State,Minnesota,Minnesota,"4,1","Apr 30 - May 27, 2024",
"Any activity limitations from long COVID, as a percentage of adults who currently have long COVID",By State,Mississippi,Mississippi,"4,1","Apr 30 - May 27, 2024",
"Any activity limitations from long COVID, as a percentage of adults who currently have long COVID",By State,Missouri,Missouri,"4,1","Apr 30 - May 27, 2024",
"Any activity limitations from long COVID, as a percentage of adults who currently have long COVID",By State,Montana,Montana,"4,1","Apr 30 - May 27, 2024",
"Any activity limitations from long COVID, as a percentage of adults who currently have long COVID",By State,Nebraska,Nebraska,"4,1","Apr 30 - May 27, 2024",80.0
"Any activity limitations from long COVID, as a percentage of adults who currently have long COVID",By State,Nevada,Nevada,"4,1","Apr 30 - May 27, 2024",
"Any activity limitations from long COVID, as a percentage of adults who currently have long COVID",By State,New Hampshire,New Hampshire,"4,1","Apr 30 - May 27, 2024",
"Any activity limitations from long COVID, as a percentage of adults who currently have long COVID",By State,New Jersey,New Jersey,"4,1","Apr 30 - May 27, 2024",
"Any activity limitations from long COVID, as a percentage of adults who currently have long COVID",By State,New Mexico,New Mexico,"4,1","Apr 30 - May 27, 2024",
"Any activity limitations from long COVID, as a percentage of adults who currently have long COVID",By State,New York,New York,"4,1","Apr 30 - May 27, 2024",
"Any activity limitations from long COVID, as a percentage of adults who currently have long COVID",By State,North Carolina,North Carolina,"4,1","Apr 30 - May 27, 2024",
"Any activity limitations from long COVID, as a percentage of adults who currently have long COVID",By State,North Dakota,North Dakota,"4,1","Apr 30 - May 27, 2024",
"Any activity limitations from long COVID, as a percentage of adults who currently have long COVID",By State,Ohio,Ohio,"4,1","Apr 30 - May 27, 2024",
"Any activity limitations from long COVID, as a percentage of adults who currently have long COVID",By State,Oklahoma,Oklahoma,"4,1","Apr 30 - May 27, 2024",
"Any activity limitations from long COVID, as a percentage of adults who currently have long COVID",By State,Oregon,Oregon,"4,1","Apr 30 - May 27, 2024",
"Any activity limitations from long COVID, as a percentage of adults who currently have long COVID",By State,Pennsylvania,Pennsylvania,"4,1","Apr 30 - May 27, 2024",83.7
"Any activity limitations from long COVID, as a percentage of adults who currently have long COVID",By State,Rhode Island,Rhode Island,"4,1","Apr 30 - May 27, 2024",
"Any activity limitations from long COVID, as a percentage of adults who currently have long COVID",By State,South Carolina,South Carolina,"4,1","Apr 30 - May 27, 2024",
"Any activity limitations from long COVID, as a percentage of adults who currently have long COVID",By State,South Dakota,South Dakota,"4,1","Apr 30 - May 27, 2024",
"Any activity limitations from long COVID, as a percentage of adults who currently have long COVID",By State,Tennessee,Tennessee,"4,1","Apr 30 - May 27, 2024",71.9
"Any activity limitations from long COVID, as a percentage of adults who currently have long COVID",By State,Texas,Texas,"4,1","Apr 30 - May 27, 2024",67.3
"Any activity limitations from long COVID, as a percentage of adults who currently have long COVID",By State,Utah,Utah,"4,1","Apr 30 - May 27, 2024",79.2
"Any activity limitations from long COVID, as a percentage of adults who currently have long COVID",By State,Vermont,Vermont,"4,1","Apr 30 - May 27, 2024",
"Any activity limitations from long COVID, as a percentage of adults who currently have long COVID",By State,Virginia,Virginia,"4,1","Apr 30 - May 27, 2024",
"Any activity limitations from long COVID, as a percentage of adults who currently have long COVID",By State,Washington,Washington,"4,1","Apr 30 - May 27, 2024",74.5
"Any activity limitations from long COVID, as a percentage of adults who currently have long COVID",By State,West Virginia,West Virginia,"4,1","Apr 30 - May 27, 2024",
"Any activity limitations from long COVID, as a percentage of adults who currently have long COVID",By State,Wisconsin,Wisconsin,"4,1","Apr 30 - May 27, 2024",73.0
"Any activity limitations from long COVID, as a percentage of adults who currently have long COVID",By State,Wyoming,Wyoming,"4,1","Apr 30 - May 27, 2024",
"Ever experienced long COVID, as a percentage of adults who ever had COVID",By Age,United States,18 - 29 years,"4,1","May 28 - Jun 24, 2024",31.6
"Ever experienced long COVID, as a percentage of adults who ever had COVID",By Age,United States,30 - 39 years,"4,1","May 28 - Jun 24, 2024",31.2
"Ever experienced long COVID, as a percentage of adults who ever had COVID",By Age,United States,40 - 49 years,"4,1","May 28 - Jun 24, 2024",33.3
"Ever experienced long COVID, as a percentage of adults who ever had COVID",By Age,United States,50 - 59 years,"4,1","May 28 - Jun 24, 2024",33.6
"Ever experienced long COVID, as a percentage of adults who ever had COVID",By Age,United States,60 - 69 years,"4,1","May 28 - Jun 24, 2024",29.3
"Ever experienced long COVID, as a percentage of adults who ever had COVID",By Age,United States,70 - 79 years,"4,1","May 28 - Jun 24, 2024",24.8
"Ever experienced long COVID, as a percentage of adults who ever had COVID",By Age,United States,80 years and above,"4,1","May 28 - Jun 24, 2024",23.9
"Ever experienced long COVID, as a percentage of adults who ever had COVID",By State,Alabama,Alabama,"4,1","May 28 - Jun 24, 2024",32.3
"Ever experienced long COVID, as a percentage of adults who ever had COVID",By State,Alaska,Alaska,"4,1","May 28 - Jun 24, 2024",28.8
"Ever experienced long COVID, as a percentage of adults who ever had COVID",By State,Arizona,Arizona,"4,1","May 28 - Jun 24, 2024",32.6
"Ever experienced long COVID, as a percentage of adults who ever had COVID",By State,Arkansas,Arkansas,"4,1","May 28 - Jun 24, 2024",32.8
"Ever experienced long COVID, as a percentage of adults who ever had COVID",By State,California,California,"4,1","May 28 - Jun 24, 2024",28.7
"Ever experienced long COVID, as a percentage of adults who ever had COVID",By State,Colorado,Colorado,"4,1","May 28 - Jun 24, 2024",32.7
"Ever experienced long COVID, as a percentage of adults who ever had COVID",By State,Connecticut,Connecticut,"4,1","May 28 - Jun 24, 2024",26.6
"Ever experienced long COVID, as a percentage of adults who ever had COVID",By State,Delaware,Delaware,"4,1","May 28 - Jun 24, 2024",35.8
"Ever experienced long COVID, as a percentage of adults who ever had COVID",By State,District of Columbia,District of Columbia,"4,1","May 28 - Jun 24, 2024",21.7
"Ever experienced long COVID, as a percentage of adults who ever had COVID",By State,Florida,Florida,"4,1","May 28 - Jun 24, 2024",33.7
"Ever experienced long COVID, as a percentage of adults who ever had COVID",By State,Georgia,Georgia,"4,1","May 28 - Jun 24, 2024",29.5
"Ever experienced long COVID, as a percentage of adults who ever had COVID",By State,Hawaii,Hawaii,"4,1","May 28 - Jun 24, 2024",22.4
"Ever experienced long COVID, as a percentage of adults who ever had COVID",By State,Idaho,Idaho,"4,1","May 28 - Jun 24, 2024",31.7
"Ever experienced long COVID, as a percentage of adults who ever had COVID",By State,Illinois,Illinois,"4,1","May 28 - Jun 24, 2024",27.9
"Ever experienced long COVID, as a percentage of adults who ever had COVID",By State,Indiana,Indiana,"4,1","May 28 - Jun 24, 2024",34.5
"Ever experienced long COVID, as a percentage of adults who ever had COVID",By State,Iowa,Iowa,"4,1","May 28 - Jun 24, 2024",32.5
"Ever experienced long COVID, as a percentage of adults who ever had COVID",By State,Kansas,Kansas,"4,1","May 28 - Jun 24, 2024",36.0
"Ever experienced long COVID, as a percentage of adults who ever had COVID",By State,Kentucky,Kentucky,"4,1","May 28 - Jun 24, 2024",38.1
"Ever experienced long COVID, as a percentage of adults who ever had COVID",By State,Louisiana,Louisiana,"4,1","May 28 - Jun 24, 2024",29.4
"Ever experienced long COVID, as a percentage of adults who ever had COVID",By State,Maine,Maine,"4,1","May 28 - Jun 24, 2024",25.3
"Ever experienced long COVID, as a percentage of adults who ever had COVID",By State,Maryland,Maryland,"4,1","May 28 - Jun 24, 2024",26.4
"Ever experienced long COVID, as a percentage of adults who ever had COVID",By State,Massachusetts,Massachusetts,"4,1","May 28 - Jun 24, 2024",22.6
"Ever experienced long COVID, as a percentage of adults who ever had COVID",By State,Michigan,Michigan,"4,1","May 28 - Jun 24, 2024",34.1
"Ever experienced long COVID, as a percentage of adults who ever had COVID",By State,Minnesota,Minnesota,"4,1","May 28 - Jun 24, 2024",29.1
"Ever experienced long COVID, as a percentage of adults who ever had COVID",By State,Mississippi,Mississippi,"4,1","May 28 - Jun 24, 2024",35.2
"Ever experienced long COVID, as a percentage of adults who ever had COVID",By State,Missouri,Missouri,"4,1","May 28 - Jun 24, 2024",36.9
"Ever experienced long COVID, as a percentage of adults who ever had COVID",By State,Montana,Montana,"4,1","May 28 - Jun 24, 2024",36.8
"Ever experienced long COVID, as a percentage of adults who ever had COVID",By State,Nebraska,Nebraska,"4,1","May 28 - Jun 24, 2024",33.6
"Ever experienced long COVID, as a percentage of adults who ever had COVID",By State,Nevada,Nevada,"4,1","May 28 - Jun 24, 2024",35.3
"Ever experienced long COVID, as a percentage of adults who ever had COVID",By State,New Hampshire,New Hampshire,"4,1","May 28 - Jun 24, 2024",28.6
"Ever experienced long COVID, as a percentage of adults who ever had COVID",By State,New Jersey,New Jersey,"4,1","May 28 - Jun 24, 2024",27.9
"Ever experienced long COVID, as a percentage of adults who ever had COVID",By State,New Mexico,New Mexico,"4,1","May 28 - Jun 24, 2024",33.1
"Ever experienced long COVID, as a percentage of adults who ever had COVID",By State,New York,New York,"4,1","May 28 - Jun 24, 2024",25.3
"Ever experienced long COVID, as a percentage of adults who ever had COVID",By State,North Carolina,North Carolina,"4,1","May 28 - Jun 24, 2024",33.0
"Ever experienced long COVID, as a percentage of adults who ever had COVID",By State,North Dakota,North Dakota,"4,1","May 28 - Jun 24, 2024",33.8
"Ever experienced long COVID, as a percentage of adults who ever had COVID",By State,Ohio,Ohio,"4,1","May 28 - Jun 24, 2024",32.2
"Ever experienced long COVID, as a percentage of adults who ever had COVID",By State,Oklahoma,Oklahoma,"4,1","May 28 - Jun 24, 2024",40.1
"Ever experienced long COVID, as a percentage of adults who ever had COVID",By State,Oregon,Oregon,"4,1","May 28 - Jun 24, 2024",30.8
"Ever experienced long COVID, as a percentage of adults who ever had COVID",By State,Pennsylvania,Pennsylvania,"4,1","May 28 - Jun 24, 2024",28.3
"Ever experienced long COVID, as a percentage of adults who ever had COVID",By State,Rhode Island,Rhode Island,"4,1","May 28 - Jun 24, 2024",30.7
"Ever experienced long COVID, as a percentage of adults who ever had COVID",By State,South Carolina,South Carolina,"4,1","May 28 - Jun 24, 2024",29.6
"Ever experienced long COVID, as a percentage of adults who ever had COVID",By State,South Dakota,South Dakota,"4,1","May 28 - Jun 24, 2024",40.3
"Ever experienced long COVID, as a percentage of adults who ever had COVID",By State,Tennessee,Tennessee,"4,1","May 28 - Jun 24, 2024",35.9
"Ever experienced long COVID, as a percentage of adults who ever had COVID",By State,Texas,Texas,"4,1","May 28 - Jun 24, 2024",32.6
"Ever experienced long COVID, as a percentage of adults who ever had COVID",By State,Utah,Utah,"4,1","May 28 - Jun 24, 2024",34.6
"Ever experienced long COVID, as a percentage of adults who ever had COVID",By State,Vermont,Vermont,"4,1","May 28 - Jun 24, 2024",29.3
"Ever experienced long COVID, as a percentage of adults who ever had COVID",By State,Virginia,Virginia,"4,1","May 28 - Jun 24, 2024",30.0
"Ever experienced long COVID, as a percentage of adults who ever had COVID",By State,Washington,Washington,"4,1","May 28 - Jun 24, 2024",30.2
"Ever experienced long COVID, as a percentage of adults who ever had COVID",By State,West Virginia,West Virginia,"4,1","May 28 - Jun 24, 2024",46.4
"Ever experienced long COVID, as a percentage of adults who ever had COVID",By State,Wisconsin,Wisconsin,"4,1","May 28 - Jun 24, 2024",34.2
"Ever experienced long COVID, as a percentage of adults who ever had COVID",By State,Wyoming,Wyoming,"4,1","May 28 - Jun 24, 2024",34.9
"Currently experiencing long COVID, as a percentage of all adults",By Age,United States,18 - 29 years,"4,1","May 28 - Jun 24, 2024",5.0
"Currently experiencing long COVID, as a percentage of all adults",By Age,United States,30 - 39 years,"4,1","May 28 - Jun 24, 2024",5.9
"Currently experiencing long COVID, as a percentage of all adults",By Age,United States,40 - 49 years,"4,1","May 28 - Jun 24, 2024",6.3
"Currently experiencing long COVID, as a percentage of all adults",By Age,United States,50 - 59 years,"4,1","May 28 - Jun 24, 2024",6.5
"Currently experiencing long COVID, as a percentage of all adults",By Age,United States,60 - 69 years,"4,1","May 28 - Jun 24, 2024",4.5
"Currently experiencing long COVID, as a percentage of all adults",By Age,United States,70 - 79 years,"4,1","May 28 - Jun 24, 2024",3.6
"Currently experiencing long COVID, as a percentage of all adults",By Age,United States,80 years and above,"4,1","May 28 - Jun 24, 2024",2.9
"Currently experiencing long COVID, as a percentage of all adults",By State,Alabama,Alabama,"4,1","May 28 - Jun 24, 2024",5.0
"Currently experiencing long COVID, as a percentage of all adults",By State,Alaska,Alaska,"4,1","May 28 - Jun 24, 2024",6.7
"Currently experiencing long COVID, as a percentage of all adults",By State,Arizona,Arizona,"4,1","May 28 - Jun 24, 2024",6.9
"Currently experiencing long COVID, as a percentage of all adults",By State,Arkansas,Arkansas,"4,1","May 28 - Jun 24, 2024",6.6
"Currently experiencing long COVID, as a percentage of all adults",By State,California,California,"4,1","May 28 - Jun 24, 2024",4.1
"Currently experiencing long COVID, as a percentage of all adults",By State,Colorado,Colorado,"4,1","May 28 - Jun 24, 2024",6.7
"Currently experiencing long COVID, as a percentage of all adults",By State,Connecticut,Connecticut,"4,1","May 28 - Jun 24, 2024",5.5
"Currently experiencing long COVID, as a percentage of all adults",By State,Delaware,Delaware,"4,1","May 28 - Jun 24, 2024",6.7
"Currently experiencing long COVID, as a percentage of all adults",By State,District of Columbia,District of Columbia,"4,1","May 28 - Jun 24, 2024",2.3
"Currently experiencing long COVID, as a percentage of all adults",By State,Florida,Florida,"4,1","May 28 - Jun 24, 2024",5.3
"Currently experiencing long COVID, as a percentage of all adults",By State,Georgia,Georgia,"4,1","May 28 - Jun 24, 2024",3.4
"Currently experiencing long COVID, as a percentage of all adults",By State,Hawaii,Hawaii,"4,1","May 28 - Jun 24, 2024",4.1
"Currently experiencing long COVID, as a percentage of all adults",By State,Idaho,Idaho,"4,1","May 28 - Jun 24, 2024",4.2
"Currently experiencing long COVID, as a percentage of all adults",By State,Illinois,Illinois,"4,1","May 28 - Jun 24, 2024",4.8
"Currently experiencing long COVID, as a percentage of all adults",By State,Indiana,Indiana,"4,1","May 28 - Jun 24, 2024",7.8
"Currently experiencing long COVID, as a percentage of all adults",By State,Iowa,Iowa,"4,1","May 28 - Jun 24, 2024",6.1
"Currently experiencing long COVID, as a percentage of all adults",By State,Kansas,Kansas,"4,1","May 28 - Jun 24, 2024",5.7
"Currently experiencing long COVID, as a percentage of all adults",By State,Kentucky,Kentucky,"4,1","May 28 - Jun 24, 2024",7.0
"Currently experiencing long COVID, as a percentage of all adults",By State,Louisiana,Louisiana,"4,1","May 28 - Jun 24, 2024",4.1
"Currently experiencing long COVID, as a percentage of all adults",By State,Maine,Maine,"4,1","May 28 - Jun 24, 2024",4.9
"Currently experiencing long COVID, as a percentage of all adults",By State,Maryland,Maryland,"4,1","May 28 - Jun 24, 2024",5.1
"Currently experiencing long COVID, as a percentage of all adults",By State,Massachusetts,Massachusetts,"4,1","May 28 - Jun 24, 2024",4.3
"Currently experiencing long COVID, as a percentage of all adults",By State,Michigan,Michigan,"4,1","May 28 - Jun 24, 2024",5.5
"Currently experiencing long COVID, as a percentage of all adults",By State,Minnesota,Minnesota,"4,1","May 28 - Jun 24, 2024",7.6
"Currently experiencing long COVID, as a percentage of all adults",By State,Mississippi,Mississippi,"4,1","May 28 - Jun 24, 2024",7.2
"Currently experiencing long COVID, as a percentage of all adults",By State,Missouri,Missouri,"4,1","May 28 - Jun 24, 2024",6.2
"Currently experiencing long COVID, as a percentage of all adults",By State,Montana,Montana,"4,1","May 28 - Jun 24, 2024",6.9
"Currently experiencing long COVID, as a percentage of all adults",By State,Nebraska,Nebraska,"4,1","May 28 - Jun 24, 2024",4.1
"Currently experiencing long COVID, as a percentage of all adults",By State,Nevada,Nevada,"4,1","May 28 - Jun 24, 2024",6.2
"Currently experiencing long COVID, as a percentage of all adults",By State,New Hampshire,New Hampshire,"4,1","May 28 - Jun 24, 2024",5.1
"Currently experiencing long COVID, as a percentage of all adults",By State,New Jersey,New Jersey,"4,1","May 28 - Jun 24, 2024",5.4
"Currently experiencing long COVID, as a percentage of all adults",By State,New Mexico,New Mexico,"4,1","May 28 - Jun 24, 2024",5.5
"Currently experiencing long COVID, as a percentage of all adults",By State,New York,New York,"4,1","May 28 - Jun 24, 2024",4.4
"Currently experiencing long COVID, as a percentage of all adults",By State,North Carolina,North Carolina,"4,1","May 28 - Jun 24, 2024",4.6
"Currently experiencing long COVID, as a percentage of all adults",By State,North Dakota,North Dakota,"4,1","May 28 - Jun 24, 2024",7.5
"Currently experiencing long COVID, as a percentage of all adults",By State,Ohio,Ohio,"4,1","May 28 - Jun 24, 2024",5.1
"Currently experiencing long COVID, as a percentage of all adults",By State,Oklahoma,Oklahoma,"4,1","May 28 - Jun 24, 2024",9.2
"Currently experiencing long COVID, as a percentage of all adults",By State,Oregon,Oregon,"4,1","May 28 - Jun 24, 2024",7.0
"Currently experiencing long COVID, as a percentage of all adults",By State,Pennsylvania,Pennsylvania,"4,1","May 28 - Jun 24, 2024",5.4
"Currently experiencing long COVID, as a percentage of all adults",By State,Rhode Island,Rhode Island,"4,1","May 28 - Jun 24, 2024",4.7
"Currently experiencing long COVID, as a percentage of all adults",By State,South Carolina,South Carolina,"4,1","May 28 - Jun 24, 2024",4.7
"Currently experiencing long COVID, as a percentage of all adults",By State,South Dakota,South Dakota,"4,1","May 28 - Jun 24, 2024",10.3
"Currently experiencing long COVID, as a percentage of all adults",By State,Tennessee,Tennessee,"4,1","May 28 - Jun 24, 2024",5.7
"Currently experiencing long COVID, as a percentage of all adults",By State,Texas,Texas,"4,1","May 28 - Jun 24, 2024",5.4
"Currently experiencing long COVID, as a percentage of all adults",By State,Utah,Utah,"4,1","May 28 - Jun 24, 2024",4.6
"Currently experiencing long COVID, as a percentage of all adults",By State,Vermont,Vermont,"4,1","May 28 - Jun 24, 2024",5.7
"Currently experiencing long COVID, as a percentage of all adults",By State,Virginia,Virginia,"4,1","May 28 - Jun 24, 2024",5.4
"Currently experiencing long COVID, as a percentage of all adults",By State,Washington,Washington,"4,1","May 28 - Jun 24, 2024",5.7
"Currently experiencing long COVID, as a percentage of all adults",By State,West Virginia,West Virginia,"4,1","May 28 - Jun 24, 2024",7.8
"Currently experiencing long COVID, as a percentage of all adults",By State,Wisconsin,Wisconsin,"4,1","May 28 - Jun 24, 2024",5.5
"Currently experiencing long COVID, as a percentage of all adults",By State,Wyoming,Wyoming,"4,1","May 28 - Jun 24, 2024",5.5
"Any activity limitations from long COVID, as a percentage of adults who currently have long COVID",By Age,United States,18 - 29 years,"4,1","May 28 - Jun 24, 2024",79.7
"Any activity limitations from long COVID, as a percentage of adults who currently have long COVID",By Age,United States,30 - 39 years,"4,1","May 28 - Jun 24, 2024",82.9
"Any activity limitations from long COVID, as a percentage of adults who currently have long COVID",By Age,United States,40 - 49 years,"4,1","May 28 - Jun 24, 2024",74.1
"Any activity limitations from long COVID, as a percentage of adults who currently have long COVID",By Age,United States,50 - 59 years,"4,1","May 28 - Jun 24, 2024",83.4
"Any activity limitations from long COVID, as a percentage of adults who currently have long COVID",By Age,United States,60 - 69 years,"4,1","May 28 - Jun 24, 2024",80.3
"Any activity limitations from long COVID, as a percentage of adults who currently have long COVID",By Age,United States,70 - 79 years,"4,1","May 28 - Jun 24, 2024",76.0
"Any activity limitations from long COVID, as a percentage of adults who currently have long COVID",By Age,United States,80 years and above,"4,1","May 28 - Jun 24, 2024",75.2
"Any activity limitations from long COVID, as a percentage of adults who currently have long COVID",By State,Alabama,Alabama,"4,1","May 28 - Jun 24, 2024",
"Any activity limitations from long COVID, as a percentage of adults who currently have long COVID",By State,Alaska,Alaska,"4,1","May 28 - Jun 24, 2024",
"Any activity limitations from long COVID, as a percentage of adults who currently have long COVID",By State,Arizona,Arizona,"4,1","May 28 - Jun 24, 2024",82.7
"Any activity limitations from long COVID, as a percentage of adults who currently have long COVID",By State,Arkansas,Arkansas,"4,1","May 28 - Jun 24, 2024",
"Any activity limitations from long COVID, as a percentage of adults who currently have long COVID",By State,California,California,"4,1","May 28 - Jun 24, 2024",77.0
"Any activity limitations from long COVID, as a percentage of adults who currently have long COVID",By State,Colorado,Colorado,"4,1","May 28 - Jun 24, 2024",79.4
"Any activity limitations from long COVID, as a percentage of adults who currently have long COVID",By State,Connecticut,Connecticut,"4,1","May 28 - Jun 24, 2024",
"Any activity limitations from long COVID, as a percentage of adults who currently have long COVID",By State,Delaware,Delaware,"4,1","May 28 - Jun 24, 2024",
"Any activity limitations from long COVID, as a percentage of adults who currently have long COVID",By State,District of Columbia,District of Columbia,"4,1","May 28 - Jun 24, 2024",
"Any activity limitations from long COVID, as a percentage of adults who currently have long COVID",By State,Florida,Florida,"4,1","May 28 - Jun 24, 2024",76.1
"Any activity limitations from long COVID, as a percentage of adults who currently have long COVID",By State,Georgia,Georgia,"4,1","May 28 - Jun 24, 2024",
"Any activity limitations from long COVID, as a percentage of adults who currently have long COVID",By State,Hawaii,Hawaii,"4,1","May 28 - Jun 24, 2024",
"Any activity limitations from long COVID, as a percentage of adults who currently have long COVID",By State,Idaho,Idaho,"4,1","May 28 - Jun 24, 2024",
"Any activity limitations from long COVID, as a percentage of adults who currently have long COVID",By State,Illinois,Illinois,"4,1","May 28 - Jun 24, 2024",
"Any activity limitations from long COVID, as a percentage of adults who currently have long COVID",By State,Indiana,Indiana,"4,1","May 28 - Jun 24, 2024",75.2
"Any activity limitations from long COVID, as a percentage of adults who currently have long COVID",By State,Iowa,Iowa,"4,1","May 28 - Jun 24, 2024",
"Any activity limitations from long COVID, as a percentage of adults who currently have long COVID",By State,Kansas,Kansas,"4,1","May 28 - Jun 24, 2024",76.1
"Any activity limitations from long COVID, as a percentage of adults who currently have long COVID",By State,Kentucky,Kentucky,"4,1","May 28 - Jun 24, 2024",71.2
"Any activity limitations from long COVID, as a percentage of adults who currently have long COVID",By State,Louisiana,Louisiana,"4,1","May 28 - Jun 24, 2024",
"Any activity limitations from long COVID, as a percentage of adults who currently have long COVID",By State,Maine,Maine,"4,1","May 28 - Jun 24, 2024",
"Any activity limitations from long COVID, as a percentage of adults who currently have long COVID",By State,Maryland,Maryland,"4,1","May 28 - Jun 24, 2024",
"Any activity limitations from long COVID, as a percentage of adults who currently have long COVID",By State,Massachusetts,Massachusetts,"4,1","May 28 - Jun 24, 2024",
"Any activity limitations from long COVID, as a percentage of adults who currently have long COVID",By State,Michigan,Michigan,"4,1","May 28 - Jun 24, 2024",82.6
"Any activity limitations from long COVID, as a percentage of adults who currently have long COVID",By State,Minnesota,Minnesota,"4,1","May 28 - Jun 24, 2024",
"Any activity limitations from long COVID, as a percentage of adults who currently have long COVID",By State,Mississippi,Mississippi,"4,1","May 28 - Jun 24, 2024",
"Any activity limitations from long COVID, as a percentage of adults who currently have long COVID",By State,Missouri,Missouri,"4,1","May 28 - Jun 24, 2024",63.0
"Any activity limitations from long COVID, as a percentage of adults who currently have long COVID",By State,Montana,Montana,"4,1","May 28 - Jun 24, 2024",
"Any activity limitations from long COVID, as a percentage of adults who currently have long COVID",By State,Nebraska,Nebraska,"4,1","May 28 - Jun 24, 2024",
"Any activity limitations from long COVID, as a percentage of adults who currently have long COVID",By State,Nevada,Nevada,"4,1","May 28 - Jun 24, 2024",
"Any activity limitations from long COVID, as a percentage of adults who currently have long COVID",By State,New Hampshire,New Hampshire,"4,1","May 28 - Jun 24, 2024",
"Any activity limitations from long COVID, as a percentage of adults who currently have long COVID",By State,New Jersey,New Jersey,"4,1","May 28 - Jun 24, 2024",
"Any activity limitations from long COVID, as a percentage of adults who currently have long COVID",By State,New Mexico,New Mexico,"4,1","May 28 - Jun 24, 2024",
"Any activity limitations from long COVID, as a percentage of adults who currently have long COVID",By State,New York,New York,"4,1","May 28 - Jun 24, 2024",
"Any activity limitations from long COVID, as a percentage of adults who currently have long COVID",By State,North Carolina,North Carolina,"4,1","May 28 - Jun 24, 2024",
"Any activity limitations from long COVID, as a percentage of adults who currently have long COVID",By State,North Dakota,North Dakota,"4,1","May 28 - Jun 24, 2024",
"Any activity limitations from long COVID, as a percentage of adults who currently have long COVID",By State,Ohio,Ohio,"4,1","May 28 - Jun 24, 2024",
"Any activity limitations from long COVID, as a percentage of adults who currently have long COVID",By State,Oklahoma,Oklahoma,"4,1","May 28 - Jun 24, 2024",84.7
"Any activity limitations from long COVID, as a percentage of adults who currently have long COVID",By State,Oregon,Oregon,"4,1","May 28 - Jun 24, 2024",73.2
"Any activity limitations from long COVID, as a percentage of adults who currently have long COVID",By State,Pennsylvania,Pennsylvania,"4,1","May 28 - Jun 24, 2024",
"Any activity limitations from long COVID, as a percentage of adults who currently have long COVID",By State,Rhode Island,Rhode Island,"4,1","May 28 - Jun 24, 2024",
"Any activity limitations from long COVID, as a percentage of adults who currently have long COVID",By State,South Carolina,South Carolina,"4,1","May 28 - Jun 24, 2024",73.2
"Any activity limitations from long COVID, as a percentage of adults who currently have long COVID",By State,South Dakota,South Dakota,"4,1","May 28 - Jun 24, 2024",
"Any activity limitations from long COVID, as a percentage of adults who currently have long COVID",By State,Tennessee,Tennessee,"4,1","May 28 - Jun 24, 2024",
"Any activity limitations from long COVID, as a percentage of adults who currently have long COVID",By State,Texas,Texas,"4,1","May 28 - Jun 24, 2024",80.8
"Any activity limitations from long COVID, as a percentage of adults who currently have long COVID",By State,Utah,Utah,"4,1","May 28 - Jun 24, 2024",71.6
"Any activity limitations from long COVID, as a percentage of adults who currently have long COVID",By State,Vermont,Vermont,"4,1","May 28 - Jun 24, 2024",
"Any activity limitations from long COVID, as a percentage of adults who currently have long COVID",By State,Virginia,Virginia,"4,1","May 28 - Jun 24, 2024",
"Any activity limitations from long COVID, as a percentage of adults who currently have long COVID",By State,Washington,Washington,"4,1","May 28 - Jun 24, 2024",83.1
"Any activity limitations from long COVID, as a percentage of adults who currently have long COVID",By State,West Virginia,West Virginia,"4,1","May 28 - Jun 24, 2024",
"Any activity limitations from long COVID, as a percentage of adults who currently have long COVID",By State,Wisconsin,Wisconsin,"4,1","May 28 - Jun 24, 2024",
"Any activity limitations from long COVID, as a percentage of adults who currently have long COVID",By State,Wyoming,Wyoming,"4,1","May 28 - Jun 24, 2024",
"Ever experienced long COVID, as a percentage of adults who ever had COVID",By Age,United States,18 - 29 years,"4,1","Jun 25 - Jul 22, 2024",28.5
"Ever experienced long COVID, as a percentage of adults who ever had COVID",By Age,United States,30 - 39 years,"4,1","Jun 25 - Jul 22, 2024",31.5
"Ever experienced long COVID, as a percentage of adults who ever had COVID",By Age,United States,40 - 49 years,"4,1","Jun 25 - Jul 22, 2024",34.9
"Ever experienced long COVID, as a percentage of adults who ever had COVID",By Age,United States,50 - 59 years,"4,1","Jun 25 - Jul 22, 2024",34.1
"Ever experienced long COVID, as a percentage of adults who ever had COVID",By Age,United States,60 - 69 years,"4,1","Jun 25 - Jul 22, 2024",30.1
"Ever experienced long COVID, as a percentage of adults who ever had COVID",By Age,United States,70 - 79 years,"4,1","Jun 25 - Jul 22, 2024",22.0
"Ever experienced long COVID, as a percentage of adults who ever had COVID",By Age,United States,80 years and above,"4,1","Jun 25 - Jul 22, 2024",29.0
"Ever experienced long COVID, as a percentage of adults who ever had COVID",By State,Alabama,Alabama,"4,1","Jun 25 - Jul 22, 2024",33.9
"Ever experienced long COVID, as a percentage of adults who ever had COVID",By State,Alaska,Alaska,"4,1","Jun 25 - Jul 22, 2024",31.0
"Ever experienced long COVID, as a percentage of adults who ever had COVID",By State,Arizona,Arizona,"4,1","Jun 25 - Jul 22, 2024",30.6
"Ever experienced long COVID, as a percentage of adults who ever had COVID",By State,Arkansas,Arkansas,"4,1","Jun 25 - Jul 22, 2024",37.1
"Ever experienced long COVID, as a percentage of adults who ever had COVID",By State,California,California,"4,1","Jun 25 - Jul 22, 2024",31.1
"Ever experienced long COVID, as a percentage of adults who ever had COVID",By State,Colorado,Colorado,"4,1","Jun 25 - Jul 22, 2024",26.5
"Ever experienced long COVID, as a percentage of adults who ever had COVID",By State,Connecticut,Connecticut,"4,1","Jun 25 - Jul 22, 2024",28.7
"Ever experienced long COVID, as a percentage of adults who ever had COVID",By State,Delaware,Delaware,"4,1","Jun 25 - Jul 22, 2024",31.4
"Ever experienced long COVID, as a percentage of adults who ever had COVID",By State,District of Columbia,District of Columbia,"4,1","Jun 25 - Jul 22, 2024",13.8
"Ever experienced long COVID, as a percentage of adults who ever had COVID",By State,Florida,Florida,"4,1","Jun 25 - Jul 22, 2024",31.2
"Ever experienced long COVID, as a percentage of adults who ever had COVID",By State,Georgia,Georgia,"4,1","Jun 25 - Jul 22, 2024",32.3
"Ever experienced long COVID, as a percentage of adults who ever had COVID",By State,Hawaii,Hawaii,"4,1","Jun 25 - Jul 22, 2024",38.8
"Ever experienced long COVID, as a percentage of adults who ever had COVID",By State,Idaho,Idaho,"4,1","Jun 25 - Jul 22, 2024",34.5
"Ever experienced long COVID, as a percentage of adults who ever had COVID",By State,Illinois,Illinois,"4,1","Jun 25 - Jul 22, 2024",33.9
"Ever experienced long COVID, as a percentage of adults who ever had COVID",By State,Indiana,Indiana,"4,1","Jun 25 - Jul 22, 2024",37.1
"Ever experienced long COVID, as a percentage of adults who ever had COVID",By State,Iowa,Iowa,"4,1","Jun 25 - Jul 22, 2024",26.9
"Ever experienced long COVID, as a percentage of adults who ever had COVID",By State,Kansas,Kansas,"4,1","Jun 25 - Jul 22, 2024",34.7
"Ever experienced long COVID, as a percentage of adults who ever had COVID",By State,Kentucky,Kentucky,"4,1","Jun 25 - Jul 22, 2024",34.6
"Ever experienced long COVID, as a percentage of adults who ever had COVID",By State,Louisiana,Louisiana,"4,1","Jun 25 - Jul 22, 2024",36.0
"Ever experienced long COVID, as a percentage of adults who ever had COVID",By State,Maine,Maine,"4,1","Jun 25 - Jul 22, 2024",29.6
"Ever experienced long COVID, as a percentage of adults who ever had COVID",By State,Maryland,Maryland,"4,1","Jun 25 - Jul 22, 2024",26.2
"Ever experienced long COVID, as a percentage of adults who ever had COVID",By State,Massachusetts,Massachusetts,"4,1","Jun 25 - Jul 22, 2024",26.2
"Ever experienced long COVID, as a percentage of adults who ever had COVID",By State,Michigan,Michigan,"4,1","Jun 25 - Jul 22, 2024",30.9
"Ever experienced long COVID, as a percentage of adults who ever had COVID",By State,Minnesota,Minnesota,"4,1","Jun 25 - Jul 22, 2024",25.0
"Ever experienced long COVID, as a percentage of adults who ever had COVID",By State,Mississippi,Mississippi,"4,1","Jun 25 - Jul 22, 2024",35.9
"Ever experienced long COVID, as a percentage of adults who ever had COVID",By State,Missouri,Missouri,"4,1","Jun 25 - Jul 22, 2024",28.4
"Ever experienced long COVID, as a percentage of adults who ever had COVID",By State,Montana,Montana,"4,1","Jun 25 - Jul 22, 2024",30.0
"Ever experienced long COVID, as a percentage of adults who ever had COVID",By State,Nebraska,Nebraska,"4,1","Jun 25 - Jul 22, 2024",33.5
"Ever experienced long COVID, as a percentage of adults who ever had COVID",By State,Nevada,Nevada,"4,1","Jun 25 - Jul 22, 2024",37.7
"Ever experienced long COVID, as a percentage of adults who ever had COVID",By State,New Hampshire,New Hampshire,"4,1","Jun 25 - Jul 22, 2024",22.6
"Ever experienced long COVID, as a percentage of adults who ever had COVID",By State,New Jersey,New Jersey,"4,1","Jun 25 - Jul 22, 2024",28.5
"Ever experienced long COVID, as a percentage of adults who ever had COVID",By State,New Mexico,New Mexico,"4,1","Jun 25 - Jul 22, 2024",31.6
"Ever experienced long COVID, as a percentage of adults who ever had COVID",By State,New York,New York,"4,1","Jun 25 - Jul 22, 2024",26.3
"Ever experienced long COVID, as a percentage of adults who ever had COVID",By State,North Carolina,North Carolina,"4,1","Jun 25 - Jul 22, 2024",29.6
"Ever experienced long COVID, as a percentage of adults who ever had COVID",By State,North Dakota,North Dakota,"4,1","Jun 25 - Jul 22, 2024",36.6
"Ever experienced long COVID, as a percentage of adults who ever had COVID",By State,Ohio,Ohio,"4,1","Jun 25 - Jul 22, 2024",35.9
"Ever experienced long COVID, as a percentage of adults who ever had COVID",By State,Oklahoma,Oklahoma,"4,1","Jun 25 - Jul 22, 2024",37.7
"Ever experienced long COVID, as a percentage of adults who ever had COVID",By State,Oregon,Oregon,"4,1","Jun 25 - Jul 22, 2024",34.8
"Ever experienced long COVID, as a percentage of adults who ever had COVID",By State,Pennsylvania,Pennsylvania,"4,1","Jun 25 - Jul 22, 2024",28.6
"Ever experienced long COVID, as a percentage of adults who ever had COVID",By State,Rhode Island,Rhode Island,"4,1","Jun 25 - Jul 22, 2024",30.8
"Ever experienced long COVID, as a percentage of adults who ever had COVID",By State,South Carolina,South Carolina,"4,1","Jun 25 - Jul 22, 2024",32.2
"Ever experienced long COVID, as a percentage of adults who ever had COVID",By State,South Dakota,South Dakota,"4,1","Jun 25 - Jul 22, 2024",29.1
"Ever experienced long COVID, as a percentage of adults who ever had COVID",By State,Tennessee,Tennessee,"4,1","Jun 25 - Jul 22, 2024",35.6
"Ever experienced long COVID, as a percentage of adults who ever had COVID",By State,Texas,Texas,"4,1","Jun 25 - Jul 22, 2024",31.0
"Ever experienced long COVID, as a percentage of adults who ever had COVID",By State,Utah,Utah,"4,1","Jun 25 - Jul 22, 2024",32.9
"Ever experienced long COVID, as a percentage of adults who ever had COVID",By State,Vermont,Vermont,"4,1","Jun 25 - Jul 22, 2024",23.5
"Ever experienced long COVID, as a percentage of adults who ever had COVID",By State,Virginia,Virginia,"4,1","Jun 25 - Jul 22, 2024",30.0
"Ever experienced long COVID, as a percentage of adults who ever had COVID",By State,Washington,Washington,"4,1","Jun 25 - Jul 22, 2024",30.5
"Ever experienced long COVID, as a percentage of adults who ever had COVID",By State,West Virginia,West Virginia,"4,1","Jun 25 - Jul 22, 2024",38.2
"Ever experienced long COVID, as a percentage of adults who ever had COVID",By State,Wisconsin,Wisconsin,"4,1","Jun 25 - Jul 22, 2024",28.2
"Ever experienced long COVID, as a percentage of adults who ever had COVID",By State,Wyoming,Wyoming,"4,1","Jun 25 - Jul 22, 2024",34.5
"Currently experiencing long COVID, as a percentage of all adults",By Age,United States,18 - 29 years,"4,1","Jun 25 - Jul 22, 2024",4.4
"Currently experiencing long COVID, as a percentage of all adults",By Age,United States,30 - 39 years,"4,1","Jun 25 - Jul 22, 2024",6.1
"Currently experiencing long COVID, as a percentage of all adults",By Age,United States,40 - 49 years,"4,1","Jun 25 - Jul 22, 2024",6.6
"Currently experiencing long COVID, as a percentage of all adults",By Age,United States,50 - 59 years,"4,1","Jun 25 - Jul 22, 2024",7.0
"Currently experiencing long COVID, as a percentage of all adults",By Age,United States,60 - 69 years,"4,1","Jun 25 - Jul 22, 2024",5.4
"Currently experiencing long COVID, as a percentage of all adults",By Age,United States,70 - 79 years,"4,1","Jun 25 - Jul 22, 2024",3.0
"Currently experiencing long COVID, as a percentage of all adults",By Age,United States,80 years and above,"4,1","Jun 25 - Jul 22, 2024",2.9
"Currently experiencing long COVID, as a percentage of all adults",By State,Alabama,Alabama,"4,1","Jun 25 - Jul 22, 2024",5.5
"Currently experiencing long COVID, as a percentage of all adults",By State,Alaska,Alaska,"4,1","Jun 25 - Jul 22, 2024",5.4
"Currently experiencing long COVID, as a percentage of all adults",By State,Arizona,Arizona,"4,1","Jun 25 - Jul 22, 2024",4.9
"Currently experiencing long COVID, as a percentage of all adults",By State,Arkansas,Arkansas,"4,1","Jun 25 - Jul 22, 2024",8.5
"Currently experiencing long COVID, as a percentage of all adults",By State,California,California,"4,1","Jun 25 - Jul 22, 2024",6.2
"Currently experiencing long COVID, as a percentage of all adults",By State,Colorado,Colorado,"4,1","Jun 25 - Jul 22, 2024",5.7
"Currently experiencing long COVID, as a percentage of all adults",By State,Connecticut,Connecticut,"4,1","Jun 25 - Jul 22, 2024",6.3
"Currently experiencing long COVID, as a percentage of all adults",By State,Delaware,Delaware,"4,1","Jun 25 - Jul 22, 2024",
"Currently experiencing long COVID, as a percentage of all adults",By State,District of Columbia,District of Columbia,"4,1","Jun 25 - Jul 22, 2024",2.6
"Currently experiencing long COVID, as a percentage of all adults",By State,Florida,Florida,"4,1","Jun 25 - Jul 22, 2024",4.2
"Currently experiencing long COVID, as a percentage of all adults",By State,Georgia,Georgia,"4,1","Jun 25 - Jul 22, 2024",6.1
"Currently experiencing long COVID, as a percentage of all adults",By State,Hawaii,Hawaii,"4,1","Jun 25 - Jul 22, 2024",6.9
"Currently experiencing long COVID, as a percentage of all adults",By State,Idaho,Idaho,"4,1","Jun 25 - Jul 22, 2024",6.7
"Currently experiencing long COVID, as a percentage of all adults",By State,Illinois,Illinois,"4,1","Jun 25 - Jul 22, 2024",5.4
"Currently experiencing long COVID, as a percentage of all adults",By State,Indiana,Indiana,"4,1","Jun 25 - Jul 22, 2024",5.3
"Currently experiencing long COVID, as a percentage of all adults",By State,Iowa,Iowa,"4,1","Jun 25 - Jul 22, 2024",5.8
"Currently experiencing long COVID, as a percentage of all adults",By State,Kansas,Kansas,"4,1","Jun 25 - Jul 22, 2024",6.1
"Currently experiencing long COVID, as a percentage of all adults",By State,Kentucky,Kentucky,"4,1","Jun 25 - Jul 22, 2024",6.3
"Currently experiencing long COVID, as a percentage of all adults",By State,Louisiana,Louisiana,"4,1","Jun 25 - Jul 22, 2024",8.5
"Currently experiencing long COVID, as a percentage of all adults",By State,Maine,Maine,"4,1","Jun 25 - Jul 22, 2024",7.0
"Currently experiencing long COVID, as a percentage of all adults",By State,Maryland,Maryland,"4,1","Jun 25 - Jul 22, 2024",3.0
"Currently experiencing long COVID, as a percentage of all adults",By State,Massachusetts,Massachusetts,"4,1","Jun 25 - Jul 22, 2024",5.3
"Currently experiencing long COVID, as a percentage of all adults",By State,Michigan,Michigan,"4,1","Jun 25 - Jul 22, 2024",5.3
"Currently experiencing long COVID, as a percentage of all adults",By State,Minnesota,Minnesota,"4,1","Jun 25 - Jul 22, 2024",5.5
"Currently experiencing long COVID, as a percentage of all adults",By State,Mississippi,Mississippi,"4,1","Jun 25 - Jul 22, 2024",6.8
"Currently experiencing long COVID, as a percentage of all adults",By State,Missouri,Missouri,"4,1","Jun 25 - Jul 22, 2024",5.4
"Currently experiencing long COVID, as a percentage of all adults",By State,Montana,Montana,"4,1","Jun 25 - Jul 22, 2024",6.8
"Currently experiencing long COVID, as a percentage of all adults",By State,Nebraska,Nebraska,"4,1","Jun 25 - Jul 22, 2024",4.8
"Currently experiencing long COVID, as a percentage of all adults",By State,Nevada,Nevada,"4,1","Jun 25 - Jul 22, 2024",6.4
"Currently experiencing long COVID, as a percentage of all adults",By State,New Hampshire,New Hampshire,"4,1","Jun 25 - Jul 22, 2024",7.1
"Currently experiencing long COVID, as a percentage of all adults",By State,New Jersey,New Jersey,"4,1","Jun 25 - Jul 22, 2024",4.6
"Currently experiencing long COVID, as a percentage of all adults",By State,New Mexico,New Mexico,"4,1","Jun 25 - Jul 22, 2024",5.9
"Currently experiencing long COVID, as a percentage of all adults",By State,New York,New York,"4,1","Jun 25 - Jul 22, 2024",4.8
"Currently experiencing long COVID, as a percentage of all adults",By State,North Carolina,North Carolina,"4,1","Jun 25 - Jul 22, 2024",4.0
"Currently experiencing long COVID, as a percentage of all adults",By State,North Dakota,North Dakota,"4,1","Jun 25 - Jul 22, 2024",8.4
"Currently experiencing long COVID, as a percentage of all adults",By State,Ohio,Ohio,"4,1","Jun 25 - Jul 22, 2024",6.1
"Currently experiencing long COVID, as a percentage of all adults",By State,Oklahoma,Oklahoma,"4,1","Jun 25 - Jul 22, 2024",8.8
"Currently experiencing long COVID, as a percentage of all adults",By State,Oregon,Oregon,"4,1","Jun 25 - Jul 22, 2024",7.1
"Currently experiencing long COVID, as a percentage of all adults",By State,Pennsylvania,Pennsylvania,"4,1","Jun 25 - Jul 22, 2024",4.3
"Currently experiencing long COVID, as a percentage of all adults",By State,Rhode Island,Rhode Island,"4,1","Jun 25 - Jul 22, 2024",6.6
"Currently experiencing long COVID, as a percentage of all adults",By State,South Carolina,South Carolina,"4,1","Jun 25 - Jul 22, 2024",7.6
"Currently experiencing long COVID, as a percentage of all adults",By State,South Dakota,South Dakota,"4,1","Jun 25 - Jul 22, 2024",5.8
"Currently experiencing long COVID, as a percentage of all adults",By State,Tennessee,Tennessee,"4,1","Jun 25 - Jul 22, 2024",6.2
"Currently experiencing long COVID, as a percentage of all adults",By State,Texas,Texas,"4,1","Jun 25 - Jul 22, 2024",5.1
"Currently experiencing long COVID, as a percentage of all adults",By State,Utah,Utah,"4,1","Jun 25 - Jul 22, 2024",5.4
"Currently experiencing long COVID, as a percentage of all adults",By State,Vermont,Vermont,"4,1","Jun 25 - Jul 22, 2024",6.3
"Currently experiencing long COVID, as a percentage of all adults",By State,Virginia,Virginia,"4,1","Jun 25 - Jul 22, 2024",5.0
"Currently experiencing long COVID, as a percentage of all adults",By State,Washington,Washington,"4,1","Jun 25 - Jul 22, 2024",5.9
"Currently experiencing long COVID, as a percentage of all adults",By State,West Virginia,West Virginia,"4,1","Jun 25 - Jul 22, 2024",6.4
"Currently experiencing long COVID, as a percentage of all adults",By State,Wisconsin,Wisconsin,"4,1","Jun 25 - Jul 22, 2024",4.3
"Currently experiencing long COVID, as a percentage of all adults",By State,Wyoming,Wyoming,"4,1","Jun 25 - Jul 22, 2024",3.2
"Any activity limitations from long COVID, as a percentage of adults who currently have long COVID",By Age,United States,18 - 29 years,"4,1","Jun 25 - Jul 22, 2024",81.2
"Any activity limitations from long COVID, as a percentage of adults who currently have long COVID",By Age,United States,30 - 39 years,"4,1","Jun 25 - Jul 22, 2024",82.7
"Any activity limitations from long COVID, as a percentage of adults who currently have long COVID",By Age,United States,40 - 49 years,"4,1","Jun 25 - Jul 22, 2024",84.1
"Any activity limitations from long COVID, as a percentage of adults who currently have long COVID",By Age,United States,50 - 59 years,"4,1","Jun 25 - Jul 22, 2024",78.0
"Any activity limitations from long COVID, as a percentage of adults who currently have long COVID",By Age,United States,60 - 69 years,"4,1","Jun 25 - Jul 22, 2024",74.8
"Any activity limitations from long COVID, as a percentage of adults who currently have long COVID",By Age,United States,70 - 79 years,"4,1","Jun 25 - Jul 22, 2024",72.8
"Any activity limitations from long COVID, as a percentage of adults who currently have long COVID",By Age,United States,80 years and above,"4,1","Jun 25 - Jul 22, 2024",
"Any activity limitations from long COVID, as a percentage of adults who currently have long COVID",By State,Alabama,Alabama,"4,1","Jun 25 - Jul 22, 2024",
"Any activity limitations from long COVID, as a percentage of adults who currently have long COVID",By State,Alaska,Alaska,"4,1","Jun 25 - Jul 22, 2024",
"Any activity limitations from long COVID, as a percentage of adults who currently have long COVID",By State,Arizona,Arizona,"4,1","Jun 25 - Jul 22, 2024",
"Any activity limitations from long COVID, as a percentage of adults who currently have long COVID",By State,Arkansas,Arkansas,"4,1","Jun 25 - Jul 22, 2024",
"Any activity limitations from long COVID, as a percentage of adults who currently have long COVID",By State,California,California,"4,1","Jun 25 - Jul 22, 2024",87.5
"Any activity limitations from long COVID, as a percentage of adults who currently have long COVID",By State,Colorado,Colorado,"4,1","Jun 25 - Jul 22, 2024",73.5
"Any activity limitations from long COVID, as a percentage of adults who currently have long COVID",By State,Connecticut,Connecticut,"4,1","Jun 25 - Jul 22, 2024",
"Any activity limitations from long COVID, as a percentage of adults who currently have long COVID",By State,Delaware,Delaware,"4,1","Jun 25 - Jul 22, 2024",
"Any activity limitations from long COVID, as a percentage of adults who currently have long COVID",By State,District of Columbia,District of Columbia,"4,1","Jun 25 - Jul 22, 2024",
"Any activity limitations from long COVID, as a percentage of adults who currently have long COVID",By State,Florida,Florida,"4,1","Jun 25 - Jul 22, 2024",72.6
"Any activity limitations from long COVID, as a percentage of adults who currently have long COVID",By State,Georgia,Georgia,"4,1","Jun 25 - Jul 22, 2024",87.7
"Any activity limitations from long COVID, as a percentage of adults who currently have long COVID",By State,Hawaii,Hawaii,"4,1","Jun 25 - Jul 22, 2024",
"Any activity limitations from long COVID, as a percentage of adults who currently have long COVID",By State,Idaho,Idaho,"4,1","Jun 25 - Jul 22, 2024",84.7
"Any activity limitations from long COVID, as a percentage of adults who currently have long COVID",By State,Illinois,Illinois,"4,1","Jun 25 - Jul 22, 2024",
"Any activity limitations from long COVID, as a percentage of adults who currently have long COVID",By State,Indiana,Indiana,"4,1","Jun 25 - Jul 22, 2024",
"Any activity limitations from long COVID, as a percentage of adults who currently have long COVID",By State,Iowa,Iowa,"4,1","Jun 25 - Jul 22, 2024",
"Any activity limitations from long COVID, as a percentage of adults who currently have long COVID",By State,Kansas,Kansas,"4,1","Jun 25 - Jul 22, 2024",72.6
"Any activity limitations from long COVID, as a percentage of adults who currently have long COVID",By State,Kentucky,Kentucky,"4,1","Jun 25 - Jul 22, 2024",77.8
"Any activity limitations from long COVID, as a percentage of adults who currently have long COVID",By State,Louisiana,Louisiana,"4,1","Jun 25 - Jul 22, 2024",
"Any activity limitations from long COVID, as a percentage of adults who currently have long COVID",By State,Maine,Maine,"4,1","Jun 25 - Jul 22, 2024",
"Any activity limitations from long COVID, as a percentage of adults who currently have long COVID",By State,Maryland,Maryland,"4,1","Jun 25 - Jul 22, 2024",
"Any activity limitations from long COVID, as a percentage of adults who currently have long COVID",By State,Massachusetts,Massachusetts,"4,1","Jun 25 - Jul 22, 2024",
"Any activity limitations from long COVID, as a percentage of adults who currently have long COVID",By State,Michigan,Michigan,"4,1","Jun 25 - Jul 22, 2024",
"Any activity limitations from long COVID, as a percentage of adults who currently have long COVID",By State,Minnesota,Minnesota,"4,1","Jun 25 - Jul 22, 2024",80.3
"Any activity limitations from long COVID, as a percentage of adults who currently have long COVID",By State,Mississippi,Mississippi,"4,1","Jun 25 - Jul 22, 2024",
"Any activity limitations from long COVID, as a percentage of adults who currently have long COVID",By State,Missouri,Missouri,"4,1","Jun 25 - Jul 22, 2024",
"Any activity limitations from long COVID, as a percentage of adults who currently have long COVID",By State,Montana,Montana,"4,1","Jun 25 - Jul 22, 2024",
"Any activity limitations from long COVID, as a percentage of adults who currently have long COVID",By State,Nebraska,Nebraska,"4,1","Jun 25 - Jul 22, 2024",
"Any activity limitations from long COVID, as a percentage of adults who currently have long COVID",By State,Nevada,Nevada,"4,1","Jun 25 - Jul 22, 2024",
"Any activity limitations from long COVID, as a percentage of adults who currently have long COVID",By State,New Hampshire,New Hampshire,"4,1","Jun 25 - Jul 22, 2024",
"Any activity limitations from long COVID, as a percentage of adults who currently have long COVID",By State,New Jersey,New Jersey,"4,1","Jun 25 - Jul 22, 2024",
"Any activity limitations from long COVID, as a percentage of adults who currently have long COVID",By State,New Mexico,New Mexico,"4,1","Jun 25 - Jul 22, 2024",79.5
"Any activity limitations from long COVID, as a percentage of adults who currently have long COVID",By State,New York,New York,"4,1","Jun 25 - Jul 22, 2024",
"Any activity limitations from long COVID, as a percentage of adults who currently have long COVID",By State,North Carolina,North Carolina,"4,1","Jun 25 - Jul 22, 2024",
"Any activity limitations from long COVID, as a percentage of adults who currently have long COVID",By State,North Dakota,North Dakota,"4,1","Jun 25 - Jul 22, 2024",
"Any activity limitations from long COVID, as a percentage of adults who currently have long COVID",By State,Ohio,Ohio,"4,1","Jun 25 - Jul 22, 2024",79.5
"Any activity limitations from long COVID, as a percentage of adults who currently have long COVID",By State,Oklahoma,Oklahoma,"4,1","Jun 25 - Jul 22, 2024",81.2
"Any activity limitations from long COVID, as a percentage of adults who currently have long COVID",By State,Oregon,Oregon,"4,1","Jun 25 - Jul 22, 2024",
"Any activity limitations from long COVID, as a percentage of adults who currently have long COVID",By State,Pennsylvania,Pennsylvania,"4,1","Jun 25 - Jul 22, 2024",75.3
"Any activity limitations from long COVID, as a percentage of adults who currently have long COVID",By State,Rhode Island,Rhode Island,"4,1","Jun 25 - Jul 22, 2024",
"Any activity limitations from long COVID, as a percentage of adults who currently have long COVID",By State,South Carolina,South Carolina,"4,1","Jun 25 - Jul 22, 2024",
"Any activity limitations from long COVID, as a percentage of adults who currently have long COVID",By State,South Dakota,South Dakota,"4,1","Jun 25 - Jul 22, 2024",
"Any activity limitations from long COVID, as a percentage of adults who currently have long COVID",By State,Tennessee,Tennessee,"4,1","Jun 25 - Jul 22, 2024",
"Any activity limitations from long COVID, as a percentage of adults who currently have long COVID",By State,Texas,Texas,"4,1","Jun 25 - Jul 22, 2024",75.1
"Any activity limitations from long COVID, as a percentage of adults who currently have long COVID",By State,Utah,Utah,"4,1","Jun 25 - Jul 22, 2024",68.0
"Any activity limitations from long COVID, as a percentage of adults who currently have long COVID",By State,Vermont,Vermont,"4,1","Jun 25 - Jul 22, 2024",
"Any activity limitations from long COVID, as a percentage of adults who currently have long COVID",By State,Virginia,Virginia,"4,1","Jun 25 - Jul 22, 2024",
"Any activity limitations from long COVID, as a percentage of adults who currently have long COVID",By State,Washington,Washington,"4,1","Jun 25 - Jul 22, 2024",86.5
"Any activity limitations from long COVID, as a percentage of adults who currently have long COVID",By State,West Virginia,West Virginia,"4,1","Jun 25 - Jul 22, 2024",
"Any activity limitations from long COVID, as a percentage of adults who currently have long COVID",By State,Wisconsin,Wisconsin,"4,1","Jun 25 - Jul 22, 2024",
"Any activity limitations from long COVID, as a percentage of adults who currently have long COVID",By State,Wyoming,Wyoming,"4,1","Jun 25 - Jul 22, 2024",
"Ever experienced long COVID, as a percentage of adults who ever had COVID",By Age,United States,18 - 29 years,"4,2","Jul 23 - Aug 19, 2024",29.3
"Ever experienced long COVID, as a percentage of adults who ever had COVID",By Age,United States,30 - 39 years,"4,2","Jul 23 - Aug 19, 2024",29.2
"Ever experienced long COVID, as a percentage of adults who ever had COVID",By Age,United States,40 - 49 years,"4,2","Jul 23 - Aug 19, 2024",31.2
"Ever experienced long COVID, as a percentage of adults who ever had COVID",By Age,United States,50 - 59 years,"4,2","Jul 23 - Aug 19, 2024",35.5
"Ever experienced long COVID, as a percentage of adults who ever had COVID",By Age,United States,60 - 69 years,"4,2","Jul 23 - Aug 19, 2024",27.7
"Ever experienced long COVID, as a percentage of adults who ever had COVID",By Age,United States,70 - 79 years,"4,2","Jul 23 - Aug 19, 2024",22.3
"Ever experienced long COVID, as a percentage of adults who ever had COVID",By Age,United States,80 years and above,"4,2","Jul 23 - Aug 19, 2024",18.9
"Ever experienced long COVID, as a percentage of adults who ever had COVID",By State,Alabama,Alabama,"4,2","Jul 23 - Aug 19, 2024",36.7
"Ever experienced long COVID, as a percentage of adults who ever had COVID",By State,Alaska,Alaska,"4,2","Jul 23 - Aug 19, 2024",32.5
"Ever experienced long COVID, as a percentage of adults who ever had COVID",By State,Arizona,Arizona,"4,2","Jul 23 - Aug 19, 2024",31.4
"Ever experienced long COVID, as a percentage of adults who ever had COVID",By State,Arkansas,Arkansas,"4,2","Jul 23 - Aug 19, 2024",38.4
"Ever experienced long COVID, as a percentage of adults who ever had COVID",By State,California,California,"4,2","Jul 23 - Aug 19, 2024",23.7
"Ever experienced long COVID, as a percentage of adults who ever had COVID",By State,Colorado,Colorado,"4,2","Jul 23 - Aug 19, 2024",31.0
"Ever experienced long COVID, as a percentage of adults who ever had COVID",By State,Connecticut,Connecticut,"4,2","Jul 23 - Aug 19, 2024",24.3
"Ever experienced long COVID, as a percentage of adults who ever had COVID",By State,Delaware,Delaware,"4,2","Jul 23 - Aug 19, 2024",26.8
"Ever experienced long COVID, as a percentage of adults who ever had COVID",By State,District of Columbia,District of Columbia,"4,2","Jul 23 - Aug 19, 2024",20.0
"Ever experienced long COVID, as a percentage of adults who ever had COVID",By State,Florida,Florida,"4,2","Jul 23 - Aug 19, 2024",30.6
"Ever experienced long COVID, as a percentage of adults who ever had COVID",By State,Georgia,Georgia,"4,2","Jul 23 - Aug 19, 2024",33.8
"Ever experienced long COVID, as a percentage of adults who ever had COVID",By State,Hawaii,Hawaii,"4,2","Jul 23 - Aug 19, 2024",26.4
"Ever experienced long COVID, as a percentage of adults who ever had COVID",By State,Idaho,Idaho,"4,2","Jul 23 - Aug 19, 2024",28.2
"Ever experienced long COVID, as a percentage of adults who ever had COVID",By State,Illinois,Illinois,"4,2","Jul 23 - Aug 19, 2024",31.9
"Ever experienced long COVID, as a percentage of adults who ever had COVID",By State,Indiana,Indiana,"4,2","Jul 23 - Aug 19, 2024",30.8
"Ever experienced long COVID, as a percentage of adults who ever had COVID",By State,Iowa,Iowa,"4,2","Jul 23 - Aug 19, 2024",34.8
"Ever experienced long COVID, as a percentage of adults who ever had COVID",By State,Kansas,Kansas,"4,2","Jul 23 - Aug 19, 2024",29.0
"Ever experienced long COVID, as a percentage of adults who ever had COVID",By State,Kentucky,Kentucky,"4,2","Jul 23 - Aug 19, 2024",29.5
"Ever experienced long COVID, as a percentage of adults who ever had COVID",By State,Louisiana,Louisiana,"4,2","Jul 23 - Aug 19, 2024",35.7
"Ever experienced long COVID, as a percentage of adults who ever had COVID",By State,Maine,Maine,"4,2","Jul 23 - Aug 19, 2024",25.9
"Ever experienced long COVID, as a percentage of adults who ever had COVID",By State,Maryland,Maryland,"4,2","Jul 23 - Aug 19, 2024",25.4
"Ever experienced long COVID, as a percentage of adults who ever had COVID",By State,Massachusetts,Massachusetts,"4,2","Jul 23 - Aug 19, 2024",22.7
"Ever experienced long COVID, as a percentage of adults who ever had COVID",By State,Michigan,Michigan,"4,2","Jul 23 - Aug 19, 2024",33.9
"Ever experienced long COVID, as a percentage of adults who ever had COVID",By State,Minnesota,Minnesota,"4,2","Jul 23 - Aug 19, 2024",27.8
"Ever experienced long COVID, as a percentage of adults who ever had COVID",By State,Mississippi,Mississippi,"4,2","Jul 23 - Aug 19, 2024",27.2
"Ever experienced long COVID, as a percentage of adults who ever had COVID",By State,Missouri,Missouri,"4,2","Jul 23 - Aug 19, 2024",35.8
"Ever experienced long COVID, as a percentage of adults who ever had COVID",By State,Montana,Montana,"4,2","Jul 23 - Aug 19, 2024",33.6
"Ever experienced long COVID, as a percentage of adults who ever had COVID",By State,Nebraska,Nebraska,"4,2","Jul 23 - Aug 19, 2024",29.4
"Ever experienced long COVID, as a percentage of adults who ever had COVID",By State,Nevada,Nevada,"4,2","Jul 23 - Aug 19, 2024",30.8
"Ever experienced long COVID, as a percentage of adults who ever had COVID",By State,New Hampshire,New Hampshire,"4,2","Jul 23 - Aug 19, 2024",25.3
"Ever experienced long COVID, as a percentage of adults who ever had COVID",By State,New Jersey,New Jersey,"4,2","Jul 23 - Aug 19, 2024",26.5
"Ever experienced long COVID, as a percentage of adults who ever had COVID",By State,New Mexico,New Mexico,"4,2","Jul 23 - Aug 19, 2024",38.9
"Ever experienced long COVID, as a percentage of adults who ever had COVID",By State,New York,New York,"4,2","Jul 23 - Aug 19, 2024",25.7
"Ever experienced long COVID, as a percentage of adults who ever had COVID",By State,North Carolina,North Carolina,"4,2","Jul 23 - Aug 19, 2024",29.6
"Ever experienced long COVID, as a percentage of adults who ever had COVID",By State,North Dakota,North Dakota,"4,2","Jul 23 - Aug 19, 2024",29.8
"Ever experienced long COVID, as a percentage of adults who ever had COVID",By State,Ohio,Ohio,"4,2","Jul 23 - Aug 19, 2024",32.2
"Ever experienced long COVID, as a percentage of adults who ever had COVID",By State,Oklahoma,Oklahoma,"4,2","Jul 23 - Aug 19, 2024",38.4
"Ever experienced long COVID, as a percentage of adults who ever had COVID",By State,Oregon,Oregon,"4,2","Jul 23 - Aug 19, 2024",29.6
"Ever experienced long COVID, as a percentage of adults who ever had COVID",By State,Pennsylvania,Pennsylvania,"4,2","Jul 23 - Aug 19, 2024",24.5
"Ever experienced long COVID, as a percentage of adults who ever had COVID",By State,Rhode Island,Rhode Island,"4,2","Jul 23 - Aug 19, 2024",25.6
"Ever experienced long COVID, as a percentage of adults who ever had COVID",By State,South Carolina,South Carolina,"4,2","Jul 23 - Aug 19, 2024",36.0
"Ever experienced long COVID, as a percentage of adults who ever had COVID",By State,South Dakota,South Dakota,"4,2","Jul 23 - Aug 19, 2024",42.8
"Ever experienced long COVID, as a percentage of adults who ever had COVID",By State,Tennessee,Tennessee,"4,2","Jul 23 - Aug 19, 2024",32.8
"Ever experienced long COVID, as a percentage of adults who ever had COVID",By State,Texas,Texas,"4,2","Jul 23 - Aug 19, 2024",31.8
"Ever experienced long COVID, as a percentage of adults who ever had COVID",By State,Utah,Utah,"4,2","Jul 23 - Aug 19, 2024",34.4
"Ever experienced long COVID, as a percentage of adults who ever had COVID",By State,Vermont,Vermont,"4,2","Jul 23 - Aug 19, 2024",24.5
"Ever experienced long COVID, as a percentage of adults who ever had COVID",By State,Virginia,Virginia,"4,2","Jul 23 - Aug 19, 2024",26.2
"Ever experienced long COVID, as a percentage of adults who ever had COVID",By State,Washington,Washington,"4,2","Jul 23 - Aug 19, 2024",29.3
"Ever experienced long COVID, as a percentage of adults who ever had COVID",By State,West Virginia,West Virginia,"4,2","Jul 23 - Aug 19, 2024",38.4
"Ever experienced long COVID, as a percentage of adults who ever had COVID",By State,Wisconsin,Wisconsin,"4,2","Jul 23 - Aug 19, 2024",31.8
"Ever experienced long COVID, as a percentage of adults who ever had COVID",By State,Wyoming,Wyoming,"4,2","Jul 23 - Aug 19, 2024",38.0
"Currently experiencing long COVID, as a percentage of all adults",By Age,United States,18 - 29 years,"4,2","Jul 23 - Aug 19, 2024",4.8
"Currently experiencing long COVID, as a percentage of all adults",By Age,United States,30 - 39 years,"4,2","Jul 23 - Aug 19, 2024",5.8
"Currently experiencing long COVID, as a percentage of all adults",By Age,United States,40 - 49 years,"4,2","Jul 23 - Aug 19, 2024",6.4
"Currently experiencing long COVID, as a percentage of all adults",By Age,United States,50 - 59 years,"4,2","Jul 23 - Aug 19, 2024",7.0
"Currently experiencing long COVID, as a percentage of all adults",By Age,United States,60 - 69 years,"4,2","Jul 23 - Aug 19, 2024",5.5
"Currently experiencing long COVID, as a percentage of all adults",By Age,United States,70 - 79 years,"4,2","Jul 23 - Aug 19, 2024",3.0
"Currently experiencing long COVID, as a percentage of all adults",By Age,United States,80 years and above,"4,2","Jul 23 - Aug 19, 2024",2.3
"Currently experiencing long COVID, as a percentage of all adults",By State,Alabama,Alabama,"4,2","Jul 23 - Aug 19, 2024",7.6
"Currently experiencing long COVID, as a percentage of all adults",By State,Alaska,Alaska,"4,2","Jul 23 - Aug 19, 2024",8.0
"Currently experiencing long COVID, as a percentage of all adults",By State,Arizona,Arizona,"4,2","Jul 23 - Aug 19, 2024",7.4
"Currently experiencing long COVID, as a percentage of all adults",By State,Arkansas,Arkansas,"4,2","Jul 23 - Aug 19, 2024",7.6
"Currently experiencing long COVID, as a percentage of all adults",By State,California,California,"4,2","Jul 23 - Aug 19, 2024",4.5
"Currently experiencing long COVID, as a percentage of all adults",By State,Colorado,Colorado,"4,2","Jul 23 - Aug 19, 2024",5.4
"Currently experiencing long COVID, as a percentage of all adults",By State,Connecticut,Connecticut,"4,2","Jul 23 - Aug 19, 2024",4.6
"Currently experiencing long COVID, as a percentage of all adults",By State,Delaware,Delaware,"4,2","Jul 23 - Aug 19, 2024",4.2
"Currently experiencing long COVID, as a percentage of all adults",By State,District of Columbia,District of Columbia,"4,2","Jul 23 - Aug 19, 2024",3.1
"Currently experiencing long COVID, as a percentage of all adults",By State,Florida,Florida,"4,2","Jul 23 - Aug 19, 2024",4.3
"Currently experiencing long COVID, as a percentage of all adults",By State,Georgia,Georgia,"4,2","Jul 23 - Aug 19, 2024",4.8
"Currently experiencing long COVID, as a percentage of all adults",By State,Hawaii,Hawaii,"4,2","Jul 23 - Aug 19, 2024",3.7
"Currently experiencing long COVID, as a percentage of all adults",By State,Idaho,Idaho,"4,2","Jul 23 - Aug 19, 2024",4.7
"Currently experiencing long COVID, as a percentage of all adults",By State,Illinois,Illinois,"4,2","Jul 23 - Aug 19, 2024",5.1
"Currently experiencing long COVID, as a percentage of all adults",By State,Indiana,Indiana,"4,2","Jul 23 - Aug 19, 2024",4.7
"Currently experiencing long COVID, as a percentage of all adults",By State,Iowa,Iowa,"4,2","Jul 23 - Aug 19, 2024",7.3
"Currently experiencing long COVID, as a percentage of all adults",By State,Kansas,Kansas,"4,2","Jul 23 - Aug 19, 2024",6.7
"Currently experiencing long COVID, as a percentage of all adults",By State,Kentucky,Kentucky,"4,2","Jul 23 - Aug 19, 2024",4.3
"Currently experiencing long COVID, as a percentage of all adults",By State,Louisiana,Louisiana,"4,2","Jul 23 - Aug 19, 2024",6.3
"Currently experiencing long COVID, as a percentage of all adults",By State,Maine,Maine,"4,2","Jul 23 - Aug 19, 2024",3.7
"Currently experiencing long COVID, as a percentage of all adults",By State,Maryland,Maryland,"4,2","Jul 23 - Aug 19, 2024",3.9
"Currently experiencing long COVID, as a percentage of all adults",By State,Massachusetts,Massachusetts,"4,2","Jul 23 - Aug 19, 2024",3.7
"Currently experiencing long COVID, as a percentage of all adults",By State,Michigan,Michigan,"4,2","Jul 23 - Aug 19, 2024",6.2
"Currently experiencing long COVID, as a percentage of all adults",By State,Minnesota,Minnesota,"4,2","Jul 23 - Aug 19, 2024",7.3
"Currently experiencing long COVID, as a percentage of all adults",By State,Mississippi,Mississippi,"4,2","Jul 23 - Aug 19, 2024",6.3
"Currently experiencing long COVID, as a percentage of all adults",By State,Missouri,Missouri,"4,2","Jul 23 - Aug 19, 2024",8.5
"Currently experiencing long COVID, as a percentage of all adults",By State,Montana,Montana,"4,2","Jul 23 - Aug 19, 2024",5.8
"Currently experiencing long COVID, as a percentage of all adults",By State,Nebraska,Nebraska,"4,2","Jul 23 - Aug 19, 2024",4.9
"Currently experiencing long COVID, as a percentage of all adults",By State,Nevada,Nevada,"4,2","Jul 23 - Aug 19, 2024",3.9
"Currently experiencing long COVID, as a percentage of all adults",By State,New Hampshire,New Hampshire,"4,2","Jul 23 - Aug 19, 2024",3.4
"Currently experiencing long COVID, as a percentage of all adults",By State,New Jersey,New Jersey,"4,2","Jul 23 - Aug 19, 2024",4.9
"Currently experiencing long COVID, as a percentage of all adults",By State,New Mexico,New Mexico,"4,2","Jul 23 - Aug 19, 2024",6.3
"Currently experiencing long COVID, as a percentage of all adults",By State,New York,New York,"4,2","Jul 23 - Aug 19, 2024",5.4
"Currently experiencing long COVID, as a percentage of all adults",By State,North Carolina,North Carolina,"4,2","Jul 23 - Aug 19, 2024",5.2
"Currently experiencing long COVID, as a percentage of all adults",By State,North Dakota,North Dakota,"4,2","Jul 23 - Aug 19, 2024",
"Currently experiencing long COVID, as a percentage of all adults",By State,Ohio,Ohio,"4,2","Jul 23 - Aug 19, 2024",5.6
"Currently experiencing long COVID, as a percentage of all adults",By State,Oklahoma,Oklahoma,"4,2","Jul 23 - Aug 19, 2024",9.0
"Currently experiencing long COVID, as a percentage of all adults",By State,Oregon,Oregon,"4,2","Jul 23 - Aug 19, 2024",6.9
"Currently experiencing long COVID, as a percentage of all adults",By State,Pennsylvania,Pennsylvania,"4,2","Jul 23 - Aug 19, 2024",4.8
"Currently experiencing long COVID, as a percentage of all adults",By State,Rhode Island,Rhode Island,"4,2","Jul 23 - Aug 19, 2024",
"Currently experiencing long COVID, as a percentage of all adults",By State,South Carolina,South Carolina,"4,2","Jul 23 - Aug 19, 2024",7.1
"Currently experiencing long COVID, as a percentage of all adults",By State,South Dakota,South Dakota,"4,2","Jul 23 - Aug 19, 2024",10.8
"Currently experiencing long COVID, as a percentage of all adults",By State,Tennessee,Tennessee,"4,2","Jul 23 - Aug 19, 2024",6.6
"Currently experiencing long COVID, as a percentage of all adults",By State,Texas,Texas,"4,2","Jul 23 - Aug 19, 2024",6.0
"Currently experiencing long COVID, as a percentage of all adults",By State,Utah,Utah,"4,2","Jul 23 - Aug 19, 2024",8.0
"Currently experiencing long COVID, as a percentage of all adults",By State,Vermont,Vermont,"4,2","Jul 23 - Aug 19, 2024",6.7
"Currently experiencing long COVID, as a percentage of all adults",By State,Virginia,Virginia,"4,2","Jul 23 - Aug 19, 2024",4.0
"Currently experiencing long COVID, as a percentage of all adults",By State,Washington,Washington,"4,2","Jul 23 - Aug 19, 2024",6.2
"Currently experiencing long COVID, as a percentage of all adults",By State,West Virginia,West Virginia,"4,2","Jul 23 - Aug 19, 2024",8.3
"Currently experiencing long COVID, as a percentage of all adults",By State,Wisconsin,Wisconsin,"4,2","Jul 23 - Aug 19, 2024",5.9
"Currently experiencing long COVID, as a percentage of all adults",By State,Wyoming,Wyoming,"4,2","Jul 23 - Aug 19, 2024",10.0
"Any activity limitations from long COVID, as a percentage of adults who currently have long COVID",By Age,United States,18 - 29 years,"4,2","Jul 23 - Aug 19, 2024",85.2
"Any activity limitations from long COVID, as a percentage of adults who currently have long COVID",By Age,United States,30 - 39 years,"4,2","Jul 23 - Aug 19, 2024",79.3
"Any activity limitations from long COVID, as a percentage of adults who currently have long COVID",By Age,United States,40 - 49 years,"4,2","Jul 23 - Aug 19, 2024",82.2
"Any activity limitations from long COVID, as a percentage of adults who currently have long COVID",By Age,United States,50 - 59 years,"4,2","Jul 23 - Aug 19, 2024",79.7
"Any activity limitations from long COVID, as a percentage of adults who currently have long COVID",By Age,United States,60 - 69 years,"4,2","Jul 23 - Aug 19, 2024",79.7
"Any activity limitations from long COVID, as a percentage of adults who currently have long COVID",By Age,United States,70 - 79 years,"4,2","Jul 23 - Aug 19, 2024",78.5
"Any activity limitations from long COVID, as a percentage of adults who currently have long COVID",By Age,United States,80 years and above,"4,2","Jul 23 - Aug 19, 2024",
"Any activity limitations from long COVID, as a percentage of adults who currently have long COVID",By State,Alabama,Alabama,"4,2","Jul 23 - Aug 19, 2024",
"Any activity limitations from long COVID, as a percentage of adults who currently have long COVID",By State,Alaska,Alaska,"4,2","Jul 23 - Aug 19, 2024",
"Any activity limitations from long COVID, as a percentage of adults who currently have long COVID",By State,Arizona,Arizona,"4,2","Jul 23 - Aug 19, 2024",
"Any activity limitations from long COVID, as a percentage of adults who currently have long COVID",By State,Arkansas,Arkansas,"4,2","Jul 23 - Aug 19, 2024",
"Any activity limitations from long COVID, as a percentage of adults who currently have long COVID",By State,California,California,"4,2","Jul 23 - Aug 19, 2024",82.9
"Any activity limitations from long COVID, as a percentage of adults who currently have long COVID",By State,Colorado,Colorado,"4,2","Jul 23 - Aug 19, 2024",
"Any activity limitations from long COVID, as a percentage of adults who currently have long COVID",By State,Connecticut,Connecticut,"4,2","Jul 23 - Aug 19, 2024",
"Any activity limitations from long COVID, as a percentage of adults who currently have long COVID",By State,Delaware,Delaware,"4,2","Jul 23 - Aug 19, 2024",
"Any activity limitations from long COVID, as a percentage of adults who currently have long COVID",By State,District of Columbia,District of Columbia,"4,2","Jul 23 - Aug 19, 2024",
"Any activity limitations from long COVID, as a percentage of adults who currently have long COVID",By State,Florida,Florida,"4,2","Jul 23 - Aug 19, 2024",83.9
"Any activity limitations from long COVID, as a percentage of adults who currently have long COVID",By State,Georgia,Georgia,"4,2","Jul 23 - Aug 19, 2024",
"Any activity limitations from long COVID, as a percentage of adults who currently have long COVID",By State,Hawaii,Hawaii,"4,2","Jul 23 - Aug 19, 2024",
"Any activity limitations from long COVID, as a percentage of adults who currently have long COVID",By State,Idaho,Idaho,"4,2","Jul 23 - Aug 19, 2024",75.9
"Any activity limitations from long COVID, as a percentage of adults who currently have long COVID",By State,Illinois,Illinois,"4,2","Jul 23 - Aug 19, 2024",
"Any activity limitations from long COVID, as a percentage of adults who currently have long COVID",By State,Indiana,Indiana,"4,2","Jul 23 - Aug 19, 2024",81.5
"Any activity limitations from long COVID, as a percentage of adults who currently have long COVID",By State,Iowa,Iowa,"4,2","Jul 23 - Aug 19, 2024",
"Any activity limitations from long COVID, as a percentage of adults who currently have long COVID",By State,Kansas,Kansas,"4,2","Jul 23 - Aug 19, 2024",78.8
"Any activity limitations from long COVID, as a percentage of adults who currently have long COVID",By State,Kentucky,Kentucky,"4,2","Jul 23 - Aug 19, 2024",
"Any activity limitations from long COVID, as a percentage of adults who currently have long COVID",By State,Louisiana,Louisiana,"4,2","Jul 23 - Aug 19, 2024",
"Any activity limitations from long COVID, as a percentage of adults who currently have long COVID",By State,Maine,Maine,"4,2","Jul 23 - Aug 19, 2024",
"Any activity limitations from long COVID, as a percentage of adults who currently have long COVID",By State,Maryland,Maryland,"4,2","Jul 23 - Aug 19, 2024",
"Any activity limitations from long COVID, as a percentage of adults who currently have long COVID",By State,Massachusetts,Massachusetts,"4,2","Jul 23 - Aug 19, 2024",
"Any activity limitations from long COVID, as a percentage of adults who currently have long COVID",By State,Michigan,Michigan,"4,2","Jul 23 - Aug 19, 2024",76.3
"Any activity limitations from long COVID, as a percentage of adults who currently have long COVID",By State,Minnesota,Minnesota,"4,2","Jul 23 - Aug 19, 2024",
"Any activity limitations from long COVID, as a percentage of adults who currently have long COVID",By State,Mississippi,Mississippi,"4,2","Jul 23 - Aug 19, 2024",
"Any activity limitations from long COVID, as a percentage of adults who currently have long COVID",By State,Missouri,Missouri,"4,2","Jul 23 - Aug 19, 2024",
"Any activity limitations from long COVID, as a percentage of adults who currently have long COVID",By State,Montana,Montana,"4,2","Jul 23 - Aug 19, 2024",
"Any activity limitations from long COVID, as a percentage of adults who currently have long COVID",By State,Nebraska,Nebraska,"4,2","Jul 23 - Aug 19, 2024",
"Any activity limitations from long COVID, as a percentage of adults who currently have long COVID",By State,Nevada,Nevada,"4,2","Jul 23 - Aug 19, 2024",
"Any activity limitations from long COVID, as a percentage of adults who currently have long COVID",By State,New Hampshire,New Hampshire,"4,2","Jul 23 - Aug 19, 2024",
"Any activity limitations from long COVID, as a percentage of adults who currently have long COVID",By State,New Jersey,New Jersey,"4,2","Jul 23 - Aug 19, 2024",
"Any activity limitations from long COVID, as a percentage of adults who currently have long COVID",By State,New Mexico,New Mexico,"4,2","Jul 23 - Aug 19, 2024",
"Any activity limitations from long COVID, as a percentage of adults who currently have long COVID",By State,New York,New York,"4,2","Jul 23 - Aug 19, 2024",
"Any activity limitations from long COVID, as a percentage of adults who currently have long COVID",By State,North Carolina,North Carolina,"4,2","Jul 23 - Aug 19, 2024",
"Any activity limitations from long COVID, as a percentage of adults who currently have long COVID",By State,North Dakota,North Dakota,"4,2","Jul 23 - Aug 19, 2024",
"Any activity limitations from long COVID, as a percentage of adults who currently have long COVID",By State,Ohio,Ohio,"4,2","Jul 23 - Aug 19, 2024",82.8
"Any activity limitations from long COVID, as a percentage of adults who currently have long COVID",By State,Oklahoma,Oklahoma,"4,2","Jul 23 - Aug 19, 2024",
"Any activity limitations from long COVID, as a percentage of adults who currently have long COVID",By State,Oregon,Oregon,"4,2","Jul 23 - Aug 19, 2024",
"Any activity limitations from long COVID, as a percentage of adults who currently have long COVID",By State,Pennsylvania,Pennsylvania,"4,2","Jul 23 - Aug 19, 2024",
"Any activity limitations from long COVID, as a percentage of adults who currently have long COVID",By State,Rhode Island,Rhode Island,"4,2","Jul 23 - Aug 19, 2024",
"Any activity limitations from long COVID, as a percentage of adults who currently have long COVID",By State,South Carolina,South Carolina,"4,2","Jul 23 - Aug 19, 2024",
"Any activity limitations from long COVID, as a percentage of adults who currently have long COVID",By State,South Dakota,South Dakota,"4,2","Jul 23 - Aug 19, 2024",
"Any activity limitations from long COVID, as a percentage of adults who currently have long COVID",By State,Tennessee,Tennessee,"4,2","Jul 23 - Aug 19, 2024",
"Any activity limitations from long COVID, as a percentage of adults who currently have long COVID",By State,Texas,Texas,"4,2","Jul 23 - Aug 19, 2024",83.1
"Any activity limitations from long COVID, as a percentage of adults who currently have long COVID",By State,Utah,Utah,"4,2","Jul 23 - Aug 19, 2024",
"Any activity limitations from long COVID, as a percentage of adults who currently have long COVID",By State,Vermont,Vermont,"4,2","Jul 23 - Aug 19, 2024",
"Any activity limitations from long COVID, as a percentage of adults who currently have long COVID",By State,Virginia,Virginia,"4,2","Jul 23 - Aug 19, 2024",80.1
"Any activity limitations from long COVID, as a percentage of adults who currently have long COVID",By State,Washington,Washington,"4,2","Jul 23 - Aug 19, 2024",86.4
"Any activity limitations from long COVID, as a percentage of adults who currently have long COVID",By State,West Virginia,West Virginia,"4,2","Jul 23 - Aug 19, 2024",
"Any activity limitations from long COVID, as a percentage of adults who currently have long COVID",By State,Wisconsin,Wisconsin,"4,2","Jul 23 - Aug 19, 2024",
"Any activity limitations from long COVID, as a percentage of adults who currently have long COVID",By State,Wyoming,Wyoming,"4,2","Jul 23 - Aug 19, 2024",
"Ever experienced long COVID, as a percentage of adults who ever had COVID",By Age,United States,18 - 29 years,"4,2","Aug 20 - Sep 16, 2024",28.6
"Ever experienced long COVID, as a percentage of adults who ever had COVID",By Age,United States,30 - 39 years,"4,2","Aug 20 - Sep 16, 2024",27.7
"Ever experienced long COVID, as a percentage of adults who ever had COVID",By Age,United States,40 - 49 years,"4,2","Aug 20 - Sep 16, 2024",34.2
"Ever experienced long COVID, as a percentage of adults who ever had COVID",By Age,United States,50 - 59 years,"4,2","Aug 20 - Sep 16, 2024",35.0
"Ever experienced long COVID, as a percentage of adults who ever had COVID",By Age,United States,60 - 69 years,"4,2","Aug 20 - Sep 16, 2024",26.9
"Ever experienced long COVID, as a percentage of adults who ever had COVID",By Age,United States,70 - 79 years,"4,2","Aug 20 - Sep 16, 2024",23.2
"Ever experienced long COVID, as a percentage of adults who ever had COVID",By Age,United States,80 years and above,"4,2","Aug 20 - Sep 16, 2024",28.9
"Ever experienced long COVID, as a percentage of adults who ever had COVID",By State,Alabama,Alabama,"4,2","Aug 20 - Sep 16, 2024",33.0
"Ever experienced long COVID, as a percentage of adults who ever had COVID",By State,Alaska,Alaska,"4,2","Aug 20 - Sep 16, 2024",35.0
"Ever experienced long COVID, as a percentage of adults who ever had COVID",By State,Arizona,Arizona,"4,2","Aug 20 - Sep 16, 2024",29.0
"Ever experienced long COVID, as a percentage of adults who ever had COVID",By State,Arkansas,Arkansas,"4,2","Aug 20 - Sep 16, 2024",34.7
"Ever experienced long COVID, as a percentage of adults who ever had COVID",By State,California,California,"4,2","Aug 20 - Sep 16, 2024",29.6
"Ever experienced long COVID, as a percentage of adults who ever had COVID",By State,Colorado,Colorado,"4,2","Aug 20 - Sep 16, 2024",30.6
"Ever experienced long COVID, as a percentage of adults who ever had COVID",By State,Connecticut,Connecticut,"4,2","Aug 20 - Sep 16, 2024",28.8
"Ever experienced long COVID, as a percentage of adults who ever had COVID",By State,Delaware,Delaware,"4,2","Aug 20 - Sep 16, 2024",28.0
"Ever experienced long COVID, as a percentage of adults who ever had COVID",By State,District of Columbia,District of Columbia,"4,2","Aug 20 - Sep 16, 2024",25.5
"Ever experienced long COVID, as a percentage of adults who ever had COVID",By State,Florida,Florida,"4,2","Aug 20 - Sep 16, 2024",32.0
"Ever experienced long COVID, as a percentage of adults who ever had COVID",By State,Georgia,Georgia,"4,2","Aug 20 - Sep 16, 2024",33.7
"Ever experienced long COVID, as a percentage of adults who ever had COVID",By State,Hawaii,Hawaii,"4,2","Aug 20 - Sep 16, 2024",23.3
"Ever experienced long COVID, as a percentage of adults who ever had COVID",By State,Idaho,Idaho,"4,2","Aug 20 - Sep 16, 2024",37.5
"Ever experienced long COVID, as a percentage of adults who ever had COVID",By State,Illinois,Illinois,"4,2","Aug 20 - Sep 16, 2024",22.5
"Ever experienced long COVID, as a percentage of adults who ever had COVID",By State,Indiana,Indiana,"4,2","Aug 20 - Sep 16, 2024",36.2
"Ever experienced long COVID, as a percentage of adults who ever had COVID",By State,Iowa,Iowa,"4,2","Aug 20 - Sep 16, 2024",29.9
"Ever experienced long COVID, as a percentage of adults who ever had COVID",By State,Kansas,Kansas,"4,2","Aug 20 - Sep 16, 2024",27.3
"Ever experienced long COVID, as a percentage of adults who ever had COVID",By State,Kentucky,Kentucky,"4,2","Aug 20 - Sep 16, 2024",32.8
"Ever experienced long COVID, as a percentage of adults who ever had COVID",By State,Louisiana,Louisiana,"4,2","Aug 20 - Sep 16, 2024",33.5
"Ever experienced long COVID, as a percentage of adults who ever had COVID",By State,Maine,Maine,"4,2","Aug 20 - Sep 16, 2024",29.5
"Ever experienced long COVID, as a percentage of adults who ever had COVID",By State,Maryland,Maryland,"4,2","Aug 20 - Sep 16, 2024",26.1
"Ever experienced long COVID, as a percentage of adults who ever had COVID",By State,Massachusetts,Massachusetts,"4,2","Aug 20 - Sep 16, 2024",21.3
"Ever experienced long COVID, as a percentage of adults who ever had COVID",By State,Michigan,Michigan,"4,2","Aug 20 - Sep 16, 2024",34.3
"Ever experienced long COVID, as a percentage of adults who ever had COVID",By State,Minnesota,Minnesota,"4,2","Aug 20 - Sep 16, 2024",25.5
"Ever experienced long COVID, as a percentage of adults who ever had COVID",By State,Mississippi,Mississippi,"4,2","Aug 20 - Sep 16, 2024",37.9
"Ever experienced long COVID, as a percentage of adults who ever had COVID",By State,Missouri,Missouri,"4,2","Aug 20 - Sep 16, 2024",33.7
"Ever experienced long COVID, as a percentage of adults who ever had COVID",By State,Montana,Montana,"4,2","Aug 20 - Sep 16, 2024",30.3
"Ever experienced long COVID, as a percentage of adults who ever had COVID",By State,Nebraska,Nebraska,"4,2","Aug 20 - Sep 16, 2024",33.3
"Ever experienced long COVID, as a percentage of adults who ever had COVID",By State,Nevada,Nevada,"4,2","Aug 20 - Sep 16, 2024",34.2
"Ever experienced long COVID, as a percentage of adults who ever had COVID",By State,New Hampshire,New Hampshire,"4,2","Aug 20 - Sep 16, 2024",28.0
"Ever experienced long COVID, as a percentage of adults who ever had COVID",By State,New Jersey,New Jersey,"4,2","Aug 20 - Sep 16, 2024",22.7
"Ever experienced long COVID, as a percentage of adults who ever had COVID",By State,New Mexico,New Mexico,"4,2","Aug 20 - Sep 16, 2024",35.2
"Ever experienced long COVID, as a percentage of adults who ever had COVID",By State,New York,New York,"4,2","Aug 20 - Sep 16, 2024",23.3
"Ever experienced long COVID, as a percentage of adults who ever had COVID",By State,North Carolina,North Carolina,"4,2","Aug 20 - Sep 16, 2024",29.4
"Ever experienced long COVID, as a percentage of adults who ever had COVID",By State,North Dakota,North Dakota,"4,2","Aug 20 - Sep 16, 2024",37.8
"Ever experienced long COVID, as a percentage of adults who ever had COVID",By State,Ohio,Ohio,"4,2","Aug 20 - Sep 16, 2024",32.4
"Ever experienced long COVID, as a percentage of adults who ever had COVID",By State,Oklahoma,Oklahoma,"4,2","Aug 20 - Sep 16, 2024",38.9
"Ever experienced long COVID, as a percentage of adults who ever had COVID",By State,Oregon,Oregon,"4,2","Aug 20 - Sep 16, 2024",30.8
"Ever experienced long COVID, as a percentage of adults who ever had COVID",By State,Pennsylvania,Pennsylvania,"4,2","Aug 20 - Sep 16, 2024",29.9
"Ever experienced long COVID, as a percentage of adults who ever had COVID",By State,Rhode Island,Rhode Island,"4,2","Aug 20 - Sep 16, 2024",25.6
"Ever experienced long COVID, as a percentage of adults who ever had COVID",By State,South Carolina,South Carolina,"4,2","Aug 20 - Sep 16, 2024",31.1
"Ever experienced long COVID, as a percentage of adults who ever had COVID",By State,South Dakota,South Dakota,"4,2","Aug 20 - Sep 16, 2024",30.3
"Ever experienced long COVID, as a percentage of adults who ever had COVID",By State,Tennessee,Tennessee,"4,2","Aug 20 - Sep 16, 2024",35.5
"Ever experienced long COVID, as a percentage of adults who ever had COVID",By State,Texas,Texas,"4,2","Aug 20 - Sep 16, 2024",31.4
"Ever experienced long COVID, as a percentage of adults who ever had COVID",By State,Utah,Utah,"4,2","Aug 20 - Sep 16, 2024",36.9
"Ever experienced long COVID, as a percentage of adults who ever had COVID",By State,Vermont,Vermont,"4,2","Aug 20 - Sep 16, 2024",14.9
"Ever experienced long COVID, as a percentage of adults who ever had COVID",By State,Virginia,Virginia,"4,2","Aug 20 - Sep 16, 2024",26.9
"Ever experienced long COVID, as a percentage of adults who ever had COVID",By State,Washington,Washington,"4,2","Aug 20 - Sep 16, 2024",27.1
"Ever experienced long COVID, as a percentage of adults who ever had COVID",By State,West Virginia,West Virginia,"4,2","Aug 20 - Sep 16, 2024",33.8
"Ever experienced long COVID, as a percentage of adults who ever had COVID",By State,Wisconsin,Wisconsin,"4,2","Aug 20 - Sep 16, 2024",25.6
"Ever experienced long COVID, as a percentage of adults who ever had COVID",By State,Wyoming,Wyoming,"4,2","Aug 20 - Sep 16, 2024",35.8
"Currently experiencing long COVID, as a percentage of all adults",By Age,United States,18 - 29 years,"4,2","Aug 20 - Sep 16, 2024",5.2
"Currently experiencing long COVID, as a percentage of all adults",By Age,United States,30 - 39 years,"4,2","Aug 20 - Sep 16, 2024",4.6
"Currently experiencing long COVID, as a percentage of all adults",By Age,United States,40 - 49 years,"4,2","Aug 20 - Sep 16, 2024",7.0
"Currently experiencing long COVID, as a percentage of all adults",By Age,United States,50 - 59 years,"4,2","Aug 20 - Sep 16, 2024",6.6
"Currently experiencing long COVID, as a percentage of all adults",By Age,United States,60 - 69 years,"4,2","Aug 20 - Sep 16, 2024",4.7
"Currently experiencing long COVID, as a percentage of all adults",By Age,United States,70 - 79 years,"4,2","Aug 20 - Sep 16, 2024",3.1
"Currently experiencing long COVID, as a percentage of all adults",By Age,United States,80 years and above,"4,2","Aug 20 - Sep 16, 2024",4.8
"Currently experiencing long COVID, as a percentage of all adults",By State,Alabama,Alabama,"4,2","Aug 20 - Sep 16, 2024",7.0
"Currently experiencing long COVID, as a percentage of all adults",By State,Alaska,Alaska,"4,2","Aug 20 - Sep 16, 2024",
"Currently experiencing long COVID, as a percentage of all adults",By State,Arizona,Arizona,"4,2","Aug 20 - Sep 16, 2024",5.2
"Currently experiencing long COVID, as a percentage of all adults",By State,Arkansas,Arkansas,"4,2","Aug 20 - Sep 16, 2024",6.7
"Currently experiencing long COVID, as a percentage of all adults",By State,California,California,"4,2","Aug 20 - Sep 16, 2024",3.8
"Currently experiencing long COVID, as a percentage of all adults",By State,Colorado,Colorado,"4,2","Aug 20 - Sep 16, 2024",7.6
"Currently experiencing long COVID, as a percentage of all adults",By State,Connecticut,Connecticut,"4,2","Aug 20 - Sep 16, 2024",7.5
"Currently experiencing long COVID, as a percentage of all adults",By State,Delaware,Delaware,"4,2","Aug 20 - Sep 16, 2024",
"Currently experiencing long COVID, as a percentage of all adults",By State,District of Columbia,District of Columbia,"4,2","Aug 20 - Sep 16, 2024",
"Currently experiencing long COVID, as a percentage of all adults",By State,Florida,Florida,"4,2","Aug 20 - Sep 16, 2024",5.9
"Currently experiencing long COVID, as a percentage of all adults",By State,Georgia,Georgia,"4,2","Aug 20 - Sep 16, 2024",4.2
"Currently experiencing long COVID, as a percentage of all adults",By State,Hawaii,Hawaii,"4,2","Aug 20 - Sep 16, 2024",
"Currently experiencing long COVID, as a percentage of all adults",By State,Idaho,Idaho,"4,2","Aug 20 - Sep 16, 2024",4.8
"Currently experiencing long COVID, as a percentage of all adults",By State,Illinois,Illinois,"4,2","Aug 20 - Sep 16, 2024",2.6
"Currently experiencing long COVID, as a percentage of all adults",By State,Indiana,Indiana,"4,2","Aug 20 - Sep 16, 2024",6.0
"Currently experiencing long COVID, as a percentage of all adults",By State,Iowa,Iowa,"4,2","Aug 20 - Sep 16, 2024",4.7
"Currently experiencing long COVID, as a percentage of all adults",By State,Kansas,Kansas,"4,2","Aug 20 - Sep 16, 2024",4.3
"Currently experiencing long COVID, as a percentage of all adults",By State,Kentucky,Kentucky,"4,2","Aug 20 - Sep 16, 2024",5.9
"Currently experiencing long COVID, as a percentage of all adults",By State,Louisiana,Louisiana,"4,2","Aug 20 - Sep 16, 2024",5.1
"Currently experiencing long COVID, as a percentage of all adults",By State,Maine,Maine,"4,2","Aug 20 - Sep 16, 2024",6.7
"Currently experiencing long COVID, as a percentage of all adults",By State,Maryland,Maryland,"4,2","Aug 20 - Sep 16, 2024",5.1
"Currently experiencing long COVID, as a percentage of all adults",By State,Massachusetts,Massachusetts,"4,2","Aug 20 - Sep 16, 2024",3.9
"Currently experiencing long COVID, as a percentage of all adults",By State,Michigan,Michigan,"4,2","Aug 20 - Sep 16, 2024",7.5
"Currently experiencing long COVID, as a percentage of all adults",By State,Minnesota,Minnesota,"4,2","Aug 20 - Sep 16, 2024",4.7
"Currently experiencing long COVID, as a percentage of all adults",By State,Mississippi,Mississippi,"4,2","Aug 20 - Sep 16, 2024",10.4
"Currently experiencing long COVID, as a percentage of all adults",By State,Missouri,Missouri,"4,2","Aug 20 - Sep 16, 2024",6.3
"Currently experiencing long COVID, as a percentage of all adults",By State,Montana,Montana,"4,2","Aug 20 - Sep 16, 2024",5.9
"Currently experiencing long COVID, as a percentage of all adults",By State,Nebraska,Nebraska,"4,2","Aug 20 - Sep 16, 2024",6.2
"Currently experiencing long COVID, as a percentage of all adults",By State,Nevada,Nevada,"4,2","Aug 20 - Sep 16, 2024",6.0
"Currently experiencing long COVID, as a percentage of all adults",By State,New Hampshire,New Hampshire,"4,2","Aug 20 - Sep 16, 2024",7.2
"Currently experiencing long COVID, as a percentage of all adults",By State,New Jersey,New Jersey,"4,2","Aug 20 - Sep 16, 2024",3.0
"Currently experiencing long COVID, as a percentage of all adults",By State,New Mexico,New Mexico,"4,2","Aug 20 - Sep 16, 2024",6.7
"Currently experiencing long COVID, as a percentage of all adults",By State,New York,New York,"4,2","Aug 20 - Sep 16, 2024",4.7
"Currently experiencing long COVID, as a percentage of all adults",By State,North Carolina,North Carolina,"4,2","Aug 20 - Sep 16, 2024",6.2
"Currently experiencing long COVID, as a percentage of all adults",By State,North Dakota,North Dakota,"4,2","Aug 20 - Sep 16, 2024",7.3
"Currently experiencing long COVID, as a percentage of all adults",By State,Ohio,Ohio,"4,2","Aug 20 - Sep 16, 2024",4.8
"Currently experiencing long COVID, as a percentage of all adults",By State,Oklahoma,Oklahoma,"4,2","Aug 20 - Sep 16, 2024",7.5
"Currently experiencing long COVID, as a percentage of all adults",By State,Oregon,Oregon,"4,2","Aug 20 - Sep 16, 2024",6.1
"Currently experiencing long COVID, as a percentage of all adults",By State,Pennsylvania,Pennsylvania,"4,2","Aug 20 - Sep 16, 2024",5.9
"Currently experiencing long COVID, as a percentage of all adults",By State,Rhode Island,Rhode Island,"4,2","Aug 20 - Sep 16, 2024",6.1
"Currently experiencing long COVID, as a percentage of all adults",By State,South Carolina,South Carolina,"4,2","Aug 20 - Sep 16, 2024",4.6
"Currently experiencing long COVID, as a percentage of all adults",By State,South Dakota,South Dakota,"4,2","Aug 20 - Sep 16, 2024",
"Currently experiencing long COVID, as a percentage of all adults",By State,Tennessee,Tennessee,"4,2","Aug 20 - Sep 16, 2024",5.7
"Currently experiencing long COVID, as a percentage of all adults",By State,Texas,Texas,"4,2","Aug 20 - Sep 16, 2024",5.8
"Currently experiencing long COVID, as a percentage of all adults",By State,Utah,Utah,"4,2","Aug 20 - Sep 16, 2024",7.2
"Currently experiencing long COVID, as a percentage of all adults",By State,Vermont,Vermont,"4,2","Aug 20 - Sep 16, 2024",3.5
"Currently experiencing long COVID, as a percentage of all adults",By State,Virginia,Virginia,"4,2","Aug 20 - Sep 16, 2024",4.8
"Currently experiencing long COVID, as a percentage of all adults",By State,Washington,Washington,"4,2","Aug 20 - Sep 16, 2024",6.2
"Currently experiencing long COVID, as a percentage of all adults",By State,West Virginia,West Virginia,"4,2","Aug 20 - Sep 16, 2024",3.4
"Currently experiencing long COVID, as a percentage of all adults",By State,Wisconsin,Wisconsin,"4,2","Aug 20 - Sep 16, 2024",4.7
"Currently experiencing long COVID, as a percentage of all adults",By State,Wyoming,Wyoming,"4,2","Aug 20 - Sep 16, 2024",
"Any activity limitations from long COVID, as a percentage of adults who currently have long COVID",By Age,United States,18 - 29 years,"4,2","Aug 20 - Sep 16, 2024",85.1
"Any activity limitations from long COVID, as a percentage of adults who currently have long COVID",By Age,United States,30 - 39 years,"4,2","Aug 20 - Sep 16, 2024",76.5
"Any activity limitations from long COVID, as a percentage of adults who currently have long COVID",By Age,United States,40 - 49 years,"4,2","Aug 20 - Sep 16, 2024",84.2
"Any activity limitations from long COVID, as a percentage of adults who currently have long COVID",By Age,United States,50 - 59 years,"4,2","Aug 20 - Sep 16, 2024",82.0
"Any activity limitations from long COVID, as a percentage of adults who currently have long COVID",By Age,United States,60 - 69 years,"4,2","Aug 20 - Sep 16, 2024",76.7
"Any activity limitations from long COVID, as a percentage of adults who currently have long COVID",By Age,United States,70 - 79 years,"4,2","Aug 20 - Sep 16, 2024",67.7
"Any activity limitations from long COVID, as a percentage of adults who currently have long COVID",By Age,United States,80 years and above,"4,2","Aug 20 - Sep 16, 2024",
"Any activity limitations from long COVID, as a percentage of adults who currently have long COVID",By State,Alabama,Alabama,"4,2","Aug 20 - Sep 16, 2024",
"Any activity limitations from long COVID, as a percentage of adults who currently have long COVID",By State,Alaska,Alaska,"4,2","Aug 20 - Sep 16, 2024",
"Any activity limitations from long COVID, as a percentage of adults who currently have long COVID",By State,Arizona,Arizona,"4,2","Aug 20 - Sep 16, 2024",
"Any activity limitations from long COVID, as a percentage of adults who currently have long COVID",By State,Arkansas,Arkansas,"4,2","Aug 20 - Sep 16, 2024",
"Any activity limitations from long COVID, as a percentage of adults who currently have long COVID",By State,California,California,"4,2","Aug 20 - Sep 16, 2024",77.9
"Any activity limitations from long COVID, as a percentage of adults who currently have long COVID",By State,Colorado,Colorado,"4,2","Aug 20 - Sep 16, 2024",
"Any activity limitations from long COVID, as a percentage of adults who currently have long COVID",By State,Connecticut,Connecticut,"4,2","Aug 20 - Sep 16, 2024",
"Any activity limitations from long COVID, as a percentage of adults who currently have long COVID",By State,Delaware,Delaware,"4,2","Aug 20 - Sep 16, 2024",
"Any activity limitations from long COVID, as a percentage of adults who currently have long COVID",By State,District of Columbia,District of Columbia,"4,2","Aug 20 - Sep 16, 2024",
"Any activity limitations from long COVID, as a percentage of adults who currently have long COVID",By State,Florida,Florida,"4,2","Aug 20 - Sep 16, 2024",86.3
"Any activity limitations from long COVID, as a percentage of adults who currently have long COVID",By State,Georgia,Georgia,"4,2","Aug 20 - Sep 16, 2024",76.7
"Any activity limitations from long COVID, as a percentage of adults who currently have long COVID",By State,Hawaii,Hawaii,"4,2","Aug 20 - Sep 16, 2024",
"Any activity limitations from long COVID, as a percentage of adults who currently have long COVID",By State,Idaho,Idaho,"4,2","Aug 20 - Sep 16, 2024",
"Any activity limitations from long COVID, as a percentage of adults who currently have long COVID",By State,Illinois,Illinois,"4,2","Aug 20 - Sep 16, 2024",
"Any activity limitations from long COVID, as a percentage of adults who currently have long COVID",By State,Indiana,Indiana,"4,2","Aug 20 - Sep 16, 2024",77.7
"Any activity limitations from long COVID, as a percentage of adults who currently have long COVID",By State,Iowa,Iowa,"4,2","Aug 20 - Sep 16, 2024",
"Any activity limitations from long COVID, as a percentage of adults who currently have long COVID",By State,Kansas,Kansas,"4,2","Aug 20 - Sep 16, 2024",
"Any activity limitations from long COVID, as a percentage of adults who currently have long COVID",By State,Kentucky,Kentucky,"4,2","Aug 20 - Sep 16, 2024",
"Any activity limitations from long COVID, as a percentage of adults who currently have long COVID",By State,Louisiana,Louisiana,"4,2","Aug 20 - Sep 16, 2024",
"Any activity limitations from long COVID, as a percentage of adults who currently have long COVID",By State,Maine,Maine,"4,2","Aug 20 - Sep 16, 2024",
"Any activity limitations from long COVID, as a percentage of adults who currently have long COVID",By State,Maryland,Maryland,"4,2","Aug 20 - Sep 16, 2024",
"Any activity limitations from long COVID, as a percentage of adults who currently have long COVID",By State,Massachusetts,Massachusetts,"4,2","Aug 20 - Sep 16, 2024",77.8
"Any activity limitations from long COVID, as a percentage of adults who currently have long COVID",By State,Michigan,Michigan,"4,2","Aug 20 - Sep 16, 2024",
"Any activity limitations from long COVID, as a percentage of adults who currently have long COVID",By State,Minnesota,Minnesota,"4,2","Aug 20 - Sep 16, 2024",
"Any activity limitations from long COVID, as a percentage of adults who currently have long COVID",By State,Mississippi,Mississippi,"4,2","Aug 20 - Sep 16, 2024",
"Any activity limitations from long COVID, as a percentage of adults who currently have long COVID",By State,Missouri,Missouri,"4,2","Aug 20 - Sep 16, 2024",
"Any activity limitations from long COVID, as a percentage of adults who currently have long COVID",By State,Montana,Montana,"4,2","Aug 20 - Sep 16, 2024",
"Any activity limitations from long COVID, as a percentage of adults who currently have long COVID",By State,Nebraska,Nebraska,"4,2","Aug 20 - Sep 16, 2024",
"Any activity limitations from long COVID, as a percentage of adults who currently have long COVID",By State,Nevada,Nevada,"4,2","Aug 20 - Sep 16, 2024",
"Any activity limitations from long COVID, as a percentage of adults who currently have long COVID",By State,New Hampshire,New Hampshire,"4,2","Aug 20 - Sep 16, 2024",
"Any activity limitations from long COVID, as a percentage of adults who currently have long COVID",By State,New Jersey,New Jersey,"4,2","Aug 20 - Sep 16, 2024",
"Any activity limitations from long COVID, as a percentage of adults who currently have long COVID",By State,New Mexico,New Mexico,"4,2","Aug 20 - Sep 16, 2024",
"Any activity limitations from long COVID, as a percentage of adults who currently have long COVID",By State,New York,New York,"4,2","Aug 20 - Sep 16, 2024",
"Any activity limitations from long COVID, as a percentage of adults who currently have long COVID",By State,North Carolina,North Carolina,"4,2","Aug 20 - Sep 16, 2024",
"Any activity limitations from long COVID, as a percentage of adults who currently have long COVID",By State,North Dakota,North Dakota,"4,2","Aug 20 - Sep 16, 2024",
"Any activity limitations from long COVID, as a percentage of adults who currently have long COVID",By State,Ohio,Ohio,"4,2","Aug 20 - Sep 16, 2024",
"Any activity limitations from long COVID, as a percentage of adults who currently have long COVID",By State,Oklahoma,Oklahoma,"4,2","Aug 20 - Sep 16, 2024",82.5
"Any activity limitations from long COVID, as a percentage of adults who currently have long COVID",By State,Oregon,Oregon,"4,2","Aug 20 - Sep 16, 2024",83.9
"Any activity limitations from long COVID, as a percentage of adults who currently have long COVID",By State,Pennsylvania,Pennsylvania,"4,2","Aug 20 - Sep 16, 2024",
"Any activity limitations from long COVID, as a percentage of adults who currently have long COVID",By State,Rhode Island,Rhode Island,"4,2","Aug 20 - Sep 16, 2024",
"Any activity limitations from long COVID, as a percentage of adults who currently have long COVID",By State,South Carolina,South Carolina,"4,2","Aug 20 - Sep 16, 2024",
"Any activity limitations from long COVID, as a percentage of adults who currently have long COVID",By State,South Dakota,South Dakota,"4,2","Aug 20 - Sep 16, 2024",
"Any activity limitations from long COVID, as a percentage of adults who currently have long COVID",By State,Tennessee,Tennessee,"4,2","Aug 20 - Sep 16, 2024",
"Any activity limitations from long COVID, as a percentage of adults who currently have long COVID",By State,Texas,Texas,"4,2","Aug 20 - Sep 16, 2024",
"Any activity limitations from long COVID, as a percentage of adults who currently have long COVID",By State,Utah,Utah,"4,2","Aug 20 - Sep 16, 2024",
"Any activity limitations from long COVID, as a percentage of adults who currently have long COVID",By State,Vermont,Vermont,"4,2","Aug 20 - Sep 16, 2024",
"Any activity limitations from long COVID, as a percentage of adults who currently have long COVID",By State,Virginia,Virginia,"4,2","Aug 20 - Sep 16, 2024",
"Any activity limitations from long COVID, as a percentage of adults who currently have long COVID",By State,Washington,Washington,"4,2","Aug 20 - Sep 16, 2024",80.0
"Any activity limitations from long COVID, as a percentage of adults who currently have long COVID",By State,West Virginia,West Virginia,"4,2","Aug 20 - Sep 16, 2024",
"Any activity limitations from long COVID, as a percentage of adults who currently have long COVID",By State,Wisconsin,Wisconsin,"4,2","Aug 20 - Sep 16, 2024",
"Any activity limitations from long COVID, as a percentage of adults who currently have long COVID",By State,Wyoming,Wyoming,"4,2","Aug 20 - Sep 16, 2024",
